{
  "dataset_revision": "95c8db7d4a6e9c1d8a60601afd63d553ae20a2eb",
  "dev": {
    "evaluation_time": 225.7,
    "map_at_1": 0.16501,
    "map_at_10": 0.36777,
    "map_at_100": 0.42744,
    "map_at_1000": 0.42914,
    "map_at_20": 0.40092,
    "map_at_3": 0.27701,
    "map_at_5": 0.31609,
    "mrr_at_1": 0.54938,
    "mrr_at_10": 0.65705,
    "mrr_at_100": 0.66247,
    "mrr_at_1000": 0.66252,
    "mrr_at_20": 0.66096,
    "mrr_at_3": 0.63066,
    "mrr_at_5": 0.64771,
    "ndcg_at_1": 0.54938,
    "ndcg_at_10": 0.49121,
    "ndcg_at_100": 0.62969,
    "ndcg_at_1000": 0.64238,
    "ndcg_at_20": 0.55118,
    "ndcg_at_3": 0.47564,
    "ndcg_at_5": 0.45793,
    "precision_at_1": 0.54938,
    "precision_at_10": 0.22685,
    "precision_at_100": 0.04298,
    "precision_at_1000": 0.00458,
    "precision_at_20": 0.14907,
    "precision_at_3": 0.39352,
    "precision_at_5": 0.31327,
    "recall_at_1": 0.16501,
    "recall_at_10": 0.53185,
    "recall_at_100": 0.93072,
    "recall_at_1000": 0.98798,
    "recall_at_20": 0.67697,
    "recall_at_3": 0.31683,
    "recall_at_5": 0.39733
  },
  "mteb_dataset_name": "MIRACLRetrievalHardNegatives",
  "mteb_version": "1.7.10"
}