{
  "dataset_revision": "95c8db7d4a6e9c1d8a60601afd63d553ae20a2eb",
  "dev": {
    "evaluation_time": 1233.83,
    "map_at_1": 0.17132,
    "map_at_10": 0.38225,
    "map_at_100": 0.44198,
    "map_at_1000": 0.44372,
    "map_at_20": 0.41665,
    "map_at_3": 0.2825,
    "map_at_5": 0.3305,
    "mrr_at_1": 0.58025,
    "mrr_at_10": 0.68473,
    "mrr_at_100": 0.68986,
    "mrr_at_1000": 0.6899,
    "mrr_at_20": 0.68805,
    "mrr_at_3": 0.66152,
    "mrr_at_5": 0.67603,
    "ndcg_at_1": 0.58025,
    "ndcg_at_10": 0.50729,
    "ndcg_at_100": 0.64295,
    "ndcg_at_1000": 0.65497,
    "ndcg_at_20": 0.56666,
    "ndcg_at_3": 0.49396,
    "ndcg_at_5": 0.47821,
    "precision_at_1": 0.58025,
    "precision_at_10": 0.23225,
    "precision_at_100": 0.04304,
    "precision_at_1000": 0.00458,
    "precision_at_20": 0.15278,
    "precision_at_3": 0.40792,
    "precision_at_5": 0.32994,
    "recall_at_1": 0.17132,
    "recall_at_10": 0.54713,
    "recall_at_100": 0.93554,
    "recall_at_1000": 0.98816,
    "recall_at_20": 0.68686,
    "recall_at_3": 0.32246,
    "recall_at_5": 0.41322
  },
  "mteb_dataset_name": "MIRACLRetrievalHardNegatives",
  "mteb_version": "1.7.10"
}