{
  "dataset_revision": "95c8db7d4a6e9c1d8a60601afd63d553ae20a2eb",
  "dev": {
    "evaluation_time": 268.6,
    "map_at_1": 0.12144,
    "map_at_10": 0.285,
    "map_at_100": 0.34048,
    "map_at_1000": 0.34268,
    "map_at_20": 0.31401,
    "map_at_3": 0.20459,
    "map_at_5": 0.24245,
    "mrr_at_1": 0.41975,
    "mrr_at_10": 0.54525,
    "mrr_at_100": 0.55359,
    "mrr_at_1000": 0.55367,
    "mrr_at_20": 0.551,
    "mrr_at_3": 0.51929,
    "mrr_at_5": 0.53418,
    "ndcg_at_1": 0.41975,
    "ndcg_at_10": 0.40117,
    "ndcg_at_100": 0.54102,
    "ndcg_at_1000": 0.56191,
    "ndcg_at_20": 0.4567,
    "ndcg_at_3": 0.37505,
    "ndcg_at_5": 0.36968,
    "precision_at_1": 0.41975,
    "precision_at_10": 0.19707,
    "precision_at_100": 0.04003,
    "precision_at_1000": 0.00448,
    "precision_at_20": 0.13272,
    "precision_at_3": 0.3179,
    "precision_at_5": 0.26667,
    "recall_at_1": 0.12144,
    "recall_at_10": 0.4492,
    "recall_at_100": 0.86141,
    "recall_at_1000": 0.96234,
    "recall_at_20": 0.58194,
    "recall_at_3": 0.24733,
    "recall_at_5": 0.32385
  },
  "mteb_dataset_name": "MIRACLRetrievalHardNegatives",
  "mteb_version": "1.7.10"
}