{
  "dataset_revision": "95c8db7d4a6e9c1d8a60601afd63d553ae20a2eb",
  "dev": {
    "evaluation_time": 272.87,
    "map_at_1": 0.08068,
    "map_at_10": 0.19563,
    "map_at_100": 0.24198,
    "map_at_1000": 0.24532,
    "map_at_20": 0.21929,
    "map_at_3": 0.13652,
    "map_at_5": 0.16226,
    "mrr_at_1": 0.30093,
    "mrr_at_10": 0.43312,
    "mrr_at_100": 0.44231,
    "mrr_at_1000": 0.44252,
    "mrr_at_20": 0.43891,
    "mrr_at_3": 0.39429,
    "mrr_at_5": 0.41682,
    "ndcg_at_1": 0.30093,
    "ndcg_at_10": 0.30218,
    "ndcg_at_100": 0.43716,
    "ndcg_at_1000": 0.47355,
    "ndcg_at_20": 0.35268,
    "ndcg_at_3": 0.27232,
    "ndcg_at_5": 0.26874,
    "precision_at_1": 0.30093,
    "precision_at_10": 0.15293,
    "precision_at_100": 0.03531,
    "precision_at_1000": 0.00437,
    "precision_at_20": 0.10694,
    "precision_at_3": 0.23868,
    "precision_at_5": 0.19938,
    "recall_at_1": 0.08068,
    "recall_at_10": 0.35779,
    "recall_at_100": 0.76367,
    "recall_at_1000": 0.94385,
    "recall_at_20": 0.48014,
    "recall_at_3": 0.17825,
    "recall_at_5": 0.24164
  },
  "mteb_dataset_name": "MIRACLRetrievalHardNegatives",
  "mteb_version": "1.7.10"
}