{
  "dataset_revision": "95c8db7d4a6e9c1d8a60601afd63d553ae20a2eb",
  "dev": {
    "evaluation_time": 388.75,
    "map_at_1": 0.17505,
    "map_at_10": 0.40338,
    "map_at_100": 0.46272,
    "map_at_1000": 0.46419,
    "map_at_20": 0.43864,
    "map_at_3": 0.29426,
    "map_at_5": 0.34649,
    "mrr_at_1": 0.57562,
    "mrr_at_10": 0.68519,
    "mrr_at_100": 0.68941,
    "mrr_at_1000": 0.68941,
    "mrr_at_20": 0.68801,
    "mrr_at_3": 0.66024,
    "mrr_at_5": 0.67513,
    "ndcg_at_1": 0.57562,
    "ndcg_at_10": 0.52963,
    "ndcg_at_100": 0.65786,
    "ndcg_at_1000": 0.66822,
    "ndcg_at_20": 0.58817,
    "ndcg_at_3": 0.5106,
    "ndcg_at_5": 0.49735,
    "precision_at_1": 0.57562,
    "precision_at_10": 0.24815,
    "precision_at_100": 0.04335,
    "precision_at_1000": 0.00458,
    "precision_at_20": 0.16011,
    "precision_at_3": 0.42747,
    "precision_at_5": 0.34969,
    "recall_at_1": 0.17505,
    "recall_at_10": 0.57729,
    "recall_at_100": 0.94518,
    "recall_at_1000": 0.98946,
    "recall_at_20": 0.71614,
    "recall_at_3": 0.33487,
    "recall_at_5": 0.43095
  },
  "mteb_dataset_name": "MIRACLRetrievalHardNegatives",
  "mteb_version": "1.7.10"
}