{
  "dataset_revision": "5ad9931726ff26496453bdf21176f765d18fec49",
  "mteb_dataset_name": "WebFAQ",
  "mteb_version": "1.7.10",
  "test": {
    "evaluation_time": 764.94,
    "map_at_1": 0.5875,
    "map_at_10": 0.66077,
    "map_at_100": 0.66573,
    "map_at_1000": 0.66601,
    "map_at_20": 0.66367,
    "map_at_3": 0.6438,
    "map_at_5": 0.65409,
    "mrr_at_1": 0.5876,
    "mrr_at_10": 0.66071,
    "mrr_at_100": 0.66569,
    "mrr_at_1000": 0.66598,
    "mrr_at_20": 0.66363,
    "mrr_at_3": 0.64372,
    "mrr_at_5": 0.65403,
    "ndcg_at_1": 0.5875,
    "ndcg_at_10": 0.69627,
    "ndcg_at_100": 0.72164,
    "ndcg_at_1000": 0.72923,
    "ndcg_at_20": 0.7068,
    "ndcg_at_3": 0.66166,
    "ndcg_at_5": 0.68024,
    "precision_at_1": 0.5875,
    "precision_at_10": 0.08076,
    "precision_at_100": 0.00929,
    "precision_at_1000": 0.00099,
    "precision_at_20": 0.04246,
    "precision_at_3": 0.23773,
    "precision_at_5": 0.15168,
    "recall_at_1": 0.5875,
    "recall_at_10": 0.8076,
    "recall_at_100": 0.9291,
    "recall_at_1000": 0.9888,
    "recall_at_20": 0.8492,
    "recall_at_3": 0.7132,
    "recall_at_5": 0.7584
  }
}