{
  "dataset_revision": "b4320165e039fec2ed05f4b1ba74e4e9376da070",
  "mteb_dataset_name": "WebFAQ",
  "mteb_version": "1.7.10",
  "test": {
    "evaluation_time": 732.43,
    "map_at_1": 0.4791,
    "map_at_10": 0.54393,
    "map_at_100": 0.54921,
    "map_at_1000": 0.5496,
    "map_at_20": 0.54699,
    "map_at_3": 0.52743,
    "map_at_5": 0.5375,
    "mrr_at_1": 0.4789,
    "mrr_at_10": 0.54385,
    "mrr_at_100": 0.54913,
    "mrr_at_1000": 0.54953,
    "mrr_at_20": 0.54692,
    "mrr_at_3": 0.52738,
    "mrr_at_5": 0.53743,
    "ndcg_at_1": 0.4791,
    "ndcg_at_10": 0.57669,
    "ndcg_at_100": 0.60426,
    "ndcg_at_1000": 0.61608,
    "ndcg_at_20": 0.58786,
    "ndcg_at_3": 0.54305,
    "ndcg_at_5": 0.56119,
    "precision_at_1": 0.4791,
    "precision_at_10": 0.068,
    "precision_at_100": 0.00813,
    "precision_at_1000": 0.00091,
    "precision_at_20": 0.03621,
    "precision_at_3": 0.19607,
    "precision_at_5": 0.12644,
    "recall_at_1": 0.4791,
    "recall_at_10": 0.68,
    "recall_at_100": 0.8134,
    "recall_at_1000": 0.9092,
    "recall_at_20": 0.7242,
    "recall_at_3": 0.5882,
    "recall_at_5": 0.6322
  }
}