{
  "dataset_revision": "5ad9931726ff26496453bdf21176f765d18fec49",
  "mteb_dataset_name": "WebFAQ",
  "mteb_version": "1.7.10",
  "test": {
    "evaluation_time": 4627.75,
    "map_at_1": 0.6694,
    "map_at_10": 0.7469,
    "map_at_100": 0.75086,
    "map_at_1000": 0.75095,
    "map_at_20": 0.7495,
    "map_at_3": 0.73047,
    "map_at_5": 0.74041,
    "mrr_at_1": 0.6695,
    "mrr_at_10": 0.74691,
    "mrr_at_100": 0.75089,
    "mrr_at_1000": 0.75098,
    "mrr_at_20": 0.74954,
    "mrr_at_3": 0.7305,
    "mrr_at_5": 0.74046,
    "ndcg_at_1": 0.6694,
    "ndcg_at_10": 0.78313,
    "ndcg_at_100": 0.80173,
    "ndcg_at_1000": 0.80402,
    "ndcg_at_20": 0.79237,
    "ndcg_at_3": 0.74952,
    "ndcg_at_5": 0.76736,
    "precision_at_1": 0.6694,
    "precision_at_10": 0.08964,
    "precision_at_100": 0.00982,
    "precision_at_1000": 0.001,
    "precision_at_20": 0.04663,
    "precision_at_3": 0.26813,
    "precision_at_5": 0.1695,
    "recall_at_1": 0.6694,
    "recall_at_10": 0.8964,
    "recall_at_100": 0.9819,
    "recall_at_1000": 0.9996,
    "recall_at_20": 0.9325,
    "recall_at_3": 0.8044,
    "recall_at_5": 0.8475
  }
}