{
  "dataset_revision": "5ad9931726ff26496453bdf21176f765d18fec49",
  "mteb_dataset_name": "WebFAQ",
  "mteb_version": "1.7.10",
  "test": {
    "evaluation_time": 770.19,
    "map_at_1": 0.4764,
    "map_at_10": 0.53938,
    "map_at_100": 0.54495,
    "map_at_1000": 0.54535,
    "map_at_20": 0.54256,
    "map_at_3": 0.52343,
    "map_at_5": 0.53278,
    "mrr_at_1": 0.4764,
    "mrr_at_10": 0.53937,
    "mrr_at_100": 0.54495,
    "mrr_at_1000": 0.54536,
    "mrr_at_20": 0.54258,
    "mrr_at_3": 0.52343,
    "mrr_at_5": 0.5328,
    "ndcg_at_1": 0.4764,
    "ndcg_at_10": 0.5713,
    "ndcg_at_100": 0.59994,
    "ndcg_at_1000": 0.61218,
    "ndcg_at_20": 0.58271,
    "ndcg_at_3": 0.53842,
    "ndcg_at_5": 0.55531,
    "precision_at_1": 0.4764,
    "precision_at_10": 0.06722,
    "precision_at_100": 0.0081,
    "precision_at_1000": 0.00091,
    "precision_at_20": 0.03585,
    "precision_at_3": 0.1939,
    "precision_at_5": 0.12456,
    "recall_at_1": 0.4764,
    "recall_at_10": 0.6722,
    "recall_at_100": 0.8099,
    "recall_at_1000": 0.9093,
    "recall_at_20": 0.717,
    "recall_at_3": 0.5817,
    "recall_at_5": 0.6228
  }
}