{
  "dataset_revision": "b4320165e039fec2ed05f4b1ba74e4e9376da070",
  "mteb_dataset_name": "WebFAQ",
  "mteb_version": "1.7.10",
  "test": {
    "evaluation_time": 954.5,
    "map_at_1": 0.5504,
    "map_at_10": 0.63123,
    "map_at_100": 0.63635,
    "map_at_1000": 0.63664,
    "map_at_20": 0.63441,
    "map_at_3": 0.6139,
    "map_at_5": 0.62411,
    "mrr_at_1": 0.5501,
    "mrr_at_10": 0.63111,
    "mrr_at_100": 0.63623,
    "mrr_at_1000": 0.63651,
    "mrr_at_20": 0.63429,
    "mrr_at_3": 0.61378,
    "mrr_at_5": 0.62397,
    "ndcg_at_1": 0.5504,
    "ndcg_at_10": 0.66956,
    "ndcg_at_100": 0.69531,
    "ndcg_at_1000": 0.70354,
    "ndcg_at_20": 0.68119,
    "ndcg_at_3": 0.63405,
    "ndcg_at_5": 0.65242,
    "precision_at_1": 0.5504,
    "precision_at_10": 0.07895,
    "precision_at_100": 0.00912,
    "precision_at_1000": 0.00098,
    "precision_at_20": 0.04178,
    "precision_at_3": 0.23073,
    "precision_at_5": 0.14734,
    "recall_at_1": 0.5504,
    "recall_at_10": 0.7895,
    "recall_at_100": 0.9118,
    "recall_at_1000": 0.978,
    "recall_at_20": 0.8356,
    "recall_at_3": 0.6922,
    "recall_at_5": 0.7367
  }
}