{
  "dataset_revision": "b4320165e039fec2ed05f4b1ba74e4e9376da070",
  "mteb_dataset_name": "WebFAQ",
  "mteb_version": "1.7.10",
  "test": {
    "evaluation_time": 662.17,
    "map_at_1": 0.6391,
    "map_at_10": 0.71375,
    "map_at_100": 0.71762,
    "map_at_1000": 0.7178,
    "map_at_20": 0.71616,
    "map_at_3": 0.69697,
    "map_at_5": 0.70762,
    "mrr_at_1": 0.6392,
    "mrr_at_10": 0.71385,
    "mrr_at_100": 0.71773,
    "mrr_at_1000": 0.71791,
    "mrr_at_20": 0.71628,
    "mrr_at_3": 0.69707,
    "mrr_at_5": 0.70773,
    "ndcg_at_1": 0.6391,
    "ndcg_at_10": 0.74918,
    "ndcg_at_100": 0.76822,
    "ndcg_at_1000": 0.77319,
    "ndcg_at_20": 0.75795,
    "ndcg_at_3": 0.71526,
    "ndcg_at_5": 0.73443,
    "precision_at_1": 0.6391,
    "precision_at_10": 0.08599,
    "precision_at_100": 0.00949,
    "precision_at_1000": 0.00099,
    "precision_at_20": 0.04473,
    "precision_at_3": 0.256,
    "precision_at_5": 0.1629,
    "recall_at_1": 0.6391,
    "recall_at_10": 0.8599,
    "recall_at_100": 0.9494,
    "recall_at_1000": 0.9887,
    "recall_at_20": 0.8945,
    "recall_at_3": 0.768,
    "recall_at_5": 0.8145
  }
}