{
  "dataset_revision": "5ad9931726ff26496453bdf21176f765d18fec49",
  "mteb_dataset_name": "WebFAQ",
  "mteb_version": "1.7.10",
  "test": {
    "evaluation_time": 586.74,
    "map_at_1": 0.6366,
    "map_at_10": 0.70843,
    "map_at_100": 0.71277,
    "map_at_1000": 0.71295,
    "map_at_20": 0.71118,
    "map_at_3": 0.69157,
    "map_at_5": 0.7021,
    "mrr_at_1": 0.6368,
    "mrr_at_10": 0.7085,
    "mrr_at_100": 0.71284,
    "mrr_at_1000": 0.71302,
    "mrr_at_20": 0.71125,
    "mrr_at_3": 0.69167,
    "mrr_at_5": 0.70215,
    "ndcg_at_1": 0.6366,
    "ndcg_at_10": 0.74317,
    "ndcg_at_100": 0.76428,
    "ndcg_at_1000": 0.7692,
    "ndcg_at_20": 0.75304,
    "ndcg_at_3": 0.70893,
    "ndcg_at_5": 0.72791,
    "precision_at_1": 0.6366,
    "precision_at_10": 0.08521,
    "precision_at_100": 0.00951,
    "precision_at_1000": 0.00099,
    "precision_at_20": 0.04454,
    "precision_at_3": 0.253,
    "precision_at_5": 0.16102,
    "recall_at_1": 0.6366,
    "recall_at_10": 0.8521,
    "recall_at_100": 0.9509,
    "recall_at_1000": 0.9896,
    "recall_at_20": 0.8908,
    "recall_at_3": 0.759,
    "recall_at_5": 0.8051
  }
}