{
  "dataset_revision": "b4320165e039fec2ed05f4b1ba74e4e9376da070",
  "mteb_dataset_name": "WebFAQ",
  "mteb_version": "1.7.10",
  "test": {
    "evaluation_time": 2431.53,
    "map_at_1": 0.6739,
    "map_at_10": 0.75082,
    "map_at_100": 0.75454,
    "map_at_1000": 0.75465,
    "map_at_20": 0.75332,
    "map_at_3": 0.73492,
    "map_at_5": 0.74434,
    "mrr_at_1": 0.6739,
    "mrr_at_10": 0.75083,
    "mrr_at_100": 0.75455,
    "mrr_at_1000": 0.75466,
    "mrr_at_20": 0.75333,
    "mrr_at_3": 0.73495,
    "mrr_at_5": 0.74435,
    "ndcg_at_1": 0.6739,
    "ndcg_at_10": 0.78667,
    "ndcg_at_100": 0.80416,
    "ndcg_at_1000": 0.80684,
    "ndcg_at_20": 0.79565,
    "ndcg_at_3": 0.75422,
    "ndcg_at_5": 0.77116,
    "precision_at_1": 0.6739,
    "precision_at_10": 0.08985,
    "precision_at_100": 0.00979,
    "precision_at_1000": 0.001,
    "precision_at_20": 0.04669,
    "precision_at_3": 0.26997,
    "precision_at_5": 0.17018,
    "recall_at_1": 0.6739,
    "recall_at_10": 0.8985,
    "recall_at_100": 0.9789,
    "recall_at_1000": 0.9995,
    "recall_at_20": 0.9337,
    "recall_at_3": 0.8099,
    "recall_at_5": 0.8509
  }
}