{
  "dataset_revision": "5ad9931726ff26496453bdf21176f765d18fec49",
  "mteb_dataset_name": "WebFAQ",
  "mteb_version": "1.7.10",
  "test": {
    "evaluation_time": 996.54,
    "map_at_1": 0.5456,
    "map_at_10": 0.62374,
    "map_at_100": 0.62912,
    "map_at_1000": 0.62941,
    "map_at_20": 0.62696,
    "map_at_3": 0.60665,
    "map_at_5": 0.61726,
    "mrr_at_1": 0.5452,
    "mrr_at_10": 0.62352,
    "mrr_at_100": 0.6289,
    "mrr_at_1000": 0.6292,
    "mrr_at_20": 0.62675,
    "mrr_at_3": 0.60642,
    "mrr_at_5": 0.61705,
    "ndcg_at_1": 0.5456,
    "ndcg_at_10": 0.66098,
    "ndcg_at_100": 0.68816,
    "ndcg_at_1000": 0.69642,
    "ndcg_at_20": 0.67264,
    "ndcg_at_3": 0.62623,
    "ndcg_at_5": 0.64533,
    "precision_at_1": 0.5456,
    "precision_at_10": 0.07774,
    "precision_at_100": 0.00907,
    "precision_at_1000": 0.00097,
    "precision_at_20": 0.04117,
    "precision_at_3": 0.2276,
    "precision_at_5": 0.14582,
    "recall_at_1": 0.5456,
    "recall_at_10": 0.7774,
    "recall_at_100": 0.9068,
    "recall_at_1000": 0.9728,
    "recall_at_20": 0.8234,
    "recall_at_3": 0.6828,
    "recall_at_5": 0.7291
  }
}