{
  "dataset_revision": "b4320165e039fec2ed05f4b1ba74e4e9376da070",
  "mteb_dataset_name": "WebFAQ",
  "mteb_version": "1.7.10",
  "test": {
    "evaluation_time": 698.43,
    "map_at_1": 0.5998,
    "map_at_10": 0.67232,
    "map_at_100": 0.67707,
    "map_at_1000": 0.67733,
    "map_at_20": 0.67508,
    "map_at_3": 0.65485,
    "map_at_5": 0.66545,
    "mrr_at_1": 0.5999,
    "mrr_at_10": 0.67249,
    "mrr_at_100": 0.67724,
    "mrr_at_1000": 0.67751,
    "mrr_at_20": 0.67525,
    "mrr_at_3": 0.6551,
    "mrr_at_5": 0.66563,
    "ndcg_at_1": 0.5998,
    "ndcg_at_10": 0.70794,
    "ndcg_at_100": 0.73218,
    "ndcg_at_1000": 0.73926,
    "ndcg_at_20": 0.71786,
    "ndcg_at_3": 0.67231,
    "ndcg_at_5": 0.69142,
    "precision_at_1": 0.5998,
    "precision_at_10": 0.08199,
    "precision_at_100": 0.00936,
    "precision_at_1000": 0.00099,
    "precision_at_20": 0.04295,
    "precision_at_3": 0.2409,
    "precision_at_5": 0.15382,
    "recall_at_1": 0.5998,
    "recall_at_10": 0.8199,
    "recall_at_100": 0.9359,
    "recall_at_1000": 0.9918,
    "recall_at_20": 0.8589,
    "recall_at_3": 0.7227,
    "recall_at_5": 0.7691
  }
}