{
  "dataset_revision": "95c8db7d4a6e9c1d8a60601afd63d553ae20a2eb",
  "dev": {
    "evaluation_time": 96.01,
    "map_at_1": 0.43908,
    "map_at_10": 0.54255,
    "map_at_100": 0.54449,
    "map_at_1000": 0.54461,
    "map_at_20": 0.5434,
    "map_at_3": 0.52708,
    "map_at_5": 0.53832,
    "mrr_at_1": 0.48739,
    "mrr_at_10": 0.56782,
    "mrr_at_100": 0.56927,
    "mrr_at_1000": 0.56944,
    "mrr_at_20": 0.56852,
    "mrr_at_3": 0.56022,
    "mrr_at_5": 0.56569,
    "ndcg_at_1": 0.48739,
    "ndcg_at_10": 0.58262,
    "ndcg_at_100": 0.59199,
    "ndcg_at_1000": 0.59594,
    "ndcg_at_20": 0.58496,
    "ndcg_at_3": 0.56018,
    "ndcg_at_5": 0.57464,
    "precision_at_1": 0.48739,
    "precision_at_10": 0.08067,
    "precision_at_100": 0.00882,
    "precision_at_1000": 0.00092,
    "precision_at_20": 0.04118,
    "precision_at_3": 0.2409,
    "precision_at_5": 0.15462,
    "recall_at_1": 0.43908,
    "recall_at_10": 0.67577,
    "recall_at_100": 0.71639,
    "recall_at_1000": 0.7458,
    "recall_at_20": 0.68277,
    "recall_at_3": 0.61905,
    "recall_at_5": 0.65336
  },
  "mteb_dataset_name": "MIRACLRetrievalHardNegatives",
  "mteb_version": "1.7.10"
}