{
  "dataset_revision": "95c8db7d4a6e9c1d8a60601afd63d553ae20a2eb",
  "dev": {
    "evaluation_time": 54.39,
    "map_at_1": 0.16387,
    "map_at_10": 0.23988,
    "map_at_100": 0.2465,
    "map_at_1000": 0.24725,
    "map_at_20": 0.2431,
    "map_at_3": 0.2123,
    "map_at_5": 0.23093,
    "mrr_at_1": 0.17647,
    "mrr_at_10": 0.26144,
    "mrr_at_100": 0.26751,
    "mrr_at_1000": 0.26804,
    "mrr_at_20": 0.2643,
    "mrr_at_3": 0.23669,
    "mrr_at_5": 0.25392,
    "ndcg_at_1": 0.17647,
    "ndcg_at_10": 0.28583,
    "ndcg_at_100": 0.3179,
    "ndcg_at_1000": 0.33705,
    "ndcg_at_20": 0.29669,
    "ndcg_at_3": 0.23271,
    "ndcg_at_5": 0.26509,
    "precision_at_1": 0.17647,
    "precision_at_10": 0.0479,
    "precision_at_100": 0.00655,
    "precision_at_1000": 0.00085,
    "precision_at_20": 0.02647,
    "precision_at_3": 0.10364,
    "precision_at_5": 0.07899,
    "recall_at_1": 0.16387,
    "recall_at_10": 0.40476,
    "recall_at_100": 0.55112,
    "recall_at_1000": 0.69538,
    "recall_at_20": 0.44538,
    "recall_at_3": 0.26541,
    "recall_at_5": 0.34384
  },
  "mteb_dataset_name": "MIRACLRetrievalHardNegatives",
  "mteb_version": "1.7.10"
}