{
  "dataset_revision": "95c8db7d4a6e9c1d8a60601afd63d553ae20a2eb",
  "dev": {
    "evaluation_time": 55.49,
    "map_at_1": 0.07003,
    "map_at_10": 0.09567,
    "map_at_100": 0.10126,
    "map_at_1000": 0.10209,
    "map_at_20": 0.09944,
    "map_at_3": 0.08929,
    "map_at_5": 0.08929,
    "mrr_at_1": 0.07563,
    "mrr_at_10": 0.10503,
    "mrr_at_100": 0.11151,
    "mrr_at_1000": 0.11232,
    "mrr_at_20": 0.10965,
    "mrr_at_3": 0.09804,
    "mrr_at_5": 0.09804,
    "ndcg_at_1": 0.07563,
    "ndcg_at_10": 0.11304,
    "ndcg_at_100": 0.14526,
    "ndcg_at_1000": 0.17253,
    "ndcg_at_20": 0.12766,
    "ndcg_at_3": 0.09797,
    "ndcg_at_5": 0.09755,
    "precision_at_1": 0.07563,
    "precision_at_10": 0.01765,
    "precision_at_100": 0.00378,
    "precision_at_1000": 0.00064,
    "precision_at_20": 0.01261,
    "precision_at_3": 0.04202,
    "precision_at_5": 0.02521,
    "recall_at_1": 0.07003,
    "recall_at_10": 0.16036,
    "recall_at_100": 0.31303,
    "recall_at_1000": 0.53011,
    "recall_at_20": 0.21429,
    "recall_at_3": 0.11415,
    "recall_at_5": 0.11415
  },
  "mteb_dataset_name": "MIRACLRetrievalHardNegatives",
  "mteb_version": "1.7.10"
}