{
  "dataset_revision": "95c8db7d4a6e9c1d8a60601afd63d553ae20a2eb",
  "dev": {
    "evaluation_time": 46.92,
    "map_at_1": 0.44188,
    "map_at_10": 0.55861,
    "map_at_100": 0.56106,
    "map_at_1000": 0.56107,
    "map_at_20": 0.55957,
    "map_at_3": 0.54038,
    "map_at_5": 0.55099,
    "mrr_at_1": 0.5042,
    "mrr_at_10": 0.5854,
    "mrr_at_100": 0.58649,
    "mrr_at_1000": 0.5865,
    "mrr_at_20": 0.58592,
    "mrr_at_3": 0.57283,
    "mrr_at_5": 0.58081,
    "ndcg_at_1": 0.5042,
    "ndcg_at_10": 0.59942,
    "ndcg_at_100": 0.60888,
    "ndcg_at_1000": 0.60977,
    "ndcg_at_20": 0.60251,
    "ndcg_at_3": 0.57051,
    "ndcg_at_5": 0.58525,
    "precision_at_1": 0.5042,
    "precision_at_10": 0.08571,
    "precision_at_100": 0.00916,
    "precision_at_1000": 0.00092,
    "precision_at_20": 0.0437,
    "precision_at_3": 0.2493,
    "precision_at_5": 0.15966,
    "recall_at_1": 0.44188,
    "recall_at_10": 0.69398,
    "recall_at_100": 0.73319,
    "recall_at_1000": 0.7416,
    "recall_at_20": 0.70518,
    "recall_at_3": 0.62045,
    "recall_at_5": 0.65476
  },
  "mteb_dataset_name": "MIRACLRetrievalHardNegatives",
  "mteb_version": "1.7.10"
}