{
  "dataset_revision": "95c8db7d4a6e9c1d8a60601afd63d553ae20a2eb",
  "dev": {
    "evaluation_time": 401.94,
    "map_at_1": 0.35294,
    "map_at_10": 0.43892,
    "map_at_100": 0.44676,
    "map_at_1000": 0.44705,
    "map_at_20": 0.445,
    "map_at_3": 0.41923,
    "map_at_5": 0.43443,
    "mrr_at_1": 0.37815,
    "mrr_at_10": 0.46149,
    "mrr_at_100": 0.46624,
    "mrr_at_1000": 0.46648,
    "mrr_at_20": 0.46499,
    "mrr_at_3": 0.44538,
    "mrr_at_5": 0.45714,
    "ndcg_at_1": 0.37815,
    "ndcg_at_10": 0.48139,
    "ndcg_at_100": 0.50915,
    "ndcg_at_1000": 0.51675,
    "ndcg_at_20": 0.49924,
    "ndcg_at_3": 0.44676,
    "ndcg_at_5": 0.47161,
    "precision_at_1": 0.37815,
    "precision_at_10": 0.07059,
    "precision_at_100": 0.00866,
    "precision_at_1000": 0.00093,
    "precision_at_20": 0.03992,
    "precision_at_3": 0.19328,
    "precision_at_5": 0.13109,
    "recall_at_1": 0.35294,
    "recall_at_10": 0.57913,
    "recall_at_100": 0.69118,
    "recall_at_1000": 0.75,
    "recall_at_20": 0.64356,
    "recall_at_3": 0.4965,
    "recall_at_5": 0.55392
  },
  "mteb_dataset_name": "MIRACLRetrievalHardNegatives",
  "mteb_version": "1.7.10"
}