{
  "dataset_revision": "5ad9931726ff26496453bdf21176f765d18fec49",
  "mteb_dataset_name": "WebFAQ",
  "mteb_version": "1.7.10",
  "test": {
    "evaluation_time": 175.55,
    "map_at_1": 0.6001,
    "map_at_10": 0.66898,
    "map_at_100": 0.67371,
    "map_at_1000": 0.67399,
    "map_at_20": 0.67193,
    "map_at_3": 0.65373,
    "map_at_5": 0.66293,
    "mrr_at_1": 0.6003,
    "mrr_at_10": 0.66908,
    "mrr_at_100": 0.67381,
    "mrr_at_1000": 0.67408,
    "mrr_at_20": 0.67203,
    "mrr_at_3": 0.65385,
    "mrr_at_5": 0.66301,
    "ndcg_at_1": 0.6001,
    "ndcg_at_10": 0.70173,
    "ndcg_at_100": 0.72541,
    "ndcg_at_1000": 0.73304,
    "ndcg_at_20": 0.71251,
    "ndcg_at_3": 0.67055,
    "ndcg_at_5": 0.68715,
    "precision_at_1": 0.6001,
    "precision_at_10": 0.08043,
    "precision_at_100": 0.00917,
    "precision_at_1000": 0.00098,
    "precision_at_20": 0.04235,
    "precision_at_3": 0.23967,
    "precision_at_5": 0.15188,
    "recall_at_1": 0.6001,
    "recall_at_10": 0.8043,
    "recall_at_100": 0.9165,
    "recall_at_1000": 0.9775,
    "recall_at_20": 0.847,
    "recall_at_3": 0.719,
    "recall_at_5": 0.7594
  }
}