{
  "dataset_revision": "5ad9931726ff26496453bdf21176f765d18fec49",
  "mteb_dataset_name": "WebFAQ",
  "mteb_version": "1.7.10",
  "test": {
    "evaluation_time": 174.24,
    "map_at_1": 0.7072,
    "map_at_10": 0.77486,
    "map_at_100": 0.7783,
    "map_at_1000": 0.77838,
    "map_at_20": 0.77701,
    "map_at_3": 0.76058,
    "map_at_5": 0.76915,
    "mrr_at_1": 0.7072,
    "mrr_at_10": 0.77481,
    "mrr_at_100": 0.77827,
    "mrr_at_1000": 0.77836,
    "mrr_at_20": 0.77698,
    "mrr_at_3": 0.76052,
    "mrr_at_5": 0.76915,
    "ndcg_at_1": 0.7072,
    "ndcg_at_10": 0.80661,
    "ndcg_at_100": 0.82344,
    "ndcg_at_1000": 0.82539,
    "ndcg_at_20": 0.8144,
    "ndcg_at_3": 0.77755,
    "ndcg_at_5": 0.79295,
    "precision_at_1": 0.7072,
    "precision_at_10": 0.09057,
    "precision_at_100": 0.00985,
    "precision_at_1000": 0.001,
    "precision_at_20": 0.04682,
    "precision_at_3": 0.2755,
    "precision_at_5": 0.17276,
    "recall_at_1": 0.7072,
    "recall_at_10": 0.9057,
    "recall_at_100": 0.9846,
    "recall_at_1000": 0.9994,
    "recall_at_20": 0.9364,
    "recall_at_3": 0.8265,
    "recall_at_5": 0.8638
  }
}