{
  "dataset_revision": "b4320165e039fec2ed05f4b1ba74e4e9376da070",
  "mteb_dataset_name": "WebFAQ",
  "mteb_version": "1.7.10",
  "test": {
    "evaluation_time": 363.83,
    "map_at_1": 0.7738,
    "map_at_10": 0.83976,
    "map_at_100": 0.84178,
    "map_at_1000": 0.84179,
    "map_at_20": 0.84123,
    "map_at_3": 0.82777,
    "map_at_5": 0.83532,
    "mrr_at_1": 0.7738,
    "mrr_at_10": 0.83974,
    "mrr_at_100": 0.84176,
    "mrr_at_1000": 0.84177,
    "mrr_at_20": 0.84122,
    "mrr_at_3": 0.82777,
    "mrr_at_5": 0.83528,
    "ndcg_at_1": 0.7738,
    "ndcg_at_10": 0.86902,
    "ndcg_at_100": 0.87787,
    "ndcg_at_1000": 0.87804,
    "ndcg_at_20": 0.8742,
    "ndcg_at_3": 0.84477,
    "ndcg_at_5": 0.85831,
    "precision_at_1": 0.7738,
    "precision_at_10": 0.09595,
    "precision_at_100": 0.00999,
    "precision_at_1000": 0.001,
    "precision_at_20": 0.04899,
    "precision_at_3": 0.29793,
    "precision_at_5": 0.1853,
    "recall_at_1": 0.7738,
    "recall_at_10": 0.9595,
    "recall_at_100": 0.9988,
    "recall_at_1000": 1.0,
    "recall_at_20": 0.9797,
    "recall_at_3": 0.8938,
    "recall_at_5": 0.9265
  }
}