{
  "dataset_revision": "b4320165e039fec2ed05f4b1ba74e4e9376da070",
  "mteb_dataset_name": "WebFAQ",
  "mteb_version": "1.7.10",
  "test": {
    "evaluation_time": 145.5,
    "map_at_1": 0.7351,
    "map_at_10": 0.80326,
    "map_at_100": 0.80583,
    "map_at_1000": 0.8059,
    "map_at_20": 0.80486,
    "map_at_3": 0.79053,
    "map_at_5": 0.79829,
    "mrr_at_1": 0.7348,
    "mrr_at_10": 0.8031,
    "mrr_at_100": 0.80567,
    "mrr_at_1000": 0.80574,
    "mrr_at_20": 0.8047,
    "mrr_at_3": 0.79037,
    "mrr_at_5": 0.79813,
    "ndcg_at_1": 0.7351,
    "ndcg_at_10": 0.83357,
    "ndcg_at_100": 0.84616,
    "ndcg_at_1000": 0.84781,
    "ndcg_at_20": 0.83931,
    "ndcg_at_3": 0.80782,
    "ndcg_at_5": 0.8217,
    "precision_at_1": 0.7351,
    "precision_at_10": 0.09274,
    "precision_at_100": 0.00987,
    "precision_at_1000": 0.001,
    "precision_at_20": 0.0475,
    "precision_at_3": 0.28587,
    "precision_at_5": 0.17822,
    "recall_at_1": 0.7351,
    "recall_at_10": 0.9274,
    "recall_at_100": 0.9865,
    "recall_at_1000": 0.9991,
    "recall_at_20": 0.9499,
    "recall_at_3": 0.8576,
    "recall_at_5": 0.8911
  }
}