{
  "dataset_revision": "b4320165e039fec2ed05f4b1ba74e4e9376da070",
  "mteb_dataset_name": "WebFAQ",
  "mteb_version": "1.7.10",
  "test": {
    "evaluation_time": 154.15,
    "map_at_1": 0.7118,
    "map_at_10": 0.77849,
    "map_at_100": 0.78198,
    "map_at_1000": 0.78207,
    "map_at_20": 0.78075,
    "map_at_3": 0.76468,
    "map_at_5": 0.77279,
    "mrr_at_1": 0.7118,
    "mrr_at_10": 0.77837,
    "mrr_at_100": 0.78184,
    "mrr_at_1000": 0.78194,
    "mrr_at_20": 0.7806,
    "mrr_at_3": 0.7645,
    "mrr_at_5": 0.77263,
    "ndcg_at_1": 0.7118,
    "ndcg_at_10": 0.80959,
    "ndcg_at_100": 0.82613,
    "ndcg_at_1000": 0.82827,
    "ndcg_at_20": 0.81771,
    "ndcg_at_3": 0.78125,
    "ndcg_at_5": 0.79585,
    "precision_at_1": 0.7118,
    "precision_at_10": 0.09067,
    "precision_at_100": 0.00983,
    "precision_at_1000": 0.001,
    "precision_at_20": 0.04693,
    "precision_at_3": 0.27633,
    "precision_at_5": 0.17288,
    "recall_at_1": 0.7118,
    "recall_at_10": 0.9067,
    "recall_at_100": 0.9831,
    "recall_at_1000": 0.9993,
    "recall_at_20": 0.9386,
    "recall_at_3": 0.829,
    "recall_at_5": 0.8644
  }
}