{
  "dataset_revision": "5ad9931726ff26496453bdf21176f765d18fec49",
  "mteb_dataset_name": "WebFAQ",
  "mteb_version": "1.7.10",
  "test": {
    "evaluation_time": 251.0,
    "map_at_1": 0.65,
    "map_at_10": 0.72655,
    "map_at_100": 0.73056,
    "map_at_1000": 0.73071,
    "map_at_20": 0.72908,
    "map_at_3": 0.71148,
    "map_at_5": 0.72007,
    "mrr_at_1": 0.6502,
    "mrr_at_10": 0.72663,
    "mrr_at_100": 0.73064,
    "mrr_at_1000": 0.73079,
    "mrr_at_20": 0.72916,
    "mrr_at_3": 0.71152,
    "mrr_at_5": 0.72015,
    "ndcg_at_1": 0.65,
    "ndcg_at_10": 0.76172,
    "ndcg_at_100": 0.78154,
    "ndcg_at_1000": 0.78535,
    "ndcg_at_20": 0.771,
    "ndcg_at_3": 0.73071,
    "ndcg_at_5": 0.74615,
    "precision_at_1": 0.65,
    "precision_at_10": 0.08714,
    "precision_at_100": 0.00965,
    "precision_at_1000": 0.00099,
    "precision_at_20": 0.04541,
    "precision_at_3": 0.26203,
    "precision_at_5": 0.1647,
    "recall_at_1": 0.65,
    "recall_at_10": 0.8714,
    "recall_at_100": 0.9647,
    "recall_at_1000": 0.9943,
    "recall_at_20": 0.9082,
    "recall_at_3": 0.7861,
    "recall_at_5": 0.8235
  }
}