{
  "dataset_revision": "5ad9931726ff26496453bdf21176f765d18fec49",
  "mteb_dataset_name": "WebFAQ",
  "mteb_version": "1.7.10",
  "test": {
    "evaluation_time": 1033.03,
    "map_at_1": 0.7739,
    "map_at_10": 0.83997,
    "map_at_100": 0.84203,
    "map_at_1000": 0.84204,
    "map_at_20": 0.84152,
    "map_at_3": 0.82792,
    "map_at_5": 0.83555,
    "mrr_at_1": 0.7739,
    "mrr_at_10": 0.83999,
    "mrr_at_100": 0.84207,
    "mrr_at_1000": 0.84208,
    "mrr_at_20": 0.84156,
    "mrr_at_3": 0.82795,
    "mrr_at_5": 0.8356,
    "ndcg_at_1": 0.7739,
    "ndcg_at_10": 0.86922,
    "ndcg_at_100": 0.87813,
    "ndcg_at_1000": 0.8783,
    "ndcg_at_20": 0.87476,
    "ndcg_at_3": 0.84491,
    "ndcg_at_5": 0.85863,
    "precision_at_1": 0.7739,
    "precision_at_10": 0.09596,
    "precision_at_100": 0.00999,
    "precision_at_1000": 0.001,
    "precision_at_20": 0.04907,
    "precision_at_3": 0.29797,
    "precision_at_5": 0.18542,
    "recall_at_1": 0.7739,
    "recall_at_10": 0.9596,
    "recall_at_100": 0.9988,
    "recall_at_1000": 1.0,
    "recall_at_20": 0.9813,
    "recall_at_3": 0.8939,
    "recall_at_5": 0.9271
  }
}