{
  "dataset_revision": "b4320165e039fec2ed05f4b1ba74e4e9376da070",
  "mteb_dataset_name": "WebFAQ",
  "mteb_version": "1.7.10",
  "test": {
    "evaluation_time": 221.41,
    "map_at_1": 0.647,
    "map_at_10": 0.72334,
    "map_at_100": 0.72729,
    "map_at_1000": 0.72744,
    "map_at_20": 0.72566,
    "map_at_3": 0.7076,
    "map_at_5": 0.71702,
    "mrr_at_1": 0.6473,
    "mrr_at_10": 0.72344,
    "mrr_at_100": 0.7274,
    "mrr_at_1000": 0.72755,
    "mrr_at_20": 0.72576,
    "mrr_at_3": 0.7076,
    "mrr_at_5": 0.71711,
    "ndcg_at_1": 0.647,
    "ndcg_at_10": 0.75893,
    "ndcg_at_100": 0.77867,
    "ndcg_at_1000": 0.78267,
    "ndcg_at_20": 0.76735,
    "ndcg_at_3": 0.7268,
    "ndcg_at_5": 0.74378,
    "precision_at_1": 0.647,
    "precision_at_10": 0.08699,
    "precision_at_100": 0.00963,
    "precision_at_1000": 0.00099,
    "precision_at_20": 0.04516,
    "precision_at_3": 0.26073,
    "precision_at_5": 0.16468,
    "recall_at_1": 0.647,
    "recall_at_10": 0.8699,
    "recall_at_100": 0.9633,
    "recall_at_1000": 0.9946,
    "recall_at_20": 0.9031,
    "recall_at_3": 0.7822,
    "recall_at_5": 0.8234
  }
}