{
  "dataset_revision": "b4320165e039fec2ed05f4b1ba74e4e9376da070",
  "mteb_dataset_name": "WebFAQ",
  "mteb_version": "1.7.10",
  "test": {
    "evaluation_time": 163.73,
    "map_at_1": 0.6036,
    "map_at_10": 0.67394,
    "map_at_100": 0.67844,
    "map_at_1000": 0.67868,
    "map_at_20": 0.67665,
    "map_at_3": 0.65833,
    "map_at_5": 0.66764,
    "mrr_at_1": 0.6033,
    "mrr_at_10": 0.67376,
    "mrr_at_100": 0.67824,
    "mrr_at_1000": 0.67848,
    "mrr_at_20": 0.67645,
    "mrr_at_3": 0.65812,
    "mrr_at_5": 0.66741,
    "ndcg_at_1": 0.6036,
    "ndcg_at_10": 0.70776,
    "ndcg_at_100": 0.73045,
    "ndcg_at_1000": 0.73737,
    "ndcg_at_20": 0.71754,
    "ndcg_at_3": 0.67575,
    "ndcg_at_5": 0.69255,
    "precision_at_1": 0.6036,
    "precision_at_10": 0.08138,
    "precision_at_100": 0.00922,
    "precision_at_1000": 0.00098,
    "precision_at_20": 0.04262,
    "precision_at_3": 0.242,
    "precision_at_5": 0.15338,
    "recall_at_1": 0.6036,
    "recall_at_10": 0.8138,
    "recall_at_100": 0.9219,
    "recall_at_1000": 0.9773,
    "recall_at_20": 0.8523,
    "recall_at_3": 0.726,
    "recall_at_5": 0.7669
  }
}