{
  "dataset_revision": "5ad9931726ff26496453bdf21176f765d18fec49",
  "mteb_dataset_name": "WebFAQ",
  "mteb_version": "1.7.10",
  "test": {
    "evaluation_time": 134.72,
    "map_at_1": 0.7396,
    "map_at_10": 0.80683,
    "map_at_100": 0.80952,
    "map_at_1000": 0.80959,
    "map_at_20": 0.80858,
    "map_at_3": 0.79438,
    "map_at_5": 0.80211,
    "mrr_at_1": 0.7395,
    "mrr_at_10": 0.80682,
    "mrr_at_100": 0.80951,
    "mrr_at_1000": 0.80957,
    "mrr_at_20": 0.80857,
    "mrr_at_3": 0.79435,
    "mrr_at_5": 0.80209,
    "ndcg_at_1": 0.7396,
    "ndcg_at_10": 0.83679,
    "ndcg_at_100": 0.84938,
    "ndcg_at_1000": 0.85095,
    "ndcg_at_20": 0.84297,
    "ndcg_at_3": 0.81162,
    "ndcg_at_5": 0.82552,
    "precision_at_1": 0.7396,
    "precision_at_10": 0.09295,
    "precision_at_100": 0.00987,
    "precision_at_1000": 0.001,
    "precision_at_20": 0.04768,
    "precision_at_3": 0.2871,
    "precision_at_5": 0.179,
    "recall_at_1": 0.7396,
    "recall_at_10": 0.9295,
    "recall_at_100": 0.9873,
    "recall_at_1000": 0.9992,
    "recall_at_20": 0.9535,
    "recall_at_3": 0.8613,
    "recall_at_5": 0.895
  }
}