{
  "dataset_revision": "95c8db7d4a6e9c1d8a60601afd63d553ae20a2eb",
  "dev": {
    "evaluation_time": 559.19,
    "map_at_1": 0.23083,
    "map_at_10": 0.37285,
    "map_at_100": 0.38834,
    "map_at_1000": 0.38948,
    "map_at_20": 0.38195,
    "map_at_3": 0.31893,
    "map_at_5": 0.34755,
    "mrr_at_1": 0.36496,
    "mrr_at_10": 0.48486,
    "mrr_at_100": 0.49248,
    "mrr_at_1000": 0.4928,
    "mrr_at_20": 0.48998,
    "mrr_at_3": 0.4485,
    "mrr_at_5": 0.47028,
    "ndcg_at_1": 0.36496,
    "ndcg_at_10": 0.4596,
    "ndcg_at_100": 0.5164,
    "ndcg_at_1000": 0.53542,
    "ndcg_at_20": 0.48543,
    "ndcg_at_3": 0.37965,
    "ndcg_at_5": 0.4144,
    "precision_at_1": 0.36496,
    "precision_at_10": 0.1129,
    "precision_at_100": 0.0162,
    "precision_at_1000": 0.00191,
    "precision_at_20": 0.06582,
    "precision_at_3": 0.22871,
    "precision_at_5": 0.17324,
    "recall_at_1": 0.23083,
    "recall_at_10": 0.59414,
    "recall_at_100": 0.8108,
    "recall_at_1000": 0.92793,
    "recall_at_20": 0.67634,
    "recall_at_3": 0.39001,
    "recall_at_5": 0.47612
  },
  "mteb_dataset_name": "MIRACLRetrievalHardNegatives",
  "mteb_version": "1.7.10"
}