{
  "dataset_revision": "95c8db7d4a6e9c1d8a60601afd63d553ae20a2eb",
  "dev": {
    "evaluation_time": 390.29,
    "map_at_1": 0.38873,
    "map_at_10": 0.63139,
    "map_at_100": 0.64741,
    "map_at_1000": 0.64762,
    "map_at_20": 0.64169,
    "map_at_3": 0.56477,
    "map_at_5": 0.60367,
    "mrr_at_1": 0.62774,
    "mrr_at_10": 0.74975,
    "mrr_at_100": 0.75132,
    "mrr_at_1000": 0.75138,
    "mrr_at_20": 0.75096,
    "mrr_at_3": 0.72871,
    "mrr_at_5": 0.74282,
    "ndcg_at_1": 0.62774,
    "ndcg_at_10": 0.72059,
    "ndcg_at_100": 0.75939,
    "ndcg_at_1000": 0.76244,
    "ndcg_at_20": 0.74044,
    "ndcg_at_3": 0.65241,
    "ndcg_at_5": 0.68419,
    "precision_at_1": 0.62774,
    "precision_at_10": 0.16788,
    "precision_at_100": 0.02051,
    "precision_at_1000": 0.0021,
    "precision_at_20": 0.09246,
    "precision_at_3": 0.39659,
    "precision_at_5": 0.28418,
    "recall_at_1": 0.38873,
    "recall_at_10": 0.8496,
    "recall_at_100": 0.98,
    "recall_at_1000": 0.99878,
    "recall_at_20": 0.90733,
    "recall_at_3": 0.65836,
    "recall_at_5": 0.75422
  },
  "mteb_dataset_name": "MIRACLRetrievalHardNegatives",
  "mteb_version": "1.7.10"
}