{
  "dataset_revision": "95c8db7d4a6e9c1d8a60601afd63d553ae20a2eb",
  "dev": {
    "evaluation_time": 2554.54,
    "map_at_1": 0.39562,
    "map_at_10": 0.63184,
    "map_at_100": 0.64779,
    "map_at_1000": 0.64815,
    "map_at_20": 0.6429,
    "map_at_3": 0.56599,
    "map_at_5": 0.60472,
    "mrr_at_1": 0.63747,
    "mrr_at_10": 0.75274,
    "mrr_at_100": 0.75463,
    "mrr_at_1000": 0.75469,
    "mrr_at_20": 0.75392,
    "mrr_at_3": 0.7352,
    "mrr_at_5": 0.74639,
    "ndcg_at_1": 0.63747,
    "ndcg_at_10": 0.71882,
    "ndcg_at_100": 0.75761,
    "ndcg_at_1000": 0.76222,
    "ndcg_at_20": 0.73925,
    "ndcg_at_3": 0.65443,
    "ndcg_at_5": 0.68313,
    "precision_at_1": 0.63747,
    "precision_at_10": 0.16594,
    "precision_at_100": 0.02032,
    "precision_at_1000": 0.00209,
    "precision_at_20": 0.09173,
    "precision_at_3": 0.39497,
    "precision_at_5": 0.28321,
    "recall_at_1": 0.39562,
    "recall_at_10": 0.83785,
    "recall_at_100": 0.97044,
    "recall_at_1000": 0.99797,
    "recall_at_20": 0.8959,
    "recall_at_3": 0.65616,
    "recall_at_5": 0.74392
  },
  "mteb_dataset_name": "MIRACLRetrievalHardNegatives",
  "mteb_version": "1.7.10"
}