{
  "dataset_revision": "95c8db7d4a6e9c1d8a60601afd63d553ae20a2eb",
  "dev": {
    "evaluation_time": 563.44,
    "map_at_1": 0.15962,
    "map_at_10": 0.24746,
    "map_at_100": 0.26306,
    "map_at_1000": 0.26451,
    "map_at_20": 0.25507,
    "map_at_3": 0.2081,
    "map_at_5": 0.23095,
    "mrr_at_1": 0.26521,
    "mrr_at_10": 0.36268,
    "mrr_at_100": 0.36987,
    "mrr_at_1000": 0.37047,
    "mrr_at_20": 0.36611,
    "mrr_at_3": 0.32644,
    "mrr_at_5": 0.35223,
    "ndcg_at_1": 0.26521,
    "ndcg_at_10": 0.32038,
    "ndcg_at_100": 0.38577,
    "ndcg_at_1000": 0.4145,
    "ndcg_at_20": 0.34086,
    "ndcg_at_3": 0.25515,
    "ndcg_at_5": 0.28861,
    "precision_at_1": 0.26521,
    "precision_at_10": 0.08224,
    "precision_at_100": 0.01426,
    "precision_at_1000": 0.00183,
    "precision_at_20": 0.04854,
    "precision_at_3": 0.15328,
    "precision_at_5": 0.12701,
    "recall_at_1": 0.15962,
    "recall_at_10": 0.41573,
    "recall_at_100": 0.67963,
    "recall_at_1000": 0.87077,
    "recall_at_20": 0.48036,
    "recall_at_3": 0.25457,
    "recall_at_5": 0.33143
  },
  "mteb_dataset_name": "MIRACLRetrievalHardNegatives",
  "mteb_version": "1.7.10"
}