{
  "dataset_revision": "95c8db7d4a6e9c1d8a60601afd63d553ae20a2eb",
  "dev": {
    "evaluation_time": 803.85,
    "map_at_1": 0.41372,
    "map_at_10": 0.64185,
    "map_at_100": 0.657,
    "map_at_1000": 0.65734,
    "map_at_20": 0.65193,
    "map_at_3": 0.58069,
    "map_at_5": 0.61933,
    "mrr_at_1": 0.65937,
    "mrr_at_10": 0.77049,
    "mrr_at_100": 0.77207,
    "mrr_at_1000": 0.77212,
    "mrr_at_20": 0.77152,
    "mrr_at_3": 0.75588,
    "mrr_at_5": 0.76598,
    "ndcg_at_1": 0.65937,
    "ndcg_at_10": 0.7268,
    "ndcg_at_100": 0.76485,
    "ndcg_at_1000": 0.76907,
    "ndcg_at_20": 0.74717,
    "ndcg_at_3": 0.66916,
    "ndcg_at_5": 0.69797,
    "precision_at_1": 0.65937,
    "precision_at_10": 0.1635,
    "precision_at_100": 0.02005,
    "precision_at_1000": 0.00207,
    "precision_at_20": 0.0899,
    "precision_at_3": 0.39903,
    "precision_at_5": 0.28175,
    "recall_at_1": 0.41372,
    "recall_at_10": 0.83463,
    "recall_at_100": 0.96335,
    "recall_at_1000": 0.98796,
    "recall_at_20": 0.89531,
    "recall_at_3": 0.6731,
    "recall_at_5": 0.76179
  },
  "mteb_dataset_name": "MIRACLRetrievalHardNegatives",
  "mteb_version": "1.7.10"
}