{
  "dataset_revision": "fc24a3ce8f09746410daee3d5cd823ff7a0675b7",
  "mteb_dataset_name": "MrTidyRetrieval",
  "mteb_version": "1.7.10",
  "test": {
    "evaluation_time": 408.47,
    "map_at_1": 0.48649,
    "map_at_10": 0.66033,
    "map_at_100": 0.66272,
    "map_at_1000": 0.66288,
    "map_at_20": 0.66224,
    "map_at_3": 0.62387,
    "map_at_5": 0.64459,
    "mrr_at_1": 0.54054,
    "mrr_at_10": 0.67521,
    "mrr_at_100": 0.6776,
    "mrr_at_1000": 0.67767,
    "mrr_at_20": 0.67712,
    "mrr_at_3": 0.64865,
    "mrr_at_5": 0.66532,
    "ndcg_at_1": 0.54054,
    "ndcg_at_10": 0.72563,
    "ndcg_at_100": 0.73707,
    "ndcg_at_1000": 0.74129,
    "ndcg_at_20": 0.73252,
    "ndcg_at_3": 0.66079,
    "ndcg_at_5": 0.69398,
    "precision_at_1": 0.54054,
    "precision_at_10": 0.10631,
    "precision_at_100": 0.01117,
    "precision_at_1000": 0.00116,
    "precision_at_20": 0.0545,
    "precision_at_3": 0.27928,
    "precision_at_5": 0.18919,
    "recall_at_1": 0.48649,
    "recall_at_10": 0.90541,
    "recall_at_100": 0.95946,
    "recall_at_1000": 0.99099,
    "recall_at_20": 0.93243,
    "recall_at_3": 0.74324,
    "recall_at_5": 0.81532
  }
}