{
  "dataset_revision": "fc24a3ce8f09746410daee3d5cd823ff7a0675b7",
  "mteb_dataset_name": "MrTidyRetrieval",
  "mteb_version": "1.7.10",
  "test": {
    "evaluation_time": 566.63,
    "map_at_1": 0.14865,
    "map_at_10": 0.24122,
    "map_at_100": 0.25345,
    "map_at_1000": 0.25413,
    "map_at_20": 0.24888,
    "map_at_3": 0.1997,
    "map_at_5": 0.22898,
    "mrr_at_1": 0.17117,
    "mrr_at_10": 0.26115,
    "mrr_at_100": 0.27194,
    "mrr_at_1000": 0.27243,
    "mrr_at_20": 0.26829,
    "mrr_at_3": 0.21922,
    "mrr_at_5": 0.24985,
    "ndcg_at_1": 0.17117,
    "ndcg_at_10": 0.29918,
    "ndcg_at_100": 0.35658,
    "ndcg_at_1000": 0.37349,
    "ndcg_at_20": 0.3274,
    "ndcg_at_3": 0.21807,
    "ndcg_at_5": 0.27129,
    "precision_at_1": 0.17117,
    "precision_at_10": 0.05405,
    "precision_at_100": 0.00838,
    "precision_at_1000": 0.00099,
    "precision_at_20": 0.03288,
    "precision_at_3": 0.0991,
    "precision_at_5": 0.08829,
    "recall_at_1": 0.14865,
    "recall_at_10": 0.45946,
    "recall_at_100": 0.72072,
    "recall_at_1000": 0.85135,
    "recall_at_20": 0.57207,
    "recall_at_3": 0.25225,
    "recall_at_5": 0.37838
  }
}