{
  "dataset_revision": "fc24a3ce8f09746410daee3d5cd823ff7a0675b7",
  "mteb_dataset_name": "MrTidyRetrieval",
  "mteb_version": "1.7.10",
  "test": {
    "evaluation_time": 787.71,
    "map_at_1": 0.52703,
    "map_at_10": 0.67962,
    "map_at_100": 0.68395,
    "map_at_1000": 0.68404,
    "map_at_20": 0.68224,
    "map_at_3": 0.64865,
    "map_at_5": 0.66689,
    "mrr_at_1": 0.59459,
    "mrr_at_10": 0.69972,
    "mrr_at_100": 0.70388,
    "mrr_at_1000": 0.70394,
    "mrr_at_20": 0.70239,
    "mrr_at_3": 0.67568,
    "mrr_at_5": 0.69279,
    "ndcg_at_1": 0.59459,
    "ndcg_at_10": 0.73551,
    "ndcg_at_100": 0.75711,
    "ndcg_at_1000": 0.75902,
    "ndcg_at_20": 0.7444,
    "ndcg_at_3": 0.67946,
    "ndcg_at_5": 0.71059,
    "precision_at_1": 0.59459,
    "precision_at_10": 0.1027,
    "precision_at_100": 0.01153,
    "precision_at_1000": 0.00117,
    "precision_at_20": 0.0536,
    "precision_at_3": 0.28529,
    "precision_at_5": 0.18739,
    "recall_at_1": 0.52703,
    "recall_at_10": 0.88739,
    "recall_at_100": 0.98649,
    "recall_at_1000": 1.0,
    "recall_at_20": 0.91892,
    "recall_at_3": 0.74324,
    "recall_at_5": 0.81532
  }
}