{
  "dataset_revision": "fc24a3ce8f09746410daee3d5cd823ff7a0675b7",
  "mteb_dataset_name": "MrTidyRetrieval",
  "mteb_version": "1.7.10",
  "test": {
    "evaluation_time": 2925.79,
    "map_at_1": 0.4955,
    "map_at_10": 0.64931,
    "map_at_100": 0.65208,
    "map_at_1000": 0.6523,
    "map_at_20": 0.65104,
    "map_at_3": 0.61862,
    "map_at_5": 0.63438,
    "mrr_at_1": 0.54955,
    "mrr_at_10": 0.669,
    "mrr_at_100": 0.67102,
    "mrr_at_1000": 0.67124,
    "mrr_at_20": 0.67018,
    "mrr_at_3": 0.64865,
    "mrr_at_5": 0.65721,
    "ndcg_at_1": 0.54955,
    "ndcg_at_10": 0.71268,
    "ndcg_at_100": 0.72474,
    "ndcg_at_1000": 0.73068,
    "ndcg_at_20": 0.7185,
    "ndcg_at_3": 0.65836,
    "ndcg_at_5": 0.68117,
    "precision_at_1": 0.54955,
    "precision_at_10": 0.1036,
    "precision_at_100": 0.01099,
    "precision_at_1000": 0.00115,
    "precision_at_20": 0.05315,
    "precision_at_3": 0.28529,
    "precision_at_5": 0.18559,
    "recall_at_1": 0.4955,
    "recall_at_10": 0.88288,
    "recall_at_100": 0.93694,
    "recall_at_1000": 0.98198,
    "recall_at_20": 0.90541,
    "recall_at_3": 0.74324,
    "recall_at_5": 0.79279
  }
}