{
  "dataset_revision": "fc24a3ce8f09746410daee3d5cd823ff7a0675b7",
  "mteb_dataset_name": "MrTidyRetrieval",
  "mteb_version": "1.7.10",
  "test": {
    "evaluation_time": 566.5,
    "map_at_1": 0.23874,
    "map_at_10": 0.38235,
    "map_at_100": 0.39428,
    "map_at_1000": 0.39458,
    "map_at_20": 0.39119,
    "map_at_3": 0.34234,
    "map_at_5": 0.36577,
    "mrr_at_1": 0.28829,
    "mrr_at_10": 0.41033,
    "mrr_at_100": 0.42078,
    "mrr_at_1000": 0.42104,
    "mrr_at_20": 0.41855,
    "mrr_at_3": 0.37688,
    "mrr_at_5": 0.39985,
    "ndcg_at_1": 0.28829,
    "ndcg_at_10": 0.45215,
    "ndcg_at_100": 0.49987,
    "ndcg_at_1000": 0.50677,
    "ndcg_at_20": 0.48291,
    "ndcg_at_3": 0.37822,
    "ndcg_at_5": 0.419,
    "precision_at_1": 0.28829,
    "precision_at_10": 0.07477,
    "precision_at_100": 0.00982,
    "precision_at_1000": 0.00105,
    "precision_at_20": 0.04414,
    "precision_at_3": 0.17417,
    "precision_at_5": 0.12613,
    "recall_at_1": 0.23874,
    "recall_at_10": 0.63964,
    "recall_at_100": 0.83784,
    "recall_at_1000": 0.88739,
    "recall_at_20": 0.75676,
    "recall_at_3": 0.45045,
    "recall_at_5": 0.54505
  }
}