{
  "dataset_revision": "95c8db7d4a6e9c1d8a60601afd63d553ae20a2eb",
  "dev": {
    "evaluation_time": 92.83,
    "map_at_1": 0.28277,
    "map_at_10": 0.48914,
    "map_at_100": 0.51152,
    "map_at_1000": 0.512,
    "map_at_20": 0.50509,
    "map_at_3": 0.41579,
    "map_at_5": 0.45543,
    "mrr_at_1": 0.49429,
    "mrr_at_10": 0.61228,
    "mrr_at_100": 0.61711,
    "mrr_at_1000": 0.61728,
    "mrr_at_20": 0.61532,
    "mrr_at_3": 0.58524,
    "mrr_at_5": 0.60124,
    "ndcg_at_1": 0.49429,
    "ndcg_at_10": 0.58196,
    "ndcg_at_100": 0.6439,
    "ndcg_at_1000": 0.65109,
    "ndcg_at_20": 0.61416,
    "ndcg_at_3": 0.50684,
    "ndcg_at_5": 0.53356,
    "precision_at_1": 0.49429,
    "precision_at_10": 0.15314,
    "precision_at_100": 0.02057,
    "precision_at_1000": 0.00214,
    "precision_at_20": 0.08943,
    "precision_at_3": 0.32095,
    "precision_at_5": 0.24114,
    "recall_at_1": 0.28277,
    "recall_at_10": 0.71812,
    "recall_at_100": 0.94915,
    "recall_at_1000": 0.99531,
    "recall_at_20": 0.8139,
    "recall_at_3": 0.49799,
    "recall_at_5": 0.59131
  },
  "mteb_dataset_name": "MIRACLRetrievalHardNegatives",
  "mteb_version": "1.7.10"
}