{
  "dataset_revision": "95c8db7d4a6e9c1d8a60601afd63d553ae20a2eb",
  "dev": {
    "evaluation_time": 124.39,
    "map_at_1": 0.16443,
    "map_at_10": 0.29224,
    "map_at_100": 0.31387,
    "map_at_1000": 0.31529,
    "map_at_20": 0.3054,
    "map_at_3": 0.24521,
    "map_at_5": 0.26979,
    "mrr_at_1": 0.33429,
    "mrr_at_10": 0.42951,
    "mrr_at_100": 0.43832,
    "mrr_at_1000": 0.43891,
    "mrr_at_20": 0.43494,
    "mrr_at_3": 0.40048,
    "mrr_at_5": 0.41819,
    "ndcg_at_1": 0.33429,
    "ndcg_at_10": 0.37462,
    "ndcg_at_100": 0.45123,
    "ndcg_at_1000": 0.47805,
    "ndcg_at_20": 0.4074,
    "ndcg_at_3": 0.3189,
    "ndcg_at_5": 0.33935,
    "precision_at_1": 0.33429,
    "precision_at_10": 0.10343,
    "precision_at_100": 0.01714,
    "precision_at_1000": 0.00205,
    "precision_at_20": 0.064,
    "precision_at_3": 0.20952,
    "precision_at_5": 0.15886,
    "recall_at_1": 0.16443,
    "recall_at_10": 0.47987,
    "recall_at_100": 0.77628,
    "recall_at_1000": 0.95673,
    "recall_at_20": 0.582,
    "recall_at_3": 0.30905,
    "recall_at_5": 0.38705
  },
  "mteb_dataset_name": "MIRACLRetrievalHardNegatives",
  "mteb_version": "1.7.10"
}