{
  "dataset_revision": "95c8db7d4a6e9c1d8a60601afd63d553ae20a2eb",
  "dev": {
    "evaluation_time": 202.96,
    "map_at_1": 0.25417,
    "map_at_10": 0.43184,
    "map_at_100": 0.4563,
    "map_at_1000": 0.4569,
    "map_at_20": 0.44842,
    "map_at_3": 0.36257,
    "map_at_5": 0.4009,
    "mrr_at_1": 0.43714,
    "mrr_at_10": 0.55461,
    "mrr_at_100": 0.56148,
    "mrr_at_1000": 0.56171,
    "mrr_at_20": 0.55942,
    "mrr_at_3": 0.5219,
    "mrr_at_5": 0.54405,
    "ndcg_at_1": 0.43714,
    "ndcg_at_10": 0.5228,
    "ndcg_at_100": 0.59545,
    "ndcg_at_1000": 0.60513,
    "ndcg_at_20": 0.56041,
    "ndcg_at_3": 0.44662,
    "ndcg_at_5": 0.4791,
    "precision_at_1": 0.43714,
    "precision_at_10": 0.14,
    "precision_at_100": 0.02009,
    "precision_at_1000": 0.00212,
    "precision_at_20": 0.08371,
    "precision_at_3": 0.28571,
    "precision_at_5": 0.22,
    "recall_at_1": 0.25417,
    "recall_at_10": 0.652,
    "recall_at_100": 0.92333,
    "recall_at_1000": 0.98776,
    "recall_at_20": 0.77026,
    "recall_at_3": 0.433,
    "recall_at_5": 0.53766
  },
  "mteb_dataset_name": "MIRACLRetrievalHardNegatives",
  "mteb_version": "1.7.10"
}