{
  "dataset_revision": "95c8db7d4a6e9c1d8a60601afd63d553ae20a2eb",
  "dev": {
    "evaluation_time": 126.73,
    "map_at_1": 0.12864,
    "map_at_10": 0.23992,
    "map_at_100": 0.26007,
    "map_at_1000": 0.26158,
    "map_at_20": 0.2513,
    "map_at_3": 0.19867,
    "map_at_5": 0.21657,
    "mrr_at_1": 0.25714,
    "mrr_at_10": 0.36374,
    "mrr_at_100": 0.37399,
    "mrr_at_1000": 0.37458,
    "mrr_at_20": 0.37055,
    "mrr_at_3": 0.33762,
    "mrr_at_5": 0.35176,
    "ndcg_at_1": 0.25714,
    "ndcg_at_10": 0.31902,
    "ndcg_at_100": 0.39534,
    "ndcg_at_1000": 0.42424,
    "ndcg_at_20": 0.35189,
    "ndcg_at_3": 0.2652,
    "ndcg_at_5": 0.27834,
    "precision_at_1": 0.25714,
    "precision_at_10": 0.09171,
    "precision_at_100": 0.01569,
    "precision_at_1000": 0.00197,
    "precision_at_20": 0.05671,
    "precision_at_3": 0.18095,
    "precision_at_5": 0.13371,
    "recall_at_1": 0.12864,
    "recall_at_10": 0.42523,
    "recall_at_100": 0.72653,
    "recall_at_1000": 0.91492,
    "recall_at_20": 0.53453,
    "recall_at_3": 0.26007,
    "recall_at_5": 0.31609
  },
  "mteb_dataset_name": "MIRACLRetrievalHardNegatives",
  "mteb_version": "1.7.10"
}