{
  "dataset_revision": "95c8db7d4a6e9c1d8a60601afd63d553ae20a2eb",
  "dev": {
    "evaluation_time": 531.93,
    "map_at_1": 0.27679,
    "map_at_10": 0.47317,
    "map_at_100": 0.49296,
    "map_at_1000": 0.49366,
    "map_at_20": 0.48549,
    "map_at_3": 0.40609,
    "map_at_5": 0.44397,
    "mrr_at_1": 0.48286,
    "mrr_at_10": 0.59769,
    "mrr_at_100": 0.60219,
    "mrr_at_1000": 0.60236,
    "mrr_at_20": 0.59966,
    "mrr_at_3": 0.56905,
    "mrr_at_5": 0.58762,
    "ndcg_at_1": 0.48286,
    "ndcg_at_10": 0.56676,
    "ndcg_at_100": 0.62541,
    "ndcg_at_1000": 0.63532,
    "ndcg_at_20": 0.59128,
    "ndcg_at_3": 0.49559,
    "ndcg_at_5": 0.52415,
    "precision_at_1": 0.48286,
    "precision_at_10": 0.148,
    "precision_at_100": 0.02003,
    "precision_at_1000": 0.00213,
    "precision_at_20": 0.08471,
    "precision_at_3": 0.32,
    "precision_at_5": 0.23771,
    "recall_at_1": 0.27679,
    "recall_at_10": 0.70508,
    "recall_at_100": 0.92718,
    "recall_at_1000": 0.99027,
    "recall_at_20": 0.77634,
    "recall_at_3": 0.49012,
    "recall_at_5": 0.59127
  },
  "mteb_dataset_name": "MIRACLRetrievalHardNegatives",
  "mteb_version": "1.7.10"
}