{
  "dataset_revision": "5ad9931726ff26496453bdf21176f765d18fec49",
  "mteb_dataset_name": "WebFAQ",
  "mteb_version": "1.7.10",
  "test": {
    "evaluation_time": 107.7,
    "map_at_1": 0.6936,
    "map_at_10": 0.76384,
    "map_at_100": 0.76729,
    "map_at_1000": 0.7674,
    "map_at_20": 0.76602,
    "map_at_3": 0.74952,
    "map_at_5": 0.75812,
    "mrr_at_1": 0.6935,
    "mrr_at_10": 0.76379,
    "mrr_at_100": 0.76724,
    "mrr_at_1000": 0.76735,
    "mrr_at_20": 0.76597,
    "mrr_at_3": 0.74947,
    "mrr_at_5": 0.75807,
    "ndcg_at_1": 0.6936,
    "ndcg_at_10": 0.79609,
    "ndcg_at_100": 0.81302,
    "ndcg_at_1000": 0.81578,
    "ndcg_at_20": 0.80393,
    "ndcg_at_3": 0.76694,
    "ndcg_at_5": 0.78237,
    "precision_at_1": 0.6936,
    "precision_at_10": 0.08965,
    "precision_at_100": 0.00976,
    "precision_at_1000": 0.001,
    "precision_at_20": 0.04637,
    "precision_at_3": 0.27237,
    "precision_at_5": 0.17088,
    "recall_at_1": 0.6936,
    "recall_at_10": 0.8965,
    "recall_at_100": 0.976,
    "recall_at_1000": 0.9976,
    "recall_at_20": 0.9273,
    "recall_at_3": 0.8171,
    "recall_at_5": 0.8544
  }
}