{
  "dataset_revision": "b4320165e039fec2ed05f4b1ba74e4e9376da070",
  "mteb_dataset_name": "WebFAQ",
  "mteb_version": "1.7.10",
  "test": {
    "evaluation_time": 99.32,
    "map_at_1": 0.71562,
    "map_at_10": 0.79172,
    "map_at_100": 0.79442,
    "map_at_1000": 0.79449,
    "map_at_20": 0.79355,
    "map_at_3": 0.77812,
    "map_at_5": 0.78712,
    "mrr_at_1": 0.71562,
    "mrr_at_10": 0.79175,
    "mrr_at_100": 0.79444,
    "mrr_at_1000": 0.79452,
    "mrr_at_20": 0.79357,
    "mrr_at_3": 0.77814,
    "mrr_at_5": 0.78715,
    "ndcg_at_1": 0.71562,
    "ndcg_at_10": 0.82479,
    "ndcg_at_100": 0.83739,
    "ndcg_at_1000": 0.83916,
    "ndcg_at_20": 0.83128,
    "ndcg_at_3": 0.79765,
    "ndcg_at_5": 0.81376,
    "precision_at_1": 0.71562,
    "precision_at_10": 0.09266,
    "precision_at_100": 0.00985,
    "precision_at_1000": 0.001,
    "precision_at_20": 0.0476,
    "precision_at_3": 0.28463,
    "precision_at_5": 0.17856,
    "recall_at_1": 0.71562,
    "recall_at_10": 0.92663,
    "recall_at_100": 0.98458,
    "recall_at_1000": 0.99814,
    "recall_at_20": 0.95198,
    "recall_at_3": 0.85388,
    "recall_at_5": 0.89279
  }
}