{
  "dataset_revision": "5ad9931726ff26496453bdf21176f765d18fec49",
  "mteb_dataset_name": "WebFAQ",
  "mteb_version": "1.7.10",
  "test": {
    "evaluation_time": 823.05,
    "map_at_1": 0.7642,
    "map_at_10": 0.83583,
    "map_at_100": 0.83776,
    "map_at_1000": 0.83777,
    "map_at_20": 0.83722,
    "map_at_3": 0.82408,
    "map_at_5": 0.83192,
    "mrr_at_1": 0.7641,
    "mrr_at_10": 0.83577,
    "mrr_at_100": 0.83771,
    "mrr_at_1000": 0.83772,
    "mrr_at_20": 0.83717,
    "mrr_at_3": 0.82403,
    "mrr_at_5": 0.83188,
    "ndcg_at_1": 0.7642,
    "ndcg_at_10": 0.86641,
    "ndcg_at_100": 0.87493,
    "ndcg_at_1000": 0.87519,
    "ndcg_at_20": 0.87143,
    "ndcg_at_3": 0.84289,
    "ndcg_at_5": 0.85693,
    "precision_at_1": 0.7642,
    "precision_at_10": 0.09603,
    "precision_at_100": 0.00998,
    "precision_at_1000": 0.001,
    "precision_at_20": 0.04901,
    "precision_at_3": 0.29903,
    "precision_at_5": 0.1862,
    "recall_at_1": 0.7642,
    "recall_at_10": 0.9603,
    "recall_at_100": 0.9981,
    "recall_at_1000": 1.0,
    "recall_at_20": 0.9801,
    "recall_at_3": 0.8971,
    "recall_at_5": 0.931
  }
}