{
  "dataset_revision": "5ad9931726ff26496453bdf21176f765d18fec49",
  "mteb_dataset_name": "WebFAQ",
  "mteb_version": "1.7.10",
  "test": {
    "evaluation_time": 133.58,
    "map_at_1": 0.64,
    "map_at_10": 0.72419,
    "map_at_100": 0.72799,
    "map_at_1000": 0.72812,
    "map_at_20": 0.72664,
    "map_at_3": 0.70738,
    "map_at_5": 0.71778,
    "mrr_at_1": 0.6402,
    "mrr_at_10": 0.72427,
    "mrr_at_100": 0.72807,
    "mrr_at_1000": 0.72821,
    "mrr_at_20": 0.72672,
    "mrr_at_3": 0.70747,
    "mrr_at_5": 0.71787,
    "ndcg_at_1": 0.64,
    "ndcg_at_10": 0.76264,
    "ndcg_at_100": 0.78083,
    "ndcg_at_1000": 0.78453,
    "ndcg_at_20": 0.77147,
    "ndcg_at_3": 0.72851,
    "ndcg_at_5": 0.74725,
    "precision_at_1": 0.64,
    "precision_at_10": 0.08822,
    "precision_at_100": 0.00967,
    "precision_at_1000": 0.001,
    "precision_at_20": 0.04585,
    "precision_at_3": 0.26313,
    "precision_at_5": 0.16698,
    "recall_at_1": 0.64,
    "recall_at_10": 0.8822,
    "recall_at_100": 0.9666,
    "recall_at_1000": 0.9958,
    "recall_at_20": 0.9169,
    "recall_at_3": 0.7894,
    "recall_at_5": 0.8349
  }
}