{
  "dataset_revision": "b4320165e039fec2ed05f4b1ba74e4e9376da070",
  "mteb_dataset_name": "WebFAQ",
  "mteb_version": "1.7.10",
  "test": {
    "evaluation_time": 111.03,
    "map_at_1": 0.69078,
    "map_at_10": 0.76162,
    "map_at_100": 0.76526,
    "map_at_1000": 0.76537,
    "map_at_20": 0.76397,
    "map_at_3": 0.74684,
    "map_at_5": 0.75623,
    "mrr_at_1": 0.69099,
    "mrr_at_10": 0.76177,
    "mrr_at_100": 0.76539,
    "mrr_at_1000": 0.76551,
    "mrr_at_20": 0.76411,
    "mrr_at_3": 0.74699,
    "mrr_at_5": 0.75636,
    "ndcg_at_1": 0.69078,
    "ndcg_at_10": 0.79417,
    "ndcg_at_100": 0.8115,
    "ndcg_at_1000": 0.81432,
    "ndcg_at_20": 0.80266,
    "ndcg_at_3": 0.76439,
    "ndcg_at_5": 0.78122,
    "precision_at_1": 0.69078,
    "precision_at_10": 0.08954,
    "precision_at_100": 0.00975,
    "precision_at_1000": 0.001,
    "precision_at_20": 0.04644,
    "precision_at_3": 0.27165,
    "precision_at_5": 0.17113,
    "recall_at_1": 0.69078,
    "recall_at_10": 0.89537,
    "recall_at_100": 0.97547,
    "recall_at_1000": 0.99731,
    "recall_at_20": 0.9288,
    "recall_at_3": 0.81496,
    "recall_at_5": 0.85563
  }
}