{
  "dataset_revision": "b4320165e039fec2ed05f4b1ba74e4e9376da070",
  "mteb_dataset_name": "WebFAQ",
  "mteb_version": "1.7.10",
  "test": {
    "evaluation_time": 117.27,
    "map_at_1": 0.59474,
    "map_at_10": 0.66534,
    "map_at_100": 0.66995,
    "map_at_1000": 0.6702,
    "map_at_20": 0.66812,
    "map_at_3": 0.64973,
    "map_at_5": 0.65893,
    "mrr_at_1": 0.59505,
    "mrr_at_10": 0.66553,
    "mrr_at_100": 0.67015,
    "mrr_at_1000": 0.6704,
    "mrr_at_20": 0.66831,
    "mrr_at_3": 0.64994,
    "mrr_at_5": 0.65912,
    "ndcg_at_1": 0.59474,
    "ndcg_at_10": 0.69924,
    "ndcg_at_100": 0.72237,
    "ndcg_at_1000": 0.72939,
    "ndcg_at_20": 0.70924,
    "ndcg_at_3": 0.66729,
    "ndcg_at_5": 0.68385,
    "precision_at_1": 0.59474,
    "precision_at_10": 0.08054,
    "precision_at_100": 0.00915,
    "precision_at_1000": 0.00097,
    "precision_at_20": 0.04224,
    "precision_at_3": 0.23933,
    "precision_at_5": 0.15163,
    "recall_at_1": 0.59474,
    "recall_at_10": 0.80544,
    "recall_at_100": 0.91524,
    "recall_at_1000": 0.97123,
    "recall_at_20": 0.84477,
    "recall_at_3": 0.718,
    "recall_at_5": 0.75815
  }
}