{
  "dataset_revision": "b4320165e039fec2ed05f4b1ba74e4e9376da070",
  "mteb_dataset_name": "WebFAQ",
  "mteb_version": "1.7.10",
  "test": {
    "evaluation_time": 221.07,
    "map_at_1": 0.76167,
    "map_at_10": 0.83192,
    "map_at_100": 0.83396,
    "map_at_1000": 0.83397,
    "map_at_20": 0.83332,
    "map_at_3": 0.81905,
    "map_at_5": 0.82742,
    "mrr_at_1": 0.76167,
    "mrr_at_10": 0.83193,
    "mrr_at_100": 0.83397,
    "mrr_at_1000": 0.83398,
    "mrr_at_20": 0.83333,
    "mrr_at_3": 0.81907,
    "mrr_at_5": 0.82743,
    "ndcg_at_1": 0.76167,
    "ndcg_at_10": 0.86288,
    "ndcg_at_100": 0.87195,
    "ndcg_at_1000": 0.87212,
    "ndcg_at_20": 0.86791,
    "ndcg_at_3": 0.83711,
    "ndcg_at_5": 0.85213,
    "precision_at_1": 0.76167,
    "precision_at_10": 0.09584,
    "precision_at_100": 0.00999,
    "precision_at_1000": 0.001,
    "precision_at_20": 0.04891,
    "precision_at_3": 0.29639,
    "precision_at_5": 0.1851,
    "recall_at_1": 0.76167,
    "recall_at_10": 0.9584,
    "recall_at_100": 0.99876,
    "recall_at_1000": 1.0,
    "recall_at_20": 0.97816,
    "recall_at_3": 0.88916,
    "recall_at_5": 0.92549
  }
}