{
  "dataset_revision": "b4320165e039fec2ed05f4b1ba74e4e9376da070",
  "mteb_dataset_name": "WebFAQ",
  "mteb_version": "1.7.10",
  "test": {
    "evaluation_time": 154.1,
    "map_at_1": 0.63314,
    "map_at_10": 0.71899,
    "map_at_100": 0.72282,
    "map_at_1000": 0.72294,
    "map_at_20": 0.72147,
    "map_at_3": 0.70115,
    "map_at_5": 0.71258,
    "mrr_at_1": 0.63334,
    "mrr_at_10": 0.71911,
    "mrr_at_100": 0.72294,
    "mrr_at_1000": 0.72306,
    "mrr_at_20": 0.72159,
    "mrr_at_3": 0.70123,
    "mrr_at_5": 0.71273,
    "ndcg_at_1": 0.63314,
    "ndcg_at_10": 0.75897,
    "ndcg_at_100": 0.77775,
    "ndcg_at_1000": 0.78091,
    "ndcg_at_20": 0.76796,
    "ndcg_at_3": 0.72296,
    "ndcg_at_5": 0.74349,
    "precision_at_1": 0.63314,
    "precision_at_10": 0.08834,
    "precision_at_100": 0.00972,
    "precision_at_1000": 0.001,
    "precision_at_20": 0.04594,
    "precision_at_3": 0.262,
    "precision_at_5": 0.16713,
    "recall_at_1": 0.63314,
    "recall_at_10": 0.88337,
    "recall_at_100": 0.97164,
    "recall_at_1000": 0.99648,
    "recall_at_20": 0.91887,
    "recall_at_3": 0.78599,
    "recall_at_5": 0.83566
  }
}