{
  "dataset_revision": "5ad9931726ff26496453bdf21176f765d18fec49",
  "mteb_dataset_name": "WebFAQ",
  "mteb_version": "1.7.10",
  "test": {
    "evaluation_time": 88.95,
    "map_at_1": 0.7181,
    "map_at_10": 0.79244,
    "map_at_100": 0.79506,
    "map_at_1000": 0.79513,
    "map_at_20": 0.79412,
    "map_at_3": 0.77933,
    "map_at_5": 0.78739,
    "mrr_at_1": 0.7181,
    "mrr_at_10": 0.79244,
    "mrr_at_100": 0.79505,
    "mrr_at_1000": 0.79512,
    "mrr_at_20": 0.79412,
    "mrr_at_3": 0.77933,
    "mrr_at_5": 0.78739,
    "ndcg_at_1": 0.7181,
    "ndcg_at_10": 0.82518,
    "ndcg_at_100": 0.83761,
    "ndcg_at_1000": 0.83939,
    "ndcg_at_20": 0.83123,
    "ndcg_at_3": 0.79847,
    "ndcg_at_5": 0.813,
    "precision_at_1": 0.7181,
    "precision_at_10": 0.09264,
    "precision_at_100": 0.00984,
    "precision_at_1000": 0.001,
    "precision_at_20": 0.04751,
    "precision_at_3": 0.28453,
    "precision_at_5": 0.17778,
    "recall_at_1": 0.7181,
    "recall_at_10": 0.9264,
    "recall_at_100": 0.9839,
    "recall_at_1000": 0.9977,
    "recall_at_20": 0.9502,
    "recall_at_3": 0.8536,
    "recall_at_5": 0.8889
  }
}