{
  "dataset_revision": "5ad9931726ff26496453bdf21176f765d18fec49",
  "mteb_dataset_name": "WebFAQ",
  "mteb_version": "1.7.10",
  "test": {
    "evaluation_time": 107.79,
    "map_at_1": 0.5985,
    "map_at_10": 0.66782,
    "map_at_100": 0.67217,
    "map_at_1000": 0.67242,
    "map_at_20": 0.67036,
    "map_at_3": 0.65173,
    "map_at_5": 0.6617,
    "mrr_at_1": 0.5986,
    "mrr_at_10": 0.66786,
    "mrr_at_100": 0.6722,
    "mrr_at_1000": 0.67245,
    "mrr_at_20": 0.67039,
    "mrr_at_3": 0.65172,
    "mrr_at_5": 0.66173,
    "ndcg_at_1": 0.5985,
    "ndcg_at_10": 0.7011,
    "ndcg_at_100": 0.7233,
    "ndcg_at_1000": 0.73054,
    "ndcg_at_20": 0.71042,
    "ndcg_at_3": 0.66854,
    "ndcg_at_5": 0.68639,
    "precision_at_1": 0.5985,
    "precision_at_10": 0.08053,
    "precision_at_100": 0.00911,
    "precision_at_1000": 0.00097,
    "precision_at_20": 0.04212,
    "precision_at_3": 0.239,
    "precision_at_5": 0.15202,
    "recall_at_1": 0.5985,
    "recall_at_10": 0.8053,
    "recall_at_100": 0.9114,
    "recall_at_1000": 0.9697,
    "recall_at_20": 0.8423,
    "recall_at_3": 0.717,
    "recall_at_5": 0.7601
  }
}