{
  "dataset_revision": "95c8db7d4a6e9c1d8a60601afd63d553ae20a2eb",
  "dev": {
    "evaluation_time": 94.61,
    "map_at_1": 0.22493,
    "map_at_10": 0.39409,
    "map_at_100": 0.4227,
    "map_at_1000": 0.42326,
    "map_at_20": 0.41243,
    "map_at_3": 0.33553,
    "map_at_5": 0.36649,
    "mrr_at_1": 0.3965,
    "mrr_at_10": 0.52331,
    "mrr_at_100": 0.53372,
    "mrr_at_1000": 0.5338,
    "mrr_at_20": 0.53128,
    "mrr_at_3": 0.49125,
    "mrr_at_5": 0.5086,
    "ndcg_at_1": 0.3965,
    "ndcg_at_10": 0.48822,
    "ndcg_at_100": 0.57932,
    "ndcg_at_1000": 0.58533,
    "ndcg_at_20": 0.53325,
    "ndcg_at_3": 0.4086,
    "ndcg_at_5": 0.44003,
    "precision_at_1": 0.3965,
    "precision_at_10": 0.1277,
    "precision_at_100": 0.02041,
    "precision_at_1000": 0.00212,
    "precision_at_20": 0.0793,
    "precision_at_3": 0.26531,
    "precision_at_5": 0.19942,
    "recall_at_1": 0.22493,
    "recall_at_10": 0.62325,
    "recall_at_100": 0.95894,
    "recall_at_1000": 0.99223,
    "recall_at_20": 0.76394,
    "recall_at_3": 0.41613,
    "recall_at_5": 0.49833
  },
  "mteb_dataset_name": "MIRACLRetrievalHardNegatives",
  "mteb_version": "1.7.10"
}