{
  "dataset_revision": "95c8db7d4a6e9c1d8a60601afd63d553ae20a2eb",
  "dev": {
    "evaluation_time": 125.77,
    "map_at_1": 0.07768,
    "map_at_10": 0.17591,
    "map_at_100": 0.20545,
    "map_at_1000": 0.20673,
    "map_at_20": 0.19131,
    "map_at_3": 0.12568,
    "map_at_5": 0.14846,
    "mrr_at_1": 0.13994,
    "mrr_at_10": 0.2574,
    "mrr_at_100": 0.27157,
    "mrr_at_1000": 0.2719,
    "mrr_at_20": 0.2661,
    "mrr_at_3": 0.20554,
    "mrr_at_5": 0.23163,
    "ndcg_at_1": 0.13994,
    "ndcg_at_10": 0.25929,
    "ndcg_at_100": 0.37244,
    "ndcg_at_1000": 0.39211,
    "ndcg_at_20": 0.30314,
    "ndcg_at_3": 0.16329,
    "ndcg_at_5": 0.19826,
    "precision_at_1": 0.13994,
    "precision_at_10": 0.08192,
    "precision_at_100": 0.01799,
    "precision_at_1000": 0.00207,
    "precision_at_20": 0.05583,
    "precision_at_3": 0.11079,
    "precision_at_5": 0.10204,
    "recall_at_1": 0.07768,
    "recall_at_10": 0.41517,
    "recall_at_100": 0.85148,
    "recall_at_1000": 0.97342,
    "recall_at_20": 0.55696,
    "recall_at_3": 0.17559,
    "recall_at_5": 0.25128
  },
  "mteb_dataset_name": "MIRACLRetrievalHardNegatives",
  "mteb_version": "1.7.10"
}