{
  "dataset_revision": "95c8db7d4a6e9c1d8a60601afd63d553ae20a2eb",
  "dev": {
    "evaluation_time": 173.78,
    "map_at_1": 0.26086,
    "map_at_10": 0.45195,
    "map_at_100": 0.478,
    "map_at_1000": 0.47834,
    "map_at_20": 0.46866,
    "map_at_3": 0.38749,
    "map_at_5": 0.42453,
    "mrr_at_1": 0.46064,
    "mrr_at_10": 0.5867,
    "mrr_at_100": 0.59297,
    "mrr_at_1000": 0.59303,
    "mrr_at_20": 0.59103,
    "mrr_at_3": 0.54908,
    "mrr_at_5": 0.57313,
    "ndcg_at_1": 0.46064,
    "ndcg_at_10": 0.5515,
    "ndcg_at_100": 0.62763,
    "ndcg_at_1000": 0.63149,
    "ndcg_at_20": 0.58936,
    "ndcg_at_3": 0.46438,
    "ndcg_at_5": 0.50464,
    "precision_at_1": 0.46064,
    "precision_at_10": 0.13936,
    "precision_at_100": 0.0207,
    "precision_at_1000": 0.00212,
    "precision_at_20": 0.08397,
    "precision_at_3": 0.30321,
    "precision_at_5": 0.22624,
    "recall_at_1": 0.26086,
    "recall_at_10": 0.69749,
    "recall_at_100": 0.96978,
    "recall_at_1000": 0.99223,
    "recall_at_20": 0.81238,
    "recall_at_3": 0.46638,
    "recall_at_5": 0.57747
  },
  "mteb_dataset_name": "MIRACLRetrievalHardNegatives",
  "mteb_version": "1.7.10"
}