{
  "dataset_revision": "95c8db7d4a6e9c1d8a60601afd63d553ae20a2eb",
  "dev": {
    "evaluation_time": 122.51,
    "map_at_1": 0.15484,
    "map_at_10": 0.29692,
    "map_at_100": 0.32604,
    "map_at_1000": 0.32668,
    "map_at_20": 0.31397,
    "map_at_3": 0.23469,
    "map_at_5": 0.26454,
    "mrr_at_1": 0.28863,
    "mrr_at_10": 0.4103,
    "mrr_at_100": 0.42134,
    "mrr_at_1000": 0.42149,
    "mrr_at_20": 0.4173,
    "mrr_at_3": 0.36395,
    "mrr_at_5": 0.38814,
    "ndcg_at_1": 0.28863,
    "ndcg_at_10": 0.39523,
    "ndcg_at_100": 0.49496,
    "ndcg_at_1000": 0.50375,
    "ndcg_at_20": 0.43923,
    "ndcg_at_3": 0.29309,
    "ndcg_at_5": 0.33077,
    "precision_at_1": 0.28863,
    "precision_at_10": 0.11254,
    "precision_at_100": 0.01997,
    "precision_at_1000": 0.00212,
    "precision_at_20": 0.07172,
    "precision_at_3": 0.19631,
    "precision_at_5": 0.15569,
    "recall_at_1": 0.15484,
    "recall_at_10": 0.5628,
    "recall_at_100": 0.93714,
    "recall_at_1000": 0.99125,
    "recall_at_20": 0.70215,
    "recall_at_3": 0.29688,
    "recall_at_5": 0.39329
  },
  "mteb_dataset_name": "MIRACLRetrievalHardNegatives",
  "mteb_version": "1.7.10"
}