{
  "dataset_revision": "95c8db7d4a6e9c1d8a60601afd63d553ae20a2eb",
  "dev": {
    "evaluation_time": 599.51,
    "map_at_1": 0.28295,
    "map_at_10": 0.45487,
    "map_at_100": 0.48123,
    "map_at_1000": 0.48148,
    "map_at_20": 0.47025,
    "map_at_3": 0.39333,
    "map_at_5": 0.4266,
    "mrr_at_1": 0.49563,
    "mrr_at_10": 0.60293,
    "mrr_at_100": 0.61007,
    "mrr_at_1000": 0.6101,
    "mrr_at_20": 0.60754,
    "mrr_at_3": 0.57289,
    "mrr_at_5": 0.59125,
    "ndcg_at_1": 0.49563,
    "ndcg_at_10": 0.54902,
    "ndcg_at_100": 0.63215,
    "ndcg_at_1000": 0.63473,
    "ndcg_at_20": 0.58574,
    "ndcg_at_3": 0.46813,
    "ndcg_at_5": 0.50294,
    "precision_at_1": 0.49563,
    "precision_at_10": 0.13673,
    "precision_at_100": 0.02085,
    "precision_at_1000": 0.00212,
    "precision_at_20": 0.08149,
    "precision_at_3": 0.29155,
    "precision_at_5": 0.21458,
    "recall_at_1": 0.28295,
    "recall_at_10": 0.66669,
    "recall_at_100": 0.97804,
    "recall_at_1000": 0.99223,
    "recall_at_20": 0.78192,
    "recall_at_3": 0.45938,
    "recall_at_5": 0.55448
  },
  "mteb_dataset_name": "MIRACLRetrievalHardNegatives",
  "mteb_version": "1.7.10"
}