{
  "dataset_revision": "b4320165e039fec2ed05f4b1ba74e4e9376da070",
  "mteb_dataset_name": "WebFAQ",
  "mteb_version": "1.7.10",
  "test": {
    "evaluation_time": 576.96,
    "map_at_1": 0.62,
    "map_at_10": 0.69392,
    "map_at_100": 0.69833,
    "map_at_1000": 0.69853,
    "map_at_20": 0.69667,
    "map_at_3": 0.67708,
    "map_at_5": 0.68755,
    "mrr_at_1": 0.6201,
    "mrr_at_10": 0.69397,
    "mrr_at_100": 0.69837,
    "mrr_at_1000": 0.69857,
    "mrr_at_20": 0.6967,
    "mrr_at_3": 0.67708,
    "mrr_at_5": 0.68756,
    "ndcg_at_1": 0.62,
    "ndcg_at_10": 0.72964,
    "ndcg_at_100": 0.75138,
    "ndcg_at_1000": 0.75696,
    "ndcg_at_20": 0.73959,
    "ndcg_at_3": 0.69542,
    "ndcg_at_5": 0.71437,
    "precision_at_1": 0.62,
    "precision_at_10": 0.08415,
    "precision_at_100": 0.00944,
    "precision_at_1000": 0.00099,
    "precision_at_20": 0.04404,
    "precision_at_3": 0.24947,
    "precision_at_5": 0.15892,
    "recall_at_1": 0.62,
    "recall_at_10": 0.8415,
    "recall_at_100": 0.9438,
    "recall_at_1000": 0.9882,
    "recall_at_20": 0.8807,
    "recall_at_3": 0.7484,
    "recall_at_5": 0.7946
  }
}