{
  "dataset_revision": "b4320165e039fec2ed05f4b1ba74e4e9376da070",
  "mteb_dataset_name": "WebFAQ",
  "mteb_version": "1.7.10",
  "test": {
    "evaluation_time": 1154.99,
    "map_at_1": 0.6605,
    "map_at_10": 0.73665,
    "map_at_100": 0.74083,
    "map_at_1000": 0.74094,
    "map_at_20": 0.73934,
    "map_at_3": 0.7202,
    "map_at_5": 0.72972,
    "mrr_at_1": 0.6606,
    "mrr_at_10": 0.73666,
    "mrr_at_100": 0.74085,
    "mrr_at_1000": 0.74095,
    "mrr_at_20": 0.73936,
    "mrr_at_3": 0.7202,
    "mrr_at_5": 0.72972,
    "ndcg_at_1": 0.6605,
    "ndcg_at_10": 0.77289,
    "ndcg_at_100": 0.79299,
    "ndcg_at_1000": 0.79558,
    "ndcg_at_20": 0.7826,
    "ndcg_at_3": 0.73895,
    "ndcg_at_5": 0.75616,
    "precision_at_1": 0.6605,
    "precision_at_10": 0.08865,
    "precision_at_100": 0.0098,
    "precision_at_1000": 0.001,
    "precision_at_20": 0.04624,
    "precision_at_3": 0.26433,
    "precision_at_5": 0.16698,
    "recall_at_1": 0.6605,
    "recall_at_10": 0.8865,
    "recall_at_100": 0.98,
    "recall_at_1000": 0.9997,
    "recall_at_20": 0.9247,
    "recall_at_3": 0.793,
    "recall_at_5": 0.8349
  }
}