{
  "dataset_revision": "5ad9931726ff26496453bdf21176f765d18fec49",
  "mteb_dataset_name": "WebFAQ",
  "mteb_version": "1.7.10",
  "test": {
    "evaluation_time": 4485.18,
    "map_at_1": 0.6474,
    "map_at_10": 0.72677,
    "map_at_100": 0.73089,
    "map_at_1000": 0.731,
    "map_at_20": 0.72936,
    "map_at_3": 0.70865,
    "map_at_5": 0.71995,
    "mrr_at_1": 0.6475,
    "mrr_at_10": 0.72676,
    "mrr_at_100": 0.73087,
    "mrr_at_1000": 0.73098,
    "mrr_at_20": 0.72934,
    "mrr_at_3": 0.70868,
    "mrr_at_5": 0.71998,
    "ndcg_at_1": 0.6474,
    "ndcg_at_10": 0.76484,
    "ndcg_at_100": 0.78478,
    "ndcg_at_1000": 0.78744,
    "ndcg_at_20": 0.77419,
    "ndcg_at_3": 0.728,
    "ndcg_at_5": 0.74832,
    "precision_at_1": 0.6474,
    "precision_at_10": 0.08841,
    "precision_at_100": 0.00977,
    "precision_at_1000": 0.001,
    "precision_at_20": 0.04605,
    "precision_at_3": 0.26127,
    "precision_at_5": 0.1666,
    "recall_at_1": 0.6474,
    "recall_at_10": 0.8841,
    "recall_at_100": 0.9771,
    "recall_at_1000": 0.9976,
    "recall_at_20": 0.9209,
    "recall_at_3": 0.7838,
    "recall_at_5": 0.833
  }
}