{
  "dataset_revision": "5ad9931726ff26496453bdf21176f765d18fec49",
  "mteb_dataset_name": "WebFAQ",
  "mteb_version": "1.7.10",
  "test": {
    "evaluation_time": 1058.41,
    "map_at_1": 0.5157,
    "map_at_10": 0.59643,
    "map_at_100": 0.60213,
    "map_at_1000": 0.60245,
    "map_at_20": 0.59997,
    "map_at_3": 0.57757,
    "map_at_5": 0.58879,
    "mrr_at_1": 0.5155,
    "mrr_at_10": 0.59628,
    "mrr_at_100": 0.602,
    "mrr_at_1000": 0.60231,
    "mrr_at_20": 0.59984,
    "mrr_at_3": 0.57745,
    "mrr_at_5": 0.58863,
    "ndcg_at_1": 0.5157,
    "ndcg_at_10": 0.63626,
    "ndcg_at_100": 0.66481,
    "ndcg_at_1000": 0.67366,
    "ndcg_at_20": 0.64903,
    "ndcg_at_3": 0.59762,
    "ndcg_at_5": 0.61782,
    "precision_at_1": 0.5157,
    "precision_at_10": 0.07615,
    "precision_at_100": 0.00897,
    "precision_at_1000": 0.00097,
    "precision_at_20": 0.04059,
    "precision_at_3": 0.21853,
    "precision_at_5": 0.14092,
    "recall_at_1": 0.5157,
    "recall_at_10": 0.7615,
    "recall_at_100": 0.8971,
    "recall_at_1000": 0.9678,
    "recall_at_20": 0.8117,
    "recall_at_3": 0.6556,
    "recall_at_5": 0.7046
  }
}