{
  "dataset_revision": "b4320165e039fec2ed05f4b1ba74e4e9376da070",
  "mteb_dataset_name": "WebFAQ",
  "mteb_version": "1.7.10",
  "test": {
    "evaluation_time": 714.57,
    "map_at_1": 0.6009,
    "map_at_10": 0.67285,
    "map_at_100": 0.67793,
    "map_at_1000": 0.67816,
    "map_at_20": 0.67588,
    "map_at_3": 0.65625,
    "map_at_5": 0.6658,
    "mrr_at_1": 0.601,
    "mrr_at_10": 0.6729,
    "mrr_at_100": 0.67796,
    "mrr_at_1000": 0.67819,
    "mrr_at_20": 0.67591,
    "mrr_at_3": 0.65627,
    "mrr_at_5": 0.66584,
    "ndcg_at_1": 0.6009,
    "ndcg_at_10": 0.70793,
    "ndcg_at_100": 0.73362,
    "ndcg_at_1000": 0.74011,
    "ndcg_at_20": 0.71888,
    "ndcg_at_3": 0.67382,
    "ndcg_at_5": 0.69095,
    "precision_at_1": 0.6009,
    "precision_at_10": 0.08182,
    "precision_at_100": 0.00941,
    "precision_at_1000": 0.00099,
    "precision_at_20": 0.04307,
    "precision_at_3": 0.2415,
    "precision_at_5": 0.15318,
    "recall_at_1": 0.6009,
    "recall_at_10": 0.8182,
    "recall_at_100": 0.9407,
    "recall_at_1000": 0.9924,
    "recall_at_20": 0.8613,
    "recall_at_3": 0.7245,
    "recall_at_5": 0.7659
  }
}