{
  "dataset_revision": "5ad9931726ff26496453bdf21176f765d18fec49",
  "mteb_dataset_name": "WebFAQ",
  "mteb_version": "1.7.10",
  "test": {
    "evaluation_time": 803.89,
    "map_at_1": 0.4472,
    "map_at_10": 0.51493,
    "map_at_100": 0.52046,
    "map_at_1000": 0.52089,
    "map_at_20": 0.51811,
    "map_at_3": 0.49793,
    "map_at_5": 0.50784,
    "mrr_at_1": 0.4468,
    "mrr_at_10": 0.51472,
    "mrr_at_100": 0.52023,
    "mrr_at_1000": 0.52066,
    "mrr_at_20": 0.51789,
    "mrr_at_3": 0.4977,
    "mrr_at_5": 0.5076,
    "ndcg_at_1": 0.4472,
    "ndcg_at_10": 0.54919,
    "ndcg_at_100": 0.57811,
    "ndcg_at_1000": 0.59089,
    "ndcg_at_20": 0.56072,
    "ndcg_at_3": 0.51432,
    "ndcg_at_5": 0.53214,
    "precision_at_1": 0.4472,
    "precision_at_10": 0.06573,
    "precision_at_100": 0.00798,
    "precision_at_1000": 0.0009,
    "precision_at_20": 0.03514,
    "precision_at_3": 0.18723,
    "precision_at_5": 0.12098,
    "recall_at_1": 0.4472,
    "recall_at_10": 0.6573,
    "recall_at_100": 0.7975,
    "recall_at_1000": 0.9008,
    "recall_at_20": 0.7028,
    "recall_at_3": 0.5617,
    "recall_at_5": 0.6049
  }
}