{
  "dataset_revision": "5ad9931726ff26496453bdf21176f765d18fec49",
  "mteb_dataset_name": "WebFAQ",
  "mteb_version": "1.7.10",
  "test": {
    "evaluation_time": 810.29,
    "map_at_1": 0.5842,
    "map_at_10": 0.65584,
    "map_at_100": 0.66103,
    "map_at_1000": 0.66131,
    "map_at_20": 0.65896,
    "map_at_3": 0.63853,
    "map_at_5": 0.64842,
    "mrr_at_1": 0.5835,
    "mrr_at_10": 0.65547,
    "mrr_at_100": 0.66065,
    "mrr_at_1000": 0.66093,
    "mrr_at_20": 0.65856,
    "mrr_at_3": 0.63813,
    "mrr_at_5": 0.64804,
    "ndcg_at_1": 0.5842,
    "ndcg_at_10": 0.69133,
    "ndcg_at_100": 0.71757,
    "ndcg_at_1000": 0.72514,
    "ndcg_at_20": 0.70268,
    "ndcg_at_3": 0.65579,
    "ndcg_at_5": 0.67353,
    "precision_at_1": 0.5842,
    "precision_at_10": 0.08031,
    "precision_at_100": 0.00928,
    "precision_at_1000": 0.00099,
    "precision_at_20": 0.0424,
    "precision_at_3": 0.2352,
    "precision_at_5": 0.1497,
    "recall_at_1": 0.5842,
    "recall_at_10": 0.8031,
    "recall_at_100": 0.9281,
    "recall_at_1000": 0.988,
    "recall_at_20": 0.848,
    "recall_at_3": 0.7056,
    "recall_at_5": 0.7485
  }
}