{
  "dataset_revision": "5ad9931726ff26496453bdf21176f765d18fec49",
  "mteb_dataset_name": "WebFAQ",
  "mteb_version": "1.7.10",
  "test": {
    "evaluation_time": 600.02,
    "map_at_1": 0.6041,
    "map_at_10": 0.68266,
    "map_at_100": 0.6871,
    "map_at_1000": 0.6873,
    "map_at_20": 0.68542,
    "map_at_3": 0.6655,
    "map_at_5": 0.67633,
    "mrr_at_1": 0.6042,
    "mrr_at_10": 0.68271,
    "mrr_at_100": 0.68714,
    "mrr_at_1000": 0.68735,
    "mrr_at_20": 0.68547,
    "mrr_at_3": 0.66552,
    "mrr_at_5": 0.67637,
    "ndcg_at_1": 0.6041,
    "ndcg_at_10": 0.71969,
    "ndcg_at_100": 0.74175,
    "ndcg_at_1000": 0.74739,
    "ndcg_at_20": 0.72975,
    "ndcg_at_3": 0.68489,
    "ndcg_at_5": 0.70445,
    "precision_at_1": 0.6041,
    "precision_at_10": 0.08353,
    "precision_at_100": 0.0094,
    "precision_at_1000": 0.00098,
    "precision_at_20": 0.04376,
    "precision_at_3": 0.24693,
    "precision_at_5": 0.15768,
    "recall_at_1": 0.6041,
    "recall_at_10": 0.8353,
    "recall_at_100": 0.9396,
    "recall_at_1000": 0.9844,
    "recall_at_20": 0.8751,
    "recall_at_3": 0.7408,
    "recall_at_5": 0.7884
  }
}