{
  "dataset_revision": "b4320165e039fec2ed05f4b1ba74e4e9376da070",
  "mteb_dataset_name": "WebFAQ",
  "mteb_version": "1.7.10",
  "test": {
    "evaluation_time": 721.23,
    "map_at_1": 0.4643,
    "map_at_10": 0.53137,
    "map_at_100": 0.53719,
    "map_at_1000": 0.5376,
    "map_at_20": 0.53485,
    "map_at_3": 0.51472,
    "map_at_5": 0.52477,
    "mrr_at_1": 0.4647,
    "mrr_at_10": 0.53158,
    "mrr_at_100": 0.53738,
    "mrr_at_1000": 0.53779,
    "mrr_at_20": 0.53506,
    "mrr_at_3": 0.51493,
    "mrr_at_5": 0.52497,
    "ndcg_at_1": 0.4643,
    "ndcg_at_10": 0.56472,
    "ndcg_at_100": 0.59425,
    "ndcg_at_1000": 0.60664,
    "ndcg_at_20": 0.57723,
    "ndcg_at_3": 0.53072,
    "ndcg_at_5": 0.54877,
    "precision_at_1": 0.4643,
    "precision_at_10": 0.06698,
    "precision_at_100": 0.00811,
    "precision_at_1000": 0.00091,
    "precision_at_20": 0.03595,
    "precision_at_3": 0.1923,
    "precision_at_5": 0.12412,
    "recall_at_1": 0.4643,
    "recall_at_10": 0.6698,
    "recall_at_100": 0.8109,
    "recall_at_1000": 0.9118,
    "recall_at_20": 0.7189,
    "recall_at_3": 0.5769,
    "recall_at_5": 0.6206
  }
}