{
  "dataset_revision": "b4320165e039fec2ed05f4b1ba74e4e9376da070",
  "mteb_dataset_name": "WebFAQ",
  "mteb_version": "1.7.10",
  "test": {
    "evaluation_time": 932.66,
    "map_at_1": 0.5306,
    "map_at_10": 0.61045,
    "map_at_100": 0.61581,
    "map_at_1000": 0.61612,
    "map_at_20": 0.61367,
    "map_at_3": 0.5917,
    "map_at_5": 0.60268,
    "mrr_at_1": 0.5306,
    "mrr_at_10": 0.61039,
    "mrr_at_100": 0.61576,
    "mrr_at_1000": 0.61607,
    "mrr_at_20": 0.61361,
    "mrr_at_3": 0.5916,
    "mrr_at_5": 0.60261,
    "ndcg_at_1": 0.5306,
    "ndcg_at_10": 0.64968,
    "ndcg_at_100": 0.6769,
    "ndcg_at_1000": 0.68574,
    "ndcg_at_20": 0.66145,
    "ndcg_at_3": 0.6113,
    "ndcg_at_5": 0.6311,
    "precision_at_1": 0.5306,
    "precision_at_10": 0.0773,
    "precision_at_100": 0.00903,
    "precision_at_1000": 0.00097,
    "precision_at_20": 0.04098,
    "precision_at_3": 0.22263,
    "precision_at_5": 0.1432,
    "recall_at_1": 0.5306,
    "recall_at_10": 0.773,
    "recall_at_100": 0.9028,
    "recall_at_1000": 0.9738,
    "recall_at_20": 0.8196,
    "recall_at_3": 0.6679,
    "recall_at_5": 0.716
  }
}