{
  "dataset_revision": "95c8db7d4a6e9c1d8a60601afd63d553ae20a2eb",
  "dev": {
    "evaluation_time": 164.94,
    "map_at_1": 0.43591,
    "map_at_10": 0.62236,
    "map_at_100": 0.63631,
    "map_at_1000": 0.63678,
    "map_at_20": 0.63223,
    "map_at_3": 0.57164,
    "map_at_5": 0.60199,
    "mrr_at_1": 0.63693,
    "mrr_at_10": 0.7354,
    "mrr_at_100": 0.73905,
    "mrr_at_1000": 0.73914,
    "mrr_at_20": 0.73822,
    "mrr_at_3": 0.72199,
    "mrr_at_5": 0.72936,
    "ndcg_at_1": 0.63693,
    "ndcg_at_10": 0.6992,
    "ndcg_at_100": 0.73812,
    "ndcg_at_1000": 0.74463,
    "ndcg_at_20": 0.72108,
    "ndcg_at_3": 0.64491,
    "ndcg_at_5": 0.66773,
    "precision_at_1": 0.63693,
    "precision_at_10": 0.14066,
    "precision_at_100": 0.01757,
    "precision_at_1000": 0.00186,
    "precision_at_20": 0.07884,
    "precision_at_3": 0.35339,
    "precision_at_5": 0.24357,
    "recall_at_1": 0.43591,
    "recall_at_10": 0.80575,
    "recall_at_100": 0.94273,
    "recall_at_1000": 0.98202,
    "recall_at_20": 0.87236,
    "recall_at_3": 0.65402,
    "recall_at_5": 0.72477
  },
  "mteb_dataset_name": "MIRACLRetrievalHardNegatives",
  "mteb_version": "1.7.10"
}