{
  "dataset_revision": "95c8db7d4a6e9c1d8a60601afd63d553ae20a2eb",
  "dev": {
    "evaluation_time": 125.62,
    "map_at_1": 0.12569,
    "map_at_10": 0.18478,
    "map_at_100": 0.19584,
    "map_at_1000": 0.19714,
    "map_at_20": 0.19074,
    "map_at_3": 0.16275,
    "map_at_5": 0.1753,
    "mrr_at_1": 0.20124,
    "mrr_at_10": 0.25951,
    "mrr_at_100": 0.26812,
    "mrr_at_1000": 0.26876,
    "mrr_at_20": 0.2641,
    "mrr_at_3": 0.23893,
    "mrr_at_5": 0.25055,
    "ndcg_at_1": 0.20124,
    "ndcg_at_10": 0.23065,
    "ndcg_at_100": 0.28193,
    "ndcg_at_1000": 0.31313,
    "ndcg_at_20": 0.24921,
    "ndcg_at_3": 0.19436,
    "ndcg_at_5": 0.2099,
    "precision_at_1": 0.20124,
    "precision_at_10": 0.05021,
    "precision_at_100": 0.00927,
    "precision_at_1000": 0.00137,
    "precision_at_20": 0.03133,
    "precision_at_3": 0.10719,
    "precision_at_5": 0.08091,
    "recall_at_1": 0.12569,
    "recall_at_10": 0.29728,
    "recall_at_100": 0.50701,
    "recall_at_1000": 0.71856,
    "recall_at_20": 0.35831,
    "recall_at_3": 0.19758,
    "recall_at_5": 0.24036
  },
  "mteb_dataset_name": "MIRACLRetrievalHardNegatives",
  "mteb_version": "1.7.10"
}