{
  "dataset_revision": "95c8db7d4a6e9c1d8a60601afd63d553ae20a2eb",
  "dev": {
    "evaluation_time": 1053.04,
    "map_at_1": 0.33554,
    "map_at_10": 0.51559,
    "map_at_100": 0.53254,
    "map_at_1000": 0.53311,
    "map_at_20": 0.52716,
    "map_at_3": 0.47193,
    "map_at_5": 0.49573,
    "mrr_at_1": 0.5,
    "mrr_at_10": 0.6213,
    "mrr_at_100": 0.62676,
    "mrr_at_1000": 0.62688,
    "mrr_at_20": 0.62533,
    "mrr_at_3": 0.60097,
    "mrr_at_5": 0.61404,
    "ndcg_at_1": 0.5,
    "ndcg_at_10": 0.59416,
    "ndcg_at_100": 0.64588,
    "ndcg_at_1000": 0.65508,
    "ndcg_at_20": 0.62319,
    "ndcg_at_3": 0.54222,
    "ndcg_at_5": 0.56265,
    "precision_at_1": 0.5,
    "precision_at_10": 0.12344,
    "precision_at_100": 0.01689,
    "precision_at_1000": 0.00182,
    "precision_at_20": 0.0723,
    "precision_at_3": 0.3036,
    "precision_at_5": 0.20954,
    "recall_at_1": 0.33554,
    "recall_at_10": 0.71353,
    "recall_at_100": 0.89687,
    "recall_at_1000": 0.95634,
    "recall_at_20": 0.80548,
    "recall_at_3": 0.564,
    "recall_at_5": 0.63242
  },
  "mteb_dataset_name": "MIRACLRetrievalHardNegatives",
  "mteb_version": "1.7.10"
}