{
  "dataset_revision": "95c8db7d4a6e9c1d8a60601afd63d553ae20a2eb",
  "dev": {
    "evaluation_time": 114.35,
    "map_at_1": 0.43009,
    "map_at_10": 0.63929,
    "map_at_100": 0.65116,
    "map_at_1000": 0.65161,
    "map_at_20": 0.64657,
    "map_at_3": 0.58797,
    "map_at_5": 0.61723,
    "mrr_at_1": 0.62448,
    "mrr_at_10": 0.74077,
    "mrr_at_100": 0.74377,
    "mrr_at_1000": 0.7438,
    "mrr_at_20": 0.74256,
    "mrr_at_3": 0.72752,
    "mrr_at_5": 0.73624,
    "ndcg_at_1": 0.62448,
    "ndcg_at_10": 0.71656,
    "ndcg_at_100": 0.75228,
    "ndcg_at_1000": 0.75753,
    "ndcg_at_20": 0.73206,
    "ndcg_at_3": 0.66461,
    "ndcg_at_5": 0.68542,
    "precision_at_1": 0.62448,
    "precision_at_10": 0.14585,
    "precision_at_100": 0.01793,
    "precision_at_1000": 0.00187,
    "precision_at_20": 0.07915,
    "precision_at_3": 0.36445,
    "precision_at_5": 0.25104,
    "recall_at_1": 0.43009,
    "recall_at_10": 0.83104,
    "recall_at_100": 0.96262,
    "recall_at_1000": 0.99308,
    "recall_at_20": 0.87706,
    "recall_at_3": 0.68842,
    "recall_at_5": 0.75517
  },
  "mteb_dataset_name": "MIRACLRetrievalHardNegatives",
  "mteb_version": "1.7.10"
}