{
  "dataset_revision": "95c8db7d4a6e9c1d8a60601afd63d553ae20a2eb",
  "dev": {
    "evaluation_time": 119.11,
    "map_at_1": 0.21401,
    "map_at_10": 0.34205,
    "map_at_100": 0.35571,
    "map_at_1000": 0.35682,
    "map_at_20": 0.35077,
    "map_at_3": 0.30706,
    "map_at_5": 0.32902,
    "mrr_at_1": 0.3278,
    "mrr_at_10": 0.44205,
    "mrr_at_100": 0.45013,
    "mrr_at_1000": 0.45055,
    "mrr_at_20": 0.44726,
    "mrr_at_3": 0.41909,
    "mrr_at_5": 0.43434,
    "ndcg_at_1": 0.3278,
    "ndcg_at_10": 0.41385,
    "ndcg_at_100": 0.46568,
    "ndcg_at_1000": 0.48881,
    "ndcg_at_20": 0.43872,
    "ndcg_at_3": 0.36634,
    "ndcg_at_5": 0.38965,
    "precision_at_1": 0.3278,
    "precision_at_10": 0.08859,
    "precision_at_100": 0.0132,
    "precision_at_1000": 0.00162,
    "precision_at_20": 0.0527,
    "precision_at_3": 0.20609,
    "precision_at_5": 0.14979,
    "recall_at_1": 0.21401,
    "recall_at_10": 0.52471,
    "recall_at_100": 0.72069,
    "recall_at_1000": 0.87996,
    "recall_at_20": 0.6059,
    "recall_at_3": 0.3928,
    "recall_at_5": 0.46015
  },
  "mteb_dataset_name": "MIRACLRetrievalHardNegatives",
  "mteb_version": "1.7.10"
}