{
  "dataset_revision": "fc24a3ce8f09746410daee3d5cd823ff7a0675b7",
  "mteb_dataset_name": "MrTidyRetrieval",
  "mteb_version": "1.7.10",
  "test": {
    "evaluation_time": 126.49,
    "map_at_1": 0.15597,
    "map_at_10": 0.23596,
    "map_at_100": 0.2432,
    "map_at_1000": 0.24377,
    "map_at_20": 0.23914,
    "map_at_3": 0.21484,
    "map_at_5": 0.22647,
    "mrr_at_1": 0.16866,
    "mrr_at_10": 0.24633,
    "mrr_at_100": 0.25291,
    "mrr_at_1000": 0.25347,
    "mrr_at_20": 0.24907,
    "mrr_at_3": 0.22587,
    "mrr_at_5": 0.23677,
    "ndcg_at_1": 0.16866,
    "ndcg_at_10": 0.27749,
    "ndcg_at_100": 0.31769,
    "ndcg_at_1000": 0.3361,
    "ndcg_at_20": 0.28849,
    "ndcg_at_3": 0.23462,
    "ndcg_at_5": 0.25491,
    "precision_at_1": 0.16866,
    "precision_at_10": 0.04343,
    "precision_at_100": 0.00649,
    "precision_at_1000": 0.00081,
    "precision_at_20": 0.0241,
    "precision_at_3": 0.10149,
    "precision_at_5": 0.07134,
    "recall_at_1": 0.15597,
    "recall_at_10": 0.39652,
    "recall_at_100": 0.59478,
    "recall_at_1000": 0.74353,
    "recall_at_20": 0.43905,
    "recall_at_3": 0.28109,
    "recall_at_5": 0.32935
  }
}