{
  "dataset_revision": "fc24a3ce8f09746410daee3d5cd823ff7a0675b7",
  "mteb_dataset_name": "MrTidyRetrieval",
  "mteb_version": "1.7.10",
  "test": {
    "evaluation_time": 102.53,
    "map_at_1": 0.54602,
    "map_at_10": 0.67524,
    "map_at_100": 0.67847,
    "map_at_1000": 0.67858,
    "map_at_20": 0.67723,
    "map_at_3": 0.64959,
    "map_at_5": 0.66533,
    "mrr_at_1": 0.57761,
    "mrr_at_10": 0.69113,
    "mrr_at_100": 0.69363,
    "mrr_at_1000": 0.69374,
    "mrr_at_20": 0.6928,
    "mrr_at_3": 0.67388,
    "mrr_at_5": 0.68358,
    "ndcg_at_1": 0.57761,
    "ndcg_at_10": 0.73022,
    "ndcg_at_100": 0.74458,
    "ndcg_at_1000": 0.74798,
    "ndcg_at_20": 0.73718,
    "ndcg_at_3": 0.68499,
    "ndcg_at_5": 0.70929,
    "precision_at_1": 0.57761,
    "precision_at_10": 0.09672,
    "precision_at_100": 0.01045,
    "precision_at_1000": 0.00108,
    "precision_at_20": 0.05,
    "precision_at_3": 0.27363,
    "precision_at_5": 0.17851,
    "recall_at_1": 0.54602,
    "recall_at_10": 0.88035,
    "recall_at_100": 0.94478,
    "recall_at_1000": 0.97164,
    "recall_at_20": 0.90746,
    "recall_at_3": 0.76443,
    "recall_at_5": 0.8204
  }
}