{
  "dataset_revision": "fc24a3ce8f09746410daee3d5cd823ff7a0675b7",
  "mteb_dataset_name": "MrTidyRetrieval",
  "mteb_version": "1.7.10",
  "test": {
    "evaluation_time": 173.1,
    "map_at_1": 0.5199,
    "map_at_10": 0.64471,
    "map_at_100": 0.6489,
    "map_at_1000": 0.64907,
    "map_at_20": 0.6471,
    "map_at_3": 0.62363,
    "map_at_5": 0.63657,
    "mrr_at_1": 0.54627,
    "mrr_at_10": 0.65669,
    "mrr_at_100": 0.65981,
    "mrr_at_1000": 0.65997,
    "mrr_at_20": 0.65838,
    "mrr_at_3": 0.64005,
    "mrr_at_5": 0.64975,
    "ndcg_at_1": 0.54627,
    "ndcg_at_10": 0.69586,
    "ndcg_at_100": 0.71467,
    "ndcg_at_1000": 0.7192,
    "ndcg_at_20": 0.70344,
    "ndcg_at_3": 0.65619,
    "ndcg_at_5": 0.67727,
    "precision_at_1": 0.54627,
    "precision_at_10": 0.09194,
    "precision_at_100": 0.01022,
    "precision_at_1000": 0.00106,
    "precision_at_20": 0.04776,
    "precision_at_3": 0.26567,
    "precision_at_5": 0.17104,
    "recall_at_1": 0.5199,
    "recall_at_10": 0.83831,
    "recall_at_100": 0.92388,
    "recall_at_1000": 0.95896,
    "recall_at_20": 0.86667,
    "recall_at_3": 0.73308,
    "recall_at_5": 0.78259
  }
}