{
  "dataset_revision": "fc24a3ce8f09746410daee3d5cd823ff7a0675b7",
  "mteb_dataset_name": "MrTidyRetrieval",
  "mteb_version": "1.7.10",
  "test": {
    "evaluation_time": 127.71,
    "map_at_1": 0.29005,
    "map_at_10": 0.40907,
    "map_at_100": 0.41557,
    "map_at_1000": 0.41604,
    "map_at_20": 0.41234,
    "map_at_3": 0.38114,
    "map_at_5": 0.396,
    "mrr_at_1": 0.30597,
    "mrr_at_10": 0.42,
    "mrr_at_100": 0.42557,
    "mrr_at_1000": 0.42601,
    "mrr_at_20": 0.42273,
    "mrr_at_3": 0.39378,
    "mrr_at_5": 0.40759,
    "ndcg_at_1": 0.30597,
    "ndcg_at_10": 0.46864,
    "ndcg_at_100": 0.50099,
    "ndcg_at_1000": 0.51354,
    "ndcg_at_20": 0.4794,
    "ndcg_at_3": 0.41234,
    "ndcg_at_5": 0.43822,
    "precision_at_1": 0.30597,
    "precision_at_10": 0.06985,
    "precision_at_100": 0.00875,
    "precision_at_1000": 0.00099,
    "precision_at_20": 0.03731,
    "precision_at_3": 0.17463,
    "precision_at_5": 0.1191,
    "recall_at_1": 0.29005,
    "recall_at_10": 0.64204,
    "recall_at_100": 0.79403,
    "recall_at_1000": 0.89104,
    "recall_at_20": 0.68234,
    "recall_at_3": 0.49055,
    "recall_at_5": 0.55149
  }
}