{
  "dataset_revision": "fc24a3ce8f09746410daee3d5cd823ff7a0675b7",
  "mteb_dataset_name": "MrTidyRetrieval",
  "mteb_version": "1.7.10",
  "test": {
    "evaluation_time": 1118.52,
    "map_at_1": 0.42313,
    "map_at_10": 0.56035,
    "map_at_100": 0.56547,
    "map_at_1000": 0.56573,
    "map_at_20": 0.56368,
    "map_at_3": 0.53781,
    "map_at_5": 0.55271,
    "mrr_at_1": 0.44925,
    "mrr_at_10": 0.57378,
    "mrr_at_100": 0.57797,
    "mrr_at_1000": 0.57818,
    "mrr_at_20": 0.5766,
    "mrr_at_3": 0.55373,
    "mrr_at_5": 0.56694,
    "ndcg_at_1": 0.44925,
    "ndcg_at_10": 0.61567,
    "ndcg_at_100": 0.63892,
    "ndcg_at_1000": 0.64644,
    "ndcg_at_20": 0.62665,
    "ndcg_at_3": 0.57163,
    "ndcg_at_5": 0.59754,
    "precision_at_1": 0.44925,
    "precision_at_10": 0.08403,
    "precision_at_100": 0.00964,
    "precision_at_1000": 0.00103,
    "precision_at_20": 0.0444,
    "precision_at_3": 0.23582,
    "precision_at_5": 0.15582,
    "recall_at_1": 0.42313,
    "recall_at_10": 0.77065,
    "recall_at_100": 0.87711,
    "recall_at_1000": 0.93657,
    "recall_at_20": 0.81194,
    "recall_at_3": 0.65299,
    "recall_at_5": 0.71468
  }
}