{
  "dataset_revision": "b4320165e039fec2ed05f4b1ba74e4e9376da070",
  "mteb_dataset_name": "WebFAQ",
  "mteb_version": "1.7.10",
  "test": {
    "evaluation_time": 210.83,
    "map_at_1": 0.6524,
    "map_at_10": 0.73265,
    "map_at_100": 0.73622,
    "map_at_1000": 0.73636,
    "map_at_20": 0.73493,
    "map_at_3": 0.71648,
    "map_at_5": 0.72683,
    "mrr_at_1": 0.652,
    "mrr_at_10": 0.73244,
    "mrr_at_100": 0.73601,
    "mrr_at_1000": 0.73616,
    "mrr_at_20": 0.73472,
    "mrr_at_3": 0.71625,
    "mrr_at_5": 0.72664,
    "ndcg_at_1": 0.6524,
    "ndcg_at_10": 0.76885,
    "ndcg_at_100": 0.78641,
    "ndcg_at_1000": 0.79015,
    "ndcg_at_20": 0.77715,
    "ndcg_at_3": 0.73637,
    "ndcg_at_5": 0.75502,
    "precision_at_1": 0.6524,
    "precision_at_10": 0.08811,
    "precision_at_100": 0.00964,
    "precision_at_1000": 0.00099,
    "precision_at_20": 0.0457,
    "precision_at_3": 0.26453,
    "precision_at_5": 0.16778,
    "recall_at_1": 0.6524,
    "recall_at_10": 0.8811,
    "recall_at_100": 0.9636,
    "recall_at_1000": 0.993,
    "recall_at_20": 0.9139,
    "recall_at_3": 0.7936,
    "recall_at_5": 0.8389
  }
}