{
  "dataset_revision": "b4320165e039fec2ed05f4b1ba74e4e9376da070",
  "mteb_dataset_name": "WebFAQ",
  "mteb_version": "1.7.10",
  "test": {
    "evaluation_time": 325.64,
    "map_at_1": 0.7278,
    "map_at_10": 0.80089,
    "map_at_100": 0.80355,
    "map_at_1000": 0.8036,
    "map_at_20": 0.80258,
    "map_at_3": 0.78712,
    "map_at_5": 0.79577,
    "mrr_at_1": 0.7274,
    "mrr_at_10": 0.80068,
    "mrr_at_100": 0.80336,
    "mrr_at_1000": 0.8034,
    "mrr_at_20": 0.80239,
    "mrr_at_3": 0.78695,
    "mrr_at_5": 0.79561,
    "ndcg_at_1": 0.7278,
    "ndcg_at_10": 0.83362,
    "ndcg_at_100": 0.84629,
    "ndcg_at_1000": 0.84717,
    "ndcg_at_20": 0.83968,
    "ndcg_at_3": 0.80571,
    "ndcg_at_5": 0.82131,
    "precision_at_1": 0.7278,
    "precision_at_10": 0.0935,
    "precision_at_100": 0.00994,
    "precision_at_1000": 0.001,
    "precision_at_20": 0.04794,
    "precision_at_3": 0.28643,
    "precision_at_5": 0.17944,
    "recall_at_1": 0.7278,
    "recall_at_10": 0.935,
    "recall_at_100": 0.9936,
    "recall_at_1000": 1.0,
    "recall_at_20": 0.9588,
    "recall_at_3": 0.8593,
    "recall_at_5": 0.8972
  }
}