{
  "dataset_revision": "b4320165e039fec2ed05f4b1ba74e4e9376da070",
  "mteb_dataset_name": "WebFAQ",
  "mteb_version": "1.7.10",
  "test": {
    "evaluation_time": 248.64,
    "map_at_1": 0.5772,
    "map_at_10": 0.66198,
    "map_at_100": 0.66659,
    "map_at_1000": 0.66681,
    "map_at_20": 0.66486,
    "map_at_3": 0.64363,
    "map_at_5": 0.65468,
    "mrr_at_1": 0.5767,
    "mrr_at_10": 0.66173,
    "mrr_at_100": 0.66634,
    "mrr_at_1000": 0.66656,
    "mrr_at_20": 0.66462,
    "mrr_at_3": 0.64337,
    "mrr_at_5": 0.65443,
    "ndcg_at_1": 0.5772,
    "ndcg_at_10": 0.70189,
    "ndcg_at_100": 0.72479,
    "ndcg_at_1000": 0.73084,
    "ndcg_at_20": 0.71234,
    "ndcg_at_3": 0.66475,
    "ndcg_at_5": 0.68452,
    "precision_at_1": 0.5772,
    "precision_at_10": 0.08264,
    "precision_at_100": 0.00935,
    "precision_at_1000": 0.00098,
    "precision_at_20": 0.04338,
    "precision_at_3": 0.2419,
    "precision_at_5": 0.15468,
    "recall_at_1": 0.5772,
    "recall_at_10": 0.8264,
    "recall_at_100": 0.9347,
    "recall_at_1000": 0.9825,
    "recall_at_20": 0.8676,
    "recall_at_3": 0.7257,
    "recall_at_5": 0.7734
  }
}