{
  "dataset_revision": "5ad9931726ff26496453bdf21176f765d18fec49",
  "mteb_dataset_name": "WebFAQ",
  "mteb_version": "1.7.10",
  "test": {
    "evaluation_time": 246.13,
    "map_at_1": 0.5829,
    "map_at_10": 0.66534,
    "map_at_100": 0.6701,
    "map_at_1000": 0.67031,
    "map_at_20": 0.66829,
    "map_at_3": 0.6473,
    "map_at_5": 0.65775,
    "mrr_at_1": 0.5828,
    "mrr_at_10": 0.66535,
    "mrr_at_100": 0.67009,
    "mrr_at_1000": 0.67031,
    "mrr_at_20": 0.66829,
    "mrr_at_3": 0.64727,
    "mrr_at_5": 0.65775,
    "ndcg_at_1": 0.5829,
    "ndcg_at_10": 0.70476,
    "ndcg_at_100": 0.7283,
    "ndcg_at_1000": 0.73413,
    "ndcg_at_20": 0.71546,
    "ndcg_at_3": 0.66776,
    "ndcg_at_5": 0.68657,
    "precision_at_1": 0.5829,
    "precision_at_10": 0.08282,
    "precision_at_100": 0.00939,
    "precision_at_1000": 0.00099,
    "precision_at_20": 0.04353,
    "precision_at_3": 0.24227,
    "precision_at_5": 0.15448,
    "recall_at_1": 0.5829,
    "recall_at_10": 0.8282,
    "recall_at_100": 0.9392,
    "recall_at_1000": 0.9854,
    "recall_at_20": 0.8705,
    "recall_at_3": 0.7268,
    "recall_at_5": 0.7724
  }
}