{
  "dataset_revision": "b4320165e039fec2ed05f4b1ba74e4e9376da070",
  "mteb_dataset_name": "WebFAQ",
  "mteb_version": "1.7.10",
  "test": {
    "evaluation_time": 188.97,
    "map_at_1": 0.5753,
    "map_at_10": 0.64764,
    "map_at_100": 0.65226,
    "map_at_1000": 0.65257,
    "map_at_20": 0.65036,
    "map_at_3": 0.63188,
    "map_at_5": 0.64162,
    "mrr_at_1": 0.5751,
    "mrr_at_10": 0.64748,
    "mrr_at_100": 0.65211,
    "mrr_at_1000": 0.65242,
    "mrr_at_20": 0.65022,
    "mrr_at_3": 0.63175,
    "mrr_at_5": 0.64148,
    "ndcg_at_1": 0.5753,
    "ndcg_at_10": 0.68199,
    "ndcg_at_100": 0.70534,
    "ndcg_at_1000": 0.71409,
    "ndcg_at_20": 0.69175,
    "ndcg_at_3": 0.6499,
    "ndcg_at_5": 0.66744,
    "precision_at_1": 0.5753,
    "precision_at_10": 0.07894,
    "precision_at_100": 0.00901,
    "precision_at_1000": 0.00097,
    "precision_at_20": 0.04139,
    "precision_at_3": 0.23397,
    "precision_at_5": 0.1489,
    "recall_at_1": 0.5753,
    "recall_at_10": 0.7894,
    "recall_at_100": 0.9007,
    "recall_at_1000": 0.9707,
    "recall_at_20": 0.8277,
    "recall_at_3": 0.7019,
    "recall_at_5": 0.7445
  }
}