{
  "dataset_revision": "b4320165e039fec2ed05f4b1ba74e4e9376da070",
  "mteb_dataset_name": "WebFAQ",
  "mteb_version": "1.7.10",
  "test": {
    "evaluation_time": 176.36,
    "map_at_1": 0.688,
    "map_at_10": 0.75777,
    "map_at_100": 0.76162,
    "map_at_1000": 0.76174,
    "map_at_20": 0.76029,
    "map_at_3": 0.744,
    "map_at_5": 0.75204,
    "mrr_at_1": 0.6876,
    "mrr_at_10": 0.75753,
    "mrr_at_100": 0.76137,
    "mrr_at_1000": 0.76149,
    "mrr_at_20": 0.76004,
    "mrr_at_3": 0.74373,
    "mrr_at_5": 0.75177,
    "ndcg_at_1": 0.688,
    "ndcg_at_10": 0.7899,
    "ndcg_at_100": 0.80845,
    "ndcg_at_1000": 0.81136,
    "ndcg_at_20": 0.79908,
    "ndcg_at_3": 0.76157,
    "ndcg_at_5": 0.77607,
    "precision_at_1": 0.688,
    "precision_at_10": 0.08901,
    "precision_at_100": 0.00976,
    "precision_at_1000": 0.001,
    "precision_at_20": 0.04632,
    "precision_at_3": 0.27073,
    "precision_at_5": 0.16948,
    "recall_at_1": 0.688,
    "recall_at_10": 0.8901,
    "recall_at_100": 0.9764,
    "recall_at_1000": 0.9988,
    "recall_at_20": 0.9264,
    "recall_at_3": 0.8122,
    "recall_at_5": 0.8474
  }
}