{
  "dataset_revision": "5ad9931726ff26496453bdf21176f765d18fec49",
  "mteb_dataset_name": "WebFAQ",
  "mteb_version": "1.7.10",
  "test": {
    "evaluation_time": 192.98,
    "map_at_1": 0.6835,
    "map_at_10": 0.75474,
    "map_at_100": 0.75848,
    "map_at_1000": 0.7586,
    "map_at_20": 0.75715,
    "map_at_3": 0.74005,
    "map_at_5": 0.74897,
    "mrr_at_1": 0.6836,
    "mrr_at_10": 0.75486,
    "mrr_at_100": 0.75858,
    "mrr_at_1000": 0.75869,
    "mrr_at_20": 0.75726,
    "mrr_at_3": 0.7401,
    "mrr_at_5": 0.74906,
    "ndcg_at_1": 0.6835,
    "ndcg_at_10": 0.7879,
    "ndcg_at_100": 0.80614,
    "ndcg_at_1000": 0.80898,
    "ndcg_at_20": 0.79657,
    "ndcg_at_3": 0.75798,
    "ndcg_at_5": 0.77409,
    "precision_at_1": 0.6835,
    "precision_at_10": 0.08912,
    "precision_at_100": 0.00977,
    "precision_at_1000": 0.001,
    "precision_at_20": 0.04627,
    "precision_at_3": 0.2699,
    "precision_at_5": 0.16978,
    "recall_at_1": 0.6835,
    "recall_at_10": 0.8912,
    "recall_at_100": 0.9768,
    "recall_at_1000": 0.9986,
    "recall_at_20": 0.9253,
    "recall_at_3": 0.8097,
    "recall_at_5": 0.8489
  }
}