{
  "dataset_revision": "5ad9931726ff26496453bdf21176f765d18fec49",
  "mteb_dataset_name": "WebFAQ",
  "mteb_version": "1.7.10",
  "test": {
    "evaluation_time": 1292.76,
    "map_at_1": 0.7205,
    "map_at_10": 0.79449,
    "map_at_100": 0.79746,
    "map_at_1000": 0.79751,
    "map_at_20": 0.79648,
    "map_at_3": 0.78002,
    "map_at_5": 0.78958,
    "mrr_at_1": 0.7205,
    "mrr_at_10": 0.79448,
    "mrr_at_100": 0.79745,
    "mrr_at_1000": 0.79749,
    "mrr_at_20": 0.79648,
    "mrr_at_3": 0.77998,
    "mrr_at_5": 0.78955,
    "ndcg_at_1": 0.7205,
    "ndcg_at_10": 0.82765,
    "ndcg_at_100": 0.84144,
    "ndcg_at_1000": 0.84234,
    "ndcg_at_20": 0.83479,
    "ndcg_at_3": 0.79864,
    "ndcg_at_5": 0.81578,
    "precision_at_1": 0.7205,
    "precision_at_10": 0.09303,
    "precision_at_100": 0.00993,
    "precision_at_1000": 0.001,
    "precision_at_20": 0.04792,
    "precision_at_3": 0.2841,
    "precision_at_5": 0.17874,
    "recall_at_1": 0.7205,
    "recall_at_10": 0.9303,
    "recall_at_100": 0.9934,
    "recall_at_1000": 1.0,
    "recall_at_20": 0.9583,
    "recall_at_3": 0.8523,
    "recall_at_5": 0.8937
  }
}