{
  "dataset_revision": "5ad9931726ff26496453bdf21176f765d18fec49",
  "mteb_dataset_name": "WebFAQ",
  "mteb_version": "1.7.10",
  "test": {
    "evaluation_time": 191.36,
    "map_at_1": 0.569,
    "map_at_10": 0.64171,
    "map_at_100": 0.64649,
    "map_at_1000": 0.64679,
    "map_at_20": 0.64451,
    "map_at_3": 0.62613,
    "map_at_5": 0.63517,
    "mrr_at_1": 0.569,
    "mrr_at_10": 0.64161,
    "mrr_at_100": 0.6464,
    "mrr_at_1000": 0.6467,
    "mrr_at_20": 0.64442,
    "mrr_at_3": 0.62603,
    "mrr_at_5": 0.63507,
    "ndcg_at_1": 0.569,
    "ndcg_at_10": 0.67646,
    "ndcg_at_100": 0.70073,
    "ndcg_at_1000": 0.70933,
    "ndcg_at_20": 0.6866,
    "ndcg_at_3": 0.64415,
    "ndcg_at_5": 0.66053,
    "precision_at_1": 0.569,
    "precision_at_10": 0.07855,
    "precision_at_100": 0.00901,
    "precision_at_1000": 0.00097,
    "precision_at_20": 0.04128,
    "precision_at_3": 0.23203,
    "precision_at_5": 0.14722,
    "recall_at_1": 0.569,
    "recall_at_10": 0.7855,
    "recall_at_100": 0.9014,
    "recall_at_1000": 0.9706,
    "recall_at_20": 0.8255,
    "recall_at_3": 0.6961,
    "recall_at_5": 0.7361
  }
}