{
  "dataset_revision": "5ad9931726ff26496453bdf21176f765d18fec49",
  "mteb_dataset_name": "WebFAQ",
  "mteb_version": "1.7.10",
  "test": {
    "evaluation_time": 152.5,
    "map_at_1": 0.6586,
    "map_at_10": 0.73585,
    "map_at_100": 0.73941,
    "map_at_1000": 0.73956,
    "map_at_20": 0.73807,
    "map_at_3": 0.72027,
    "map_at_5": 0.72976,
    "mrr_at_1": 0.6584,
    "mrr_at_10": 0.73574,
    "mrr_at_100": 0.73929,
    "mrr_at_1000": 0.73944,
    "mrr_at_20": 0.73795,
    "mrr_at_3": 0.72013,
    "mrr_at_5": 0.72963,
    "ndcg_at_1": 0.6586,
    "ndcg_at_10": 0.77155,
    "ndcg_at_100": 0.7888,
    "ndcg_at_1000": 0.79277,
    "ndcg_at_20": 0.7795,
    "ndcg_at_3": 0.73981,
    "ndcg_at_5": 0.75693,
    "precision_at_1": 0.6586,
    "precision_at_10": 0.08827,
    "precision_at_100": 0.00963,
    "precision_at_1000": 0.00099,
    "precision_at_20": 0.0457,
    "precision_at_3": 0.2654,
    "precision_at_5": 0.16756,
    "recall_at_1": 0.6586,
    "recall_at_10": 0.8827,
    "recall_at_100": 0.9632,
    "recall_at_1000": 0.9945,
    "recall_at_20": 0.9139,
    "recall_at_3": 0.7962,
    "recall_at_5": 0.8378
  }
}