{
  "dataset_revision": "95c8db7d4a6e9c1d8a60601afd63d553ae20a2eb",
  "dev": {
    "evaluation_time": 249.61,
    "map_at_1": 0.19205,
    "map_at_10": 0.32704,
    "map_at_100": 0.34519,
    "map_at_1000": 0.34634,
    "map_at_20": 0.33762,
    "map_at_3": 0.27992,
    "map_at_5": 0.30355,
    "mrr_at_1": 0.27558,
    "mrr_at_10": 0.40933,
    "mrr_at_100": 0.41916,
    "mrr_at_1000": 0.41946,
    "mrr_at_20": 0.4154,
    "mrr_at_3": 0.37312,
    "mrr_at_5": 0.39393,
    "ndcg_at_1": 0.27558,
    "ndcg_at_10": 0.41039,
    "ndcg_at_100": 0.48076,
    "ndcg_at_1000": 0.49946,
    "ndcg_at_20": 0.4403,
    "ndcg_at_3": 0.33014,
    "ndcg_at_5": 0.36519,
    "precision_at_1": 0.27558,
    "precision_at_10": 0.09523,
    "precision_at_100": 0.0152,
    "precision_at_1000": 0.00178,
    "precision_at_20": 0.05778,
    "precision_at_3": 0.18963,
    "precision_at_5": 0.14379,
    "recall_at_1": 0.19205,
    "recall_at_10": 0.56942,
    "recall_at_100": 0.84937,
    "recall_at_1000": 0.96864,
    "recall_at_20": 0.66719,
    "recall_at_3": 0.36536,
    "recall_at_5": 0.44854
  },
  "mteb_dataset_name": "MIRACLRetrievalHardNegatives",
  "mteb_version": "1.7.10"
}