{
  "dataset_revision": "95c8db7d4a6e9c1d8a60601afd63d553ae20a2eb",
  "dev": {
    "evaluation_time": 176.03,
    "map_at_1": 0.50086,
    "map_at_10": 0.70236,
    "map_at_100": 0.71563,
    "map_at_1000": 0.71582,
    "map_at_20": 0.71162,
    "map_at_3": 0.65487,
    "map_at_5": 0.68519,
    "mrr_at_1": 0.71214,
    "mrr_at_10": 0.80126,
    "mrr_at_100": 0.80357,
    "mrr_at_1000": 0.80361,
    "mrr_at_20": 0.80302,
    "mrr_at_3": 0.78831,
    "mrr_at_5": 0.79739,
    "ndcg_at_1": 0.71214,
    "ndcg_at_10": 0.77228,
    "ndcg_at_100": 0.80612,
    "ndcg_at_1000": 0.80815,
    "ndcg_at_20": 0.79152,
    "ndcg_at_3": 0.72375,
    "ndcg_at_5": 0.74931,
    "precision_at_1": 0.71214,
    "precision_at_10": 0.1498,
    "precision_at_100": 0.01801,
    "precision_at_1000": 0.00183,
    "precision_at_20": 0.08247,
    "precision_at_3": 0.38836,
    "precision_at_5": 0.26685,
    "recall_at_1": 0.50086,
    "recall_at_10": 0.87207,
    "recall_at_100": 0.98886,
    "recall_at_1000": 1.0,
    "recall_at_20": 0.93004,
    "recall_at_3": 0.73724,
    "recall_at_5": 0.81003
  },
  "mteb_dataset_name": "MIRACLRetrievalHardNegatives",
  "mteb_version": "1.7.10"
}