{
  "dataset_revision": "95c8db7d4a6e9c1d8a60601afd63d553ae20a2eb",
  "dev": {
    "evaluation_time": 247.72,
    "map_at_1": 0.27747,
    "map_at_10": 0.43587,
    "map_at_100": 0.45256,
    "map_at_1000": 0.45339,
    "map_at_20": 0.44628,
    "map_at_3": 0.38752,
    "map_at_5": 0.4151,
    "mrr_at_1": 0.40791,
    "mrr_at_10": 0.53551,
    "mrr_at_100": 0.5431,
    "mrr_at_1000": 0.54326,
    "mrr_at_20": 0.54057,
    "mrr_at_3": 0.50637,
    "mrr_at_5": 0.52526,
    "ndcg_at_1": 0.40791,
    "ndcg_at_10": 0.52145,
    "ndcg_at_100": 0.57977,
    "ndcg_at_1000": 0.5924,
    "ndcg_at_20": 0.54865,
    "ndcg_at_3": 0.45074,
    "ndcg_at_5": 0.48505,
    "precision_at_1": 0.40791,
    "precision_at_10": 0.11351,
    "precision_at_100": 0.01604,
    "precision_at_1000": 0.00178,
    "precision_at_20": 0.06589,
    "precision_at_3": 0.25239,
    "precision_at_5": 0.18527,
    "recall_at_1": 0.27747,
    "recall_at_10": 0.66752,
    "recall_at_100": 0.89514,
    "recall_at_1000": 0.97485,
    "recall_at_20": 0.75658,
    "recall_at_3": 0.48393,
    "recall_at_5": 0.56977
  },
  "mteb_dataset_name": "MIRACLRetrievalHardNegatives",
  "mteb_version": "1.7.10"
}