{
  "dataset_revision": "95c8db7d4a6e9c1d8a60601afd63d553ae20a2eb",
  "dev": {
    "evaluation_time": 973.91,
    "map_at_1": 0.47502,
    "map_at_10": 0.68349,
    "map_at_100": 0.69573,
    "map_at_1000": 0.69593,
    "map_at_20": 0.69134,
    "map_at_3": 0.63288,
    "map_at_5": 0.66083,
    "mrr_at_1": 0.66985,
    "mrr_at_10": 0.77834,
    "mrr_at_100": 0.7798,
    "mrr_at_1000": 0.77981,
    "mrr_at_20": 0.77911,
    "mrr_at_3": 0.7608,
    "mrr_at_5": 0.77151,
    "ndcg_at_1": 0.66985,
    "ndcg_at_10": 0.76032,
    "ndcg_at_100": 0.79118,
    "ndcg_at_1000": 0.79319,
    "ndcg_at_20": 0.77553,
    "ndcg_at_3": 0.70174,
    "ndcg_at_5": 0.7268,
    "precision_at_1": 0.66985,
    "precision_at_10": 0.14993,
    "precision_at_100": 0.01795,
    "precision_at_1000": 0.00183,
    "precision_at_20": 0.08158,
    "precision_at_3": 0.37926,
    "precision_at_5": 0.25948,
    "recall_at_1": 0.47502,
    "recall_at_10": 0.88169,
    "recall_at_100": 0.98843,
    "recall_at_1000": 0.99886,
    "recall_at_20": 0.92555,
    "recall_at_3": 0.72219,
    "recall_at_5": 0.79257
  },
  "mteb_dataset_name": "MIRACLRetrievalHardNegatives",
  "mteb_version": "1.7.10"
}