{
  "dataset_revision": "95c8db7d4a6e9c1d8a60601afd63d553ae20a2eb",
  "dev": {
    "evaluation_time": 360.26,
    "map_at_1": 0.47229,
    "map_at_10": 0.67072,
    "map_at_100": 0.68398,
    "map_at_1000": 0.68425,
    "map_at_20": 0.6797,
    "map_at_3": 0.62352,
    "map_at_5": 0.65158,
    "mrr_at_1": 0.67394,
    "mrr_at_10": 0.77309,
    "mrr_at_100": 0.77526,
    "mrr_at_1000": 0.77529,
    "mrr_at_20": 0.77454,
    "mrr_at_3": 0.75693,
    "mrr_at_5": 0.76805,
    "ndcg_at_1": 0.67394,
    "ndcg_at_10": 0.74489,
    "ndcg_at_100": 0.77998,
    "ndcg_at_1000": 0.78326,
    "ndcg_at_20": 0.76351,
    "ndcg_at_3": 0.69213,
    "ndcg_at_5": 0.71738,
    "precision_at_1": 0.67394,
    "precision_at_10": 0.14543,
    "precision_at_100": 0.01772,
    "precision_at_1000": 0.00182,
    "precision_at_20": 0.08001,
    "precision_at_3": 0.37472,
    "precision_at_5": 0.25593,
    "recall_at_1": 0.47229,
    "recall_at_10": 0.85504,
    "recall_at_100": 0.97789,
    "recall_at_1000": 0.99666,
    "recall_at_20": 0.91115,
    "recall_at_3": 0.70652,
    "recall_at_5": 0.77949
  },
  "mteb_dataset_name": "MIRACLRetrievalHardNegatives",
  "mteb_version": "1.7.10"
}