{
  "dataset_revision": "fc24a3ce8f09746410daee3d5cd823ff7a0675b7",
  "mteb_dataset_name": "MrTidyRetrieval",
  "mteb_version": "1.7.10",
  "test": {
    "evaluation_time": 958.19,
    "map_at_1": 0.2881,
    "map_at_10": 0.41803,
    "map_at_100": 0.42818,
    "map_at_1000": 0.42861,
    "map_at_20": 0.42487,
    "map_at_3": 0.37719,
    "map_at_5": 0.40143,
    "mrr_at_1": 0.31597,
    "mrr_at_10": 0.43784,
    "mrr_at_100": 0.44647,
    "mrr_at_1000": 0.44681,
    "mrr_at_20": 0.44385,
    "mrr_at_3": 0.40266,
    "mrr_at_5": 0.42266,
    "ndcg_at_1": 0.31597,
    "ndcg_at_10": 0.48874,
    "ndcg_at_100": 0.53285,
    "ndcg_at_1000": 0.54398,
    "ndcg_at_20": 0.51188,
    "ndcg_at_3": 0.4101,
    "ndcg_at_5": 0.45054,
    "precision_at_1": 0.31597,
    "precision_at_10": 0.07748,
    "precision_at_100": 0.01008,
    "precision_at_1000": 0.00111,
    "precision_at_20": 0.04382,
    "precision_at_3": 0.17619,
    "precision_at_5": 0.12807,
    "recall_at_1": 0.2881,
    "recall_at_10": 0.6888,
    "recall_at_100": 0.88263,
    "recall_at_1000": 0.96765,
    "recall_at_20": 0.77647,
    "recall_at_3": 0.48137,
    "recall_at_5": 0.57577
  }
}