{
  "dataset_revision": "fc24a3ce8f09746410daee3d5cd823ff7a0675b7",
  "mteb_dataset_name": "MrTidyRetrieval",
  "mteb_version": "1.7.10",
  "test": {
    "evaluation_time": 951.82,
    "map_at_1": 0.17913,
    "map_at_10": 0.29007,
    "map_at_100": 0.30184,
    "map_at_1000": 0.30249,
    "map_at_20": 0.298,
    "map_at_3": 0.2514,
    "map_at_5": 0.27172,
    "mrr_at_1": 0.19664,
    "mrr_at_10": 0.30891,
    "mrr_at_100": 0.31896,
    "mrr_at_1000": 0.31951,
    "mrr_at_20": 0.31566,
    "mrr_at_3": 0.27129,
    "mrr_at_5": 0.29255,
    "ndcg_at_1": 0.19664,
    "ndcg_at_10": 0.35674,
    "ndcg_at_100": 0.40969,
    "ndcg_at_1000": 0.42698,
    "ndcg_at_20": 0.38345,
    "ndcg_at_3": 0.27826,
    "ndcg_at_5": 0.31493,
    "precision_at_1": 0.19664,
    "precision_at_10": 0.06143,
    "precision_at_100": 0.00891,
    "precision_at_1000": 0.00105,
    "precision_at_20": 0.0366,
    "precision_at_3": 0.12353,
    "precision_at_5": 0.09412,
    "recall_at_1": 0.17913,
    "recall_at_10": 0.54706,
    "recall_at_100": 0.78557,
    "recall_at_1000": 0.91835,
    "recall_at_20": 0.64846,
    "recall_at_3": 0.33669,
    "recall_at_5": 0.42297
  }
}