{
  "dataset_revision": "fc24a3ce8f09746410daee3d5cd823ff7a0675b7",
  "mteb_dataset_name": "MrTidyRetrieval",
  "mteb_version": "1.7.10",
  "test": {
    "evaluation_time": 1309.53,
    "map_at_1": 0.52913,
    "map_at_10": 0.67007,
    "map_at_100": 0.67542,
    "map_at_1000": 0.67553,
    "map_at_20": 0.67405,
    "map_at_3": 0.64127,
    "map_at_5": 0.65973,
    "mrr_at_1": 0.57227,
    "mrr_at_10": 0.68701,
    "mrr_at_100": 0.69122,
    "mrr_at_1000": 0.69131,
    "mrr_at_20": 0.69023,
    "mrr_at_3": 0.66681,
    "mrr_at_5": 0.67971,
    "ndcg_at_1": 0.57227,
    "ndcg_at_10": 0.72689,
    "ndcg_at_100": 0.74738,
    "ndcg_at_1000": 0.74999,
    "ndcg_at_20": 0.73926,
    "ndcg_at_3": 0.67706,
    "ndcg_at_5": 0.7056,
    "precision_at_1": 0.57227,
    "precision_at_10": 0.10042,
    "precision_at_100": 0.01109,
    "precision_at_1000": 0.00113,
    "precision_at_20": 0.05298,
    "precision_at_3": 0.28151,
    "precision_at_5": 0.18571,
    "recall_at_1": 0.52913,
    "recall_at_10": 0.88025,
    "recall_at_100": 0.96555,
    "recall_at_1000": 0.98543,
    "recall_at_20": 0.92507,
    "recall_at_3": 0.75546,
    "recall_at_5": 0.81933
  }
}