{
  "dataset_revision": "fc24a3ce8f09746410daee3d5cd823ff7a0675b7",
  "mteb_dataset_name": "MrTidyRetrieval",
  "mteb_version": "1.7.10",
  "test": {
    "evaluation_time": 5058.29,
    "map_at_1": 0.54412,
    "map_at_10": 0.68798,
    "map_at_100": 0.69227,
    "map_at_1000": 0.69238,
    "map_at_20": 0.691,
    "map_at_3": 0.65684,
    "map_at_5": 0.67872,
    "mrr_at_1": 0.5916,
    "mrr_at_10": 0.70516,
    "mrr_at_100": 0.70806,
    "mrr_at_1000": 0.70815,
    "mrr_at_20": 0.70721,
    "mrr_at_3": 0.68235,
    "mrr_at_5": 0.69845,
    "ndcg_at_1": 0.5916,
    "ndcg_at_10": 0.74422,
    "ndcg_at_100": 0.7612,
    "ndcg_at_1000": 0.76431,
    "ndcg_at_20": 0.75342,
    "ndcg_at_3": 0.6902,
    "ndcg_at_5": 0.72487,
    "precision_at_1": 0.5916,
    "precision_at_10": 0.1021,
    "precision_at_100": 0.01115,
    "precision_at_1000": 0.00114,
    "precision_at_20": 0.05328,
    "precision_at_3": 0.28487,
    "precision_at_5": 0.19042,
    "recall_at_1": 0.54412,
    "recall_at_10": 0.89678,
    "recall_at_100": 0.96961,
    "recall_at_1000": 0.99412,
    "recall_at_20": 0.93025,
    "recall_at_3": 0.7619,
    "recall_at_5": 0.8409
  }
}