{
  "dataset_revision": "fc24a3ce8f09746410daee3d5cd823ff7a0675b7",
  "mteb_dataset_name": "MrTidyRetrieval",
  "mteb_version": "1.7.10",
  "test": {
    "evaluation_time": 628.36,
    "map_at_1": 0.57311,
    "map_at_10": 0.72048,
    "map_at_100": 0.72426,
    "map_at_1000": 0.72434,
    "map_at_20": 0.72317,
    "map_at_3": 0.69561,
    "map_at_5": 0.71184,
    "mrr_at_1": 0.62185,
    "mrr_at_10": 0.73469,
    "mrr_at_100": 0.73709,
    "mrr_at_1000": 0.73715,
    "mrr_at_20": 0.73627,
    "mrr_at_3": 0.71499,
    "mrr_at_5": 0.7278,
    "ndcg_at_1": 0.62185,
    "ndcg_at_10": 0.77276,
    "ndcg_at_100": 0.78744,
    "ndcg_at_1000": 0.78935,
    "ndcg_at_20": 0.78055,
    "ndcg_at_3": 0.72785,
    "ndcg_at_5": 0.75383,
    "precision_at_1": 0.62185,
    "precision_at_10": 0.10454,
    "precision_at_100": 0.01125,
    "precision_at_1000": 0.00114,
    "precision_at_20": 0.05412,
    "precision_at_3": 0.30028,
    "precision_at_5": 0.19546,
    "recall_at_1": 0.57311,
    "recall_at_10": 0.91555,
    "recall_at_100": 0.97885,
    "recall_at_1000": 0.99328,
    "recall_at_20": 0.94384,
    "recall_at_3": 0.80154,
    "recall_at_5": 0.85994
  }
}