{
  "dataset_revision": "95c8db7d4a6e9c1d8a60601afd63d553ae20a2eb",
  "dev": {
    "evaluation_time": 236.3,
    "map_at_1": 0.36804,
    "map_at_10": 0.56704,
    "map_at_100": 0.58646,
    "map_at_1000": 0.58685,
    "map_at_20": 0.57943,
    "map_at_3": 0.50595,
    "map_at_5": 0.54018,
    "mrr_at_1": 0.56395,
    "mrr_at_10": 0.69645,
    "mrr_at_100": 0.70019,
    "mrr_at_1000": 0.70021,
    "mrr_at_20": 0.69929,
    "mrr_at_3": 0.67442,
    "mrr_at_5": 0.68965,
    "ndcg_at_1": 0.56395,
    "ndcg_at_10": 0.66101,
    "ndcg_at_100": 0.71419,
    "ndcg_at_1000": 0.71795,
    "ndcg_at_20": 0.68805,
    "ndcg_at_3": 0.5931,
    "ndcg_at_5": 0.62244,
    "precision_at_1": 0.56395,
    "precision_at_10": 0.14826,
    "precision_at_100": 0.02013,
    "precision_at_1000": 0.00208,
    "precision_at_20": 0.08529,
    "precision_at_3": 0.33876,
    "precision_at_5": 0.24581,
    "recall_at_1": 0.36804,
    "recall_at_10": 0.79713,
    "recall_at_100": 0.97946,
    "recall_at_1000": 0.99903,
    "recall_at_20": 0.8776,
    "recall_at_3": 0.60458,
    "recall_at_5": 0.69417
  },
  "mteb_dataset_name": "MIRACLRetrievalHardNegatives",
  "mteb_version": "1.7.10"
}