{
  "dataset_revision": "95c8db7d4a6e9c1d8a60601afd63d553ae20a2eb",
  "dev": {
    "evaluation_time": 480.0,
    "map_at_1": 0.3693,
    "map_at_10": 0.5733,
    "map_at_100": 0.59164,
    "map_at_1000": 0.59208,
    "map_at_20": 0.5846,
    "map_at_3": 0.51271,
    "map_at_5": 0.54539,
    "mrr_at_1": 0.56977,
    "mrr_at_10": 0.69585,
    "mrr_at_100": 0.69966,
    "mrr_at_1000": 0.69968,
    "mrr_at_20": 0.69863,
    "mrr_at_3": 0.67636,
    "mrr_at_5": 0.6874,
    "ndcg_at_1": 0.56977,
    "ndcg_at_10": 0.66434,
    "ndcg_at_100": 0.71501,
    "ndcg_at_1000": 0.71943,
    "ndcg_at_20": 0.68882,
    "ndcg_at_3": 0.60013,
    "ndcg_at_5": 0.62378,
    "precision_at_1": 0.56977,
    "precision_at_10": 0.1507,
    "precision_at_100": 0.01999,
    "precision_at_1000": 0.00208,
    "precision_at_20": 0.08535,
    "precision_at_3": 0.3469,
    "precision_at_5": 0.24698,
    "recall_at_1": 0.3693,
    "recall_at_10": 0.79821,
    "recall_at_100": 0.97487,
    "recall_at_1000": 0.99845,
    "recall_at_20": 0.87069,
    "recall_at_3": 0.61275,
    "recall_at_5": 0.69078
  },
  "mteb_dataset_name": "MIRACLRetrievalHardNegatives",
  "mteb_version": "1.7.10"
}