{
  "dataset_revision": "95c8db7d4a6e9c1d8a60601afd63d553ae20a2eb",
  "dev": {
    "evaluation_time": 327.98,
    "map_at_1": 0.16499,
    "map_at_10": 0.29566,
    "map_at_100": 0.31847,
    "map_at_1000": 0.31969,
    "map_at_20": 0.30758,
    "map_at_3": 0.24954,
    "map_at_5": 0.27195,
    "mrr_at_1": 0.27093,
    "mrr_at_10": 0.40862,
    "mrr_at_100": 0.41926,
    "mrr_at_1000": 0.41942,
    "mrr_at_20": 0.4155,
    "mrr_at_3": 0.37151,
    "mrr_at_5": 0.38959,
    "ndcg_at_1": 0.27093,
    "ndcg_at_10": 0.38544,
    "ndcg_at_100": 0.47143,
    "ndcg_at_1000": 0.48802,
    "ndcg_at_20": 0.41896,
    "ndcg_at_3": 0.31249,
    "ndcg_at_5": 0.33874,
    "precision_at_1": 0.27093,
    "precision_at_10": 0.09814,
    "precision_at_100": 0.01737,
    "precision_at_1000": 0.002,
    "precision_at_20": 0.06064,
    "precision_at_3": 0.19147,
    "precision_at_5": 0.14465,
    "recall_at_1": 0.16499,
    "recall_at_10": 0.5358,
    "recall_at_100": 0.86792,
    "recall_at_1000": 0.9662,
    "recall_at_20": 0.64302,
    "recall_at_3": 0.33588,
    "recall_at_5": 0.40993
  },
  "mteb_dataset_name": "MIRACLRetrievalHardNegatives",
  "mteb_version": "1.7.10"
}