{
  "dataset_revision": "95c8db7d4a6e9c1d8a60601afd63d553ae20a2eb",
  "dev": {
    "evaluation_time": 333.02,
    "map_at_1": 0.10002,
    "map_at_10": 0.19887,
    "map_at_100": 0.22192,
    "map_at_1000": 0.22364,
    "map_at_20": 0.21127,
    "map_at_3": 0.16297,
    "map_at_5": 0.18046,
    "mrr_at_1": 0.17442,
    "mrr_at_10": 0.29804,
    "mrr_at_100": 0.31026,
    "mrr_at_1000": 0.31076,
    "mrr_at_20": 0.3057,
    "mrr_at_3": 0.26492,
    "mrr_at_5": 0.28341,
    "ndcg_at_1": 0.17442,
    "ndcg_at_10": 0.27562,
    "ndcg_at_100": 0.36715,
    "ndcg_at_1000": 0.39564,
    "ndcg_at_20": 0.31133,
    "ndcg_at_3": 0.21464,
    "ndcg_at_5": 0.23775,
    "precision_at_1": 0.17442,
    "precision_at_10": 0.07663,
    "precision_at_100": 0.01566,
    "precision_at_1000": 0.00197,
    "precision_at_20": 0.0507,
    "precision_at_3": 0.14302,
    "precision_at_5": 0.1107,
    "recall_at_1": 0.10002,
    "recall_at_10": 0.39982,
    "recall_at_100": 0.76165,
    "recall_at_1000": 0.94487,
    "recall_at_20": 0.5156,
    "recall_at_3": 0.23274,
    "recall_at_5": 0.29842
  },
  "mteb_dataset_name": "MIRACLRetrievalHardNegatives",
  "mteb_version": "1.7.10"
}