{
  "dataset_revision": "95c8db7d4a6e9c1d8a60601afd63d553ae20a2eb",
  "dev": {
    "evaluation_time": 1476.38,
    "map_at_1": 0.3798,
    "map_at_10": 0.57099,
    "map_at_100": 0.59075,
    "map_at_1000": 0.59123,
    "map_at_20": 0.58353,
    "map_at_3": 0.50949,
    "map_at_5": 0.54488,
    "mrr_at_1": 0.57907,
    "mrr_at_10": 0.701,
    "mrr_at_100": 0.70442,
    "mrr_at_1000": 0.70444,
    "mrr_at_20": 0.70337,
    "mrr_at_3": 0.67926,
    "mrr_at_5": 0.69316,
    "ndcg_at_1": 0.57907,
    "ndcg_at_10": 0.66336,
    "ndcg_at_100": 0.71645,
    "ndcg_at_1000": 0.7206,
    "ndcg_at_20": 0.68993,
    "ndcg_at_3": 0.59503,
    "ndcg_at_5": 0.62492,
    "precision_at_1": 0.57907,
    "precision_at_10": 0.14895,
    "precision_at_100": 0.02006,
    "precision_at_1000": 0.00208,
    "precision_at_20": 0.08535,
    "precision_at_3": 0.33837,
    "precision_at_5": 0.24558,
    "recall_at_1": 0.3798,
    "recall_at_10": 0.79538,
    "recall_at_100": 0.97833,
    "recall_at_1000": 0.99942,
    "recall_at_20": 0.87443,
    "recall_at_3": 0.6018,
    "recall_at_5": 0.69343
  },
  "mteb_dataset_name": "MIRACLRetrievalHardNegatives",
  "mteb_version": "1.7.10"
}