{
  "dataset_revision": "fc24a3ce8f09746410daee3d5cd823ff7a0675b7",
  "mteb_dataset_name": "MrTidyRetrieval",
  "mteb_version": "1.7.10",
  "test": {
    "evaluation_time": 9476.06,
    "map_at_1": 0.16644,
    "map_at_10": 0.25667,
    "map_at_100": 0.26926,
    "map_at_1000": 0.27003,
    "map_at_20": 0.26468,
    "map_at_3": 0.22809,
    "map_at_5": 0.24392,
    "mrr_at_1": 0.20278,
    "mrr_at_10": 0.28684,
    "mrr_at_100": 0.29785,
    "mrr_at_1000": 0.29839,
    "mrr_at_20": 0.29391,
    "mrr_at_3": 0.2625,
    "mrr_at_5": 0.27479,
    "ndcg_at_1": 0.20278,
    "ndcg_at_10": 0.3113,
    "ndcg_at_100": 0.36954,
    "ndcg_at_1000": 0.38805,
    "ndcg_at_20": 0.33856,
    "ndcg_at_3": 0.2559,
    "ndcg_at_5": 0.28136,
    "precision_at_1": 0.20278,
    "precision_at_10": 0.05611,
    "precision_at_100": 0.00899,
    "precision_at_1000": 0.00109,
    "precision_at_20": 0.03465,
    "precision_at_3": 0.125,
    "precision_at_5": 0.08972,
    "recall_at_1": 0.16644,
    "recall_at_10": 0.44931,
    "recall_at_100": 0.70741,
    "recall_at_1000": 0.84282,
    "recall_at_20": 0.55023,
    "recall_at_3": 0.3037,
    "recall_at_5": 0.36134
  }
}