{
  "dataset_revision": "fc24a3ce8f09746410daee3d5cd823ff7a0675b7",
  "mteb_dataset_name": "MrTidyRetrieval",
  "mteb_version": "1.7.10",
  "test": {
    "evaluation_time": 26666.2,
    "map_at_1": 0.37431,
    "map_at_10": 0.52957,
    "map_at_100": 0.53742,
    "map_at_1000": 0.53777,
    "map_at_20": 0.53461,
    "map_at_3": 0.48769,
    "map_at_5": 0.5153,
    "mrr_at_1": 0.44444,
    "mrr_at_10": 0.5638,
    "mrr_at_100": 0.56895,
    "mrr_at_1000": 0.56916,
    "mrr_at_20": 0.56725,
    "mrr_at_3": 0.53194,
    "mrr_at_5": 0.55236,
    "ndcg_at_1": 0.44444,
    "ndcg_at_10": 0.59883,
    "ndcg_at_100": 0.63041,
    "ndcg_at_1000": 0.63815,
    "ndcg_at_20": 0.61456,
    "ndcg_at_3": 0.52376,
    "ndcg_at_5": 0.56743,
    "precision_at_1": 0.44444,
    "precision_at_10": 0.09764,
    "precision_at_100": 0.01162,
    "precision_at_1000": 0.00124,
    "precision_at_20": 0.05271,
    "precision_at_3": 0.24167,
    "precision_at_5": 0.17167,
    "recall_at_1": 0.37431,
    "recall_at_10": 0.77384,
    "recall_at_100": 0.90741,
    "recall_at_1000": 0.96458,
    "recall_at_20": 0.83125,
    "recall_at_3": 0.58495,
    "recall_at_5": 0.68287
  }
}