{
  "dataset_revision": "fc24a3ce8f09746410daee3d5cd823ff7a0675b7",
  "mteb_dataset_name": "MrTidyRetrieval",
  "mteb_version": "1.7.10",
  "test": {
    "evaluation_time": 6647.05,
    "map_at_1": 0.39421,
    "map_at_10": 0.55197,
    "map_at_100": 0.5606,
    "map_at_1000": 0.56084,
    "map_at_20": 0.55781,
    "map_at_3": 0.5147,
    "map_at_5": 0.54012,
    "mrr_at_1": 0.45972,
    "mrr_at_10": 0.58607,
    "mrr_at_100": 0.59142,
    "mrr_at_1000": 0.59155,
    "mrr_at_20": 0.58961,
    "mrr_at_3": 0.56111,
    "mrr_at_5": 0.57729,
    "ndcg_at_1": 0.45972,
    "ndcg_at_10": 0.61904,
    "ndcg_at_100": 0.65313,
    "ndcg_at_1000": 0.65923,
    "ndcg_at_20": 0.63682,
    "ndcg_at_3": 0.5548,
    "ndcg_at_5": 0.59362,
    "precision_at_1": 0.45972,
    "precision_at_10": 0.09903,
    "precision_at_100": 0.01192,
    "precision_at_1000": 0.00125,
    "precision_at_20": 0.0541,
    "precision_at_3": 0.25556,
    "precision_at_5": 0.1775,
    "recall_at_1": 0.39421,
    "recall_at_10": 0.78356,
    "recall_at_100": 0.92755,
    "recall_at_1000": 0.97431,
    "recall_at_20": 0.84792,
    "recall_at_3": 0.62454,
    "recall_at_5": 0.71111
  }
}