{
  "dataset_revision": "fc24a3ce8f09746410daee3d5cd823ff7a0675b7",
  "mteb_dataset_name": "MrTidyRetrieval",
  "mteb_version": "1.7.10",
  "test": {
    "evaluation_time": 56401.08,
    "map_at_1": 0.36921,
    "map_at_10": 0.52043,
    "map_at_100": 0.52987,
    "map_at_1000": 0.53017,
    "map_at_20": 0.52613,
    "map_at_3": 0.47894,
    "map_at_5": 0.50531,
    "mrr_at_1": 0.43333,
    "mrr_at_10": 0.55638,
    "mrr_at_100": 0.56228,
    "mrr_at_1000": 0.56242,
    "mrr_at_20": 0.56014,
    "mrr_at_3": 0.52315,
    "mrr_at_5": 0.54461,
    "ndcg_at_1": 0.43333,
    "ndcg_at_10": 0.58979,
    "ndcg_at_100": 0.62704,
    "ndcg_at_1000": 0.63365,
    "ndcg_at_20": 0.60723,
    "ndcg_at_3": 0.51492,
    "ndcg_at_5": 0.55744,
    "precision_at_1": 0.43333,
    "precision_at_10": 0.09569,
    "precision_at_100": 0.01176,
    "precision_at_1000": 0.00124,
    "precision_at_20": 0.05208,
    "precision_at_3": 0.2338,
    "precision_at_5": 0.16556,
    "recall_at_1": 0.36921,
    "recall_at_10": 0.76157,
    "recall_at_100": 0.91829,
    "recall_at_1000": 0.96667,
    "recall_at_20": 0.82523,
    "recall_at_3": 0.57569,
    "recall_at_5": 0.67083
  }
}