{
  "dataset_revision": "fc24a3ce8f09746410daee3d5cd823ff7a0675b7",
  "mteb_dataset_name": "MrTidyRetrieval",
  "mteb_version": "1.7.10",
  "test": {
    "evaluation_time": 9464.66,
    "map_at_1": 0.06412,
    "map_at_10": 0.12008,
    "map_at_100": 0.13138,
    "map_at_1000": 0.13227,
    "map_at_20": 0.12669,
    "map_at_3": 0.09738,
    "map_at_5": 0.10852,
    "mrr_at_1": 0.08056,
    "mrr_at_10": 0.14156,
    "mrr_at_100": 0.15232,
    "mrr_at_1000": 0.15308,
    "mrr_at_20": 0.14781,
    "mrr_at_3": 0.11806,
    "mrr_at_5": 0.12993,
    "ndcg_at_1": 0.08056,
    "ndcg_at_10": 0.16048,
    "ndcg_at_100": 0.21833,
    "ndcg_at_1000": 0.24282,
    "ndcg_at_20": 0.18398,
    "ndcg_at_3": 0.11317,
    "ndcg_at_5": 0.13319,
    "precision_at_1": 0.08056,
    "precision_at_10": 0.03292,
    "precision_at_100": 0.00664,
    "precision_at_1000": 0.00091,
    "precision_at_20": 0.02181,
    "precision_at_3": 0.05833,
    "precision_at_5": 0.04583,
    "recall_at_1": 0.06412,
    "recall_at_10": 0.26481,
    "recall_at_100": 0.53218,
    "recall_at_1000": 0.71528,
    "recall_at_20": 0.3544,
    "recall_at_3": 0.13866,
    "recall_at_5": 0.18519
  }
}