{
  "dataset_revision": "b4320165e039fec2ed05f4b1ba74e4e9376da070",
  "mteb_dataset_name": "WebFAQ",
  "mteb_version": "1.7.10",
  "test": {
    "evaluation_time": 369.77,
    "map_at_1": 0.5948,
    "map_at_10": 0.66474,
    "map_at_100": 0.6701,
    "map_at_1000": 0.67037,
    "map_at_20": 0.66792,
    "map_at_3": 0.64792,
    "map_at_5": 0.65707,
    "mrr_at_1": 0.5947,
    "mrr_at_10": 0.66466,
    "mrr_at_100": 0.67001,
    "mrr_at_1000": 0.67028,
    "mrr_at_20": 0.66782,
    "mrr_at_3": 0.64782,
    "mrr_at_5": 0.65699,
    "ndcg_at_1": 0.5948,
    "ndcg_at_10": 0.70003,
    "ndcg_at_100": 0.72725,
    "ndcg_at_1000": 0.73425,
    "ndcg_at_20": 0.71153,
    "ndcg_at_3": 0.66496,
    "ndcg_at_5": 0.68149,
    "precision_at_1": 0.5948,
    "precision_at_10": 0.08116,
    "precision_at_100": 0.00942,
    "precision_at_1000": 0.001,
    "precision_at_20": 0.04285,
    "precision_at_3": 0.23807,
    "precision_at_5": 0.15088,
    "recall_at_1": 0.5948,
    "recall_at_10": 0.8116,
    "recall_at_100": 0.9416,
    "recall_at_1000": 0.9962,
    "recall_at_20": 0.857,
    "recall_at_3": 0.7142,
    "recall_at_5": 0.7544
  }
}