{
  "dataset_revision": "b4320165e039fec2ed05f4b1ba74e4e9376da070",
  "mteb_dataset_name": "WebFAQ",
  "mteb_version": "1.7.10",
  "test": {
    "evaluation_time": 380.6,
    "map_at_1": 0.4835,
    "map_at_10": 0.54556,
    "map_at_100": 0.55143,
    "map_at_1000": 0.55192,
    "map_at_20": 0.54902,
    "map_at_3": 0.529,
    "map_at_5": 0.53829,
    "mrr_at_1": 0.4835,
    "mrr_at_10": 0.54555,
    "mrr_at_100": 0.55145,
    "mrr_at_1000": 0.55193,
    "mrr_at_20": 0.54903,
    "mrr_at_3": 0.529,
    "mrr_at_5": 0.53827,
    "ndcg_at_1": 0.4835,
    "ndcg_at_10": 0.57792,
    "ndcg_at_100": 0.60848,
    "ndcg_at_1000": 0.62252,
    "ndcg_at_20": 0.59059,
    "ndcg_at_3": 0.54368,
    "ndcg_at_5": 0.56045,
    "precision_at_1": 0.4835,
    "precision_at_10": 0.06806,
    "precision_at_100": 0.00828,
    "precision_at_1000": 0.00094,
    "precision_at_20": 0.03654,
    "precision_at_3": 0.19537,
    "precision_at_5": 0.12538,
    "recall_at_1": 0.4835,
    "recall_at_10": 0.6806,
    "recall_at_100": 0.8283,
    "recall_at_1000": 0.9411,
    "recall_at_20": 0.7308,
    "recall_at_3": 0.5861,
    "recall_at_5": 0.6269
  }
}