{
  "dataset_revision": "5ad9931726ff26496453bdf21176f765d18fec49",
  "mteb_dataset_name": "WebFAQ",
  "mteb_version": "1.7.10",
  "test": {
    "evaluation_time": 402.85,
    "map_at_1": 0.4688,
    "map_at_10": 0.53274,
    "map_at_100": 0.53883,
    "map_at_1000": 0.5393,
    "map_at_20": 0.53629,
    "map_at_3": 0.5167,
    "map_at_5": 0.52599,
    "mrr_at_1": 0.4686,
    "mrr_at_10": 0.53266,
    "mrr_at_100": 0.53875,
    "mrr_at_1000": 0.53922,
    "mrr_at_20": 0.53622,
    "mrr_at_3": 0.51663,
    "mrr_at_5": 0.5259,
    "ndcg_at_1": 0.4688,
    "ndcg_at_10": 0.5653,
    "ndcg_at_100": 0.59666,
    "ndcg_at_1000": 0.61065,
    "ndcg_at_20": 0.57832,
    "ndcg_at_3": 0.5322,
    "ndcg_at_5": 0.54895,
    "precision_at_1": 0.4688,
    "precision_at_10": 0.06683,
    "precision_at_100": 0.00819,
    "precision_at_1000": 0.00093,
    "precision_at_20": 0.036,
    "precision_at_3": 0.19233,
    "precision_at_5": 0.12354,
    "recall_at_1": 0.4688,
    "recall_at_10": 0.6683,
    "recall_at_100": 0.8188,
    "recall_at_1000": 0.9317,
    "recall_at_20": 0.7199,
    "recall_at_3": 0.577,
    "recall_at_5": 0.6177
  }
}