{
  "dataset_revision": "5ad9931726ff26496453bdf21176f765d18fec49",
  "mteb_dataset_name": "WebFAQ",
  "mteb_version": "1.7.10",
  "test": {
    "evaluation_time": 403.75,
    "map_at_1": 0.5805,
    "map_at_10": 0.65207,
    "map_at_100": 0.65773,
    "map_at_1000": 0.65801,
    "map_at_20": 0.65541,
    "map_at_3": 0.63433,
    "map_at_5": 0.64457,
    "mrr_at_1": 0.5805,
    "mrr_at_10": 0.65209,
    "mrr_at_100": 0.65773,
    "mrr_at_1000": 0.65801,
    "mrr_at_20": 0.65542,
    "mrr_at_3": 0.63433,
    "mrr_at_5": 0.64454,
    "ndcg_at_1": 0.5805,
    "ndcg_at_10": 0.68826,
    "ndcg_at_100": 0.71713,
    "ndcg_at_1000": 0.72419,
    "ndcg_at_20": 0.70026,
    "ndcg_at_3": 0.65163,
    "ndcg_at_5": 0.67014,
    "precision_at_1": 0.5805,
    "precision_at_10": 0.08026,
    "precision_at_100": 0.00941,
    "precision_at_1000": 0.001,
    "precision_at_20": 0.04249,
    "precision_at_3": 0.23387,
    "precision_at_5": 0.14934,
    "recall_at_1": 0.5805,
    "recall_at_10": 0.8026,
    "recall_at_100": 0.9407,
    "recall_at_1000": 0.9957,
    "recall_at_20": 0.8497,
    "recall_at_3": 0.7016,
    "recall_at_5": 0.7467
  }
}