{
  "dataset_revision": "5ad9931726ff26496453bdf21176f765d18fec49",
  "mteb_dataset_name": "WebFAQ",
  "mteb_version": "1.7.10",
  "test": {
    "evaluation_time": 544.03,
    "map_at_1": 0.4971,
    "map_at_10": 0.57445,
    "map_at_100": 0.58055,
    "map_at_1000": 0.58094,
    "map_at_20": 0.5781,
    "map_at_3": 0.55653,
    "map_at_5": 0.56682,
    "mrr_at_1": 0.4971,
    "mrr_at_10": 0.57444,
    "mrr_at_100": 0.58054,
    "mrr_at_1000": 0.58093,
    "mrr_at_20": 0.57808,
    "mrr_at_3": 0.55653,
    "mrr_at_5": 0.56681,
    "ndcg_at_1": 0.4971,
    "ndcg_at_10": 0.61242,
    "ndcg_at_100": 0.64362,
    "ndcg_at_1000": 0.65456,
    "ndcg_at_20": 0.62567,
    "ndcg_at_3": 0.57546,
    "ndcg_at_5": 0.59404,
    "precision_at_1": 0.4971,
    "precision_at_10": 0.07319,
    "precision_at_100": 0.00881,
    "precision_at_1000": 0.00097,
    "precision_at_20": 0.03921,
    "precision_at_3": 0.21003,
    "precision_at_5": 0.13506,
    "recall_at_1": 0.4971,
    "recall_at_10": 0.7319,
    "recall_at_100": 0.8814,
    "recall_at_1000": 0.9687,
    "recall_at_20": 0.7842,
    "recall_at_3": 0.6301,
    "recall_at_5": 0.6753
  }
}