{
  "dataset_revision": "b4320165e039fec2ed05f4b1ba74e4e9376da070",
  "mteb_dataset_name": "WebFAQ",
  "mteb_version": "1.7.10",
  "test": {
    "evaluation_time": 837.34,
    "map_at_1": 0.6416,
    "map_at_10": 0.71525,
    "map_at_100": 0.71999,
    "map_at_1000": 0.72013,
    "map_at_20": 0.71822,
    "map_at_3": 0.69747,
    "map_at_5": 0.70854,
    "mrr_at_1": 0.6416,
    "mrr_at_10": 0.71525,
    "mrr_at_100": 0.71999,
    "mrr_at_1000": 0.72013,
    "mrr_at_20": 0.71821,
    "mrr_at_3": 0.69747,
    "mrr_at_5": 0.70854,
    "ndcg_at_1": 0.6416,
    "ndcg_at_10": 0.75159,
    "ndcg_at_100": 0.77488,
    "ndcg_at_1000": 0.77812,
    "ndcg_at_20": 0.7623,
    "ndcg_at_3": 0.71542,
    "ndcg_at_5": 0.73541,
    "precision_at_1": 0.6416,
    "precision_at_10": 0.08658,
    "precision_at_100": 0.00975,
    "precision_at_1000": 0.001,
    "precision_at_20": 0.0454,
    "precision_at_3": 0.25577,
    "precision_at_5": 0.16318,
    "recall_at_1": 0.6416,
    "recall_at_10": 0.8658,
    "recall_at_100": 0.9752,
    "recall_at_1000": 0.9998,
    "recall_at_20": 0.9079,
    "recall_at_3": 0.7673,
    "recall_at_5": 0.8159
  }
}