{
  "dataset_revision": "5ad9931726ff26496453bdf21176f765d18fec49",
  "mteb_dataset_name": "WebFAQ",
  "mteb_version": "1.7.10",
  "test": {
    "evaluation_time": 2442.31,
    "map_at_1": 0.6338,
    "map_at_10": 0.70832,
    "map_at_100": 0.71332,
    "map_at_1000": 0.71348,
    "map_at_20": 0.7115,
    "map_at_3": 0.69073,
    "map_at_5": 0.70095,
    "mrr_at_1": 0.634,
    "mrr_at_10": 0.7084,
    "mrr_at_100": 0.71339,
    "mrr_at_1000": 0.71355,
    "mrr_at_20": 0.71159,
    "mrr_at_3": 0.69082,
    "mrr_at_5": 0.70103,
    "ndcg_at_1": 0.6338,
    "ndcg_at_10": 0.74499,
    "ndcg_at_100": 0.76894,
    "ndcg_at_1000": 0.77269,
    "ndcg_at_20": 0.75643,
    "ndcg_at_3": 0.70903,
    "ndcg_at_5": 0.72747,
    "precision_at_1": 0.6338,
    "precision_at_10": 0.08602,
    "precision_at_100": 0.00971,
    "precision_at_1000": 0.001,
    "precision_at_20": 0.04526,
    "precision_at_3": 0.25397,
    "precision_at_5": 0.16134,
    "recall_at_1": 0.6338,
    "recall_at_10": 0.8602,
    "recall_at_100": 0.9712,
    "recall_at_1000": 0.9997,
    "recall_at_20": 0.9051,
    "recall_at_3": 0.7619,
    "recall_at_5": 0.8067
  }
}