{
  "dataset_revision": "b4320165e039fec2ed05f4b1ba74e4e9376da070",
  "mteb_dataset_name": "WebFAQ",
  "mteb_version": "1.7.10",
  "test": {
    "evaluation_time": 392.2,
    "map_at_1": 0.6242,
    "map_at_10": 0.69647,
    "map_at_100": 0.70078,
    "map_at_1000": 0.70099,
    "map_at_20": 0.69899,
    "map_at_3": 0.67918,
    "map_at_5": 0.68955,
    "mrr_at_1": 0.6241,
    "mrr_at_10": 0.6964,
    "mrr_at_100": 0.70072,
    "mrr_at_1000": 0.70094,
    "mrr_at_20": 0.69894,
    "mrr_at_3": 0.6791,
    "mrr_at_5": 0.68948,
    "ndcg_at_1": 0.6242,
    "ndcg_at_10": 0.73202,
    "ndcg_at_100": 0.75395,
    "ndcg_at_1000": 0.75975,
    "ndcg_at_20": 0.74115,
    "ndcg_at_3": 0.69669,
    "ndcg_at_5": 0.71529,
    "precision_at_1": 0.6242,
    "precision_at_10": 0.08438,
    "precision_at_100": 0.00949,
    "precision_at_1000": 0.00099,
    "precision_at_20": 0.044,
    "precision_at_3": 0.24907,
    "precision_at_5": 0.15844,
    "recall_at_1": 0.6242,
    "recall_at_10": 0.8438,
    "recall_at_100": 0.9485,
    "recall_at_1000": 0.9941,
    "recall_at_20": 0.8799,
    "recall_at_3": 0.7472,
    "recall_at_5": 0.7922
  }
}