{
  "dataset_revision": "b4320165e039fec2ed05f4b1ba74e4e9376da070",
  "mteb_dataset_name": "WebFAQ",
  "mteb_version": "1.7.10",
  "test": {
    "evaluation_time": 494.37,
    "map_at_1": 0.5041,
    "map_at_10": 0.58013,
    "map_at_100": 0.58623,
    "map_at_1000": 0.58659,
    "map_at_20": 0.58376,
    "map_at_3": 0.56203,
    "map_at_5": 0.57254,
    "mrr_at_1": 0.5041,
    "mrr_at_10": 0.58008,
    "mrr_at_100": 0.58618,
    "mrr_at_1000": 0.58655,
    "mrr_at_20": 0.58371,
    "mrr_at_3": 0.56195,
    "mrr_at_5": 0.57248,
    "ndcg_at_1": 0.5041,
    "ndcg_at_10": 0.61792,
    "ndcg_at_100": 0.64884,
    "ndcg_at_1000": 0.65941,
    "ndcg_at_20": 0.63111,
    "ndcg_at_3": 0.5809,
    "ndcg_at_5": 0.59969,
    "precision_at_1": 0.5041,
    "precision_at_10": 0.07368,
    "precision_at_100": 0.00884,
    "precision_at_1000": 0.00097,
    "precision_at_20": 0.03945,
    "precision_at_3": 0.21183,
    "precision_at_5": 0.13616,
    "recall_at_1": 0.5041,
    "recall_at_10": 0.7368,
    "recall_at_100": 0.8842,
    "recall_at_1000": 0.9692,
    "recall_at_20": 0.7889,
    "recall_at_3": 0.6355,
    "recall_at_5": 0.6808
  }
}