{
  "dataset_revision": "5ad9931726ff26496453bdf21176f765d18fec49",
  "mteb_dataset_name": "WebFAQ",
  "mteb_version": "1.7.10",
  "test": {
    "evaluation_time": 286.72,
    "map_at_1": 0.622,
    "map_at_10": 0.6924,
    "map_at_100": 0.69701,
    "map_at_1000": 0.69723,
    "map_at_20": 0.69515,
    "map_at_3": 0.67582,
    "map_at_5": 0.68557,
    "mrr_at_1": 0.6223,
    "mrr_at_10": 0.69261,
    "mrr_at_100": 0.69721,
    "mrr_at_1000": 0.69742,
    "mrr_at_20": 0.69534,
    "mrr_at_3": 0.67602,
    "mrr_at_5": 0.68577,
    "ndcg_at_1": 0.622,
    "ndcg_at_10": 0.72685,
    "ndcg_at_100": 0.75012,
    "ndcg_at_1000": 0.75603,
    "ndcg_at_20": 0.73675,
    "ndcg_at_3": 0.69285,
    "ndcg_at_5": 0.71042,
    "precision_at_1": 0.622,
    "precision_at_10": 0.08352,
    "precision_at_100": 0.00946,
    "precision_at_1000": 0.00099,
    "precision_at_20": 0.04371,
    "precision_at_3": 0.24733,
    "precision_at_5": 0.15692,
    "recall_at_1": 0.622,
    "recall_at_10": 0.8352,
    "recall_at_100": 0.946,
    "recall_at_1000": 0.9928,
    "recall_at_20": 0.8741,
    "recall_at_3": 0.742,
    "recall_at_5": 0.7846
  }
}