{
  "dataset_revision": "5ad9931726ff26496453bdf21176f765d18fec49",
  "mteb_dataset_name": "WebFAQ",
  "mteb_version": "1.7.10",
  "test": {
    "evaluation_time": 2885.94,
    "map_at_1": 0.6897,
    "map_at_10": 0.7658,
    "map_at_100": 0.76921,
    "map_at_1000": 0.76928,
    "map_at_20": 0.76799,
    "map_at_3": 0.7499,
    "map_at_5": 0.75993,
    "mrr_at_1": 0.6898,
    "mrr_at_10": 0.76585,
    "mrr_at_100": 0.76926,
    "mrr_at_1000": 0.76933,
    "mrr_at_20": 0.76805,
    "mrr_at_3": 0.74997,
    "mrr_at_5": 0.75998,
    "ndcg_at_1": 0.6897,
    "ndcg_at_10": 0.80133,
    "ndcg_at_100": 0.81758,
    "ndcg_at_1000": 0.81928,
    "ndcg_at_20": 0.80925,
    "ndcg_at_3": 0.76916,
    "ndcg_at_5": 0.78716,
    "precision_at_1": 0.6897,
    "precision_at_10": 0.0912,
    "precision_at_100": 0.00987,
    "precision_at_1000": 0.001,
    "precision_at_20": 0.04716,
    "precision_at_3": 0.27493,
    "precision_at_5": 0.17366,
    "recall_at_1": 0.6897,
    "recall_at_10": 0.912,
    "recall_at_100": 0.9872,
    "recall_at_1000": 1.0,
    "recall_at_20": 0.9432,
    "recall_at_3": 0.8248,
    "recall_at_5": 0.8683
  }
}