{
  "dataset_revision": "b4320165e039fec2ed05f4b1ba74e4e9376da070",
  "mteb_dataset_name": "WebFAQ",
  "mteb_version": "1.7.10",
  "test": {
    "evaluation_time": 458.97,
    "map_at_1": 0.5154,
    "map_at_10": 0.58795,
    "map_at_100": 0.59325,
    "map_at_1000": 0.59361,
    "map_at_20": 0.59113,
    "map_at_3": 0.57057,
    "map_at_5": 0.58096,
    "mrr_at_1": 0.5153,
    "mrr_at_10": 0.58781,
    "mrr_at_100": 0.59311,
    "mrr_at_1000": 0.59347,
    "mrr_at_20": 0.59099,
    "mrr_at_3": 0.57047,
    "mrr_at_5": 0.58078,
    "ndcg_at_1": 0.5154,
    "ndcg_at_10": 0.62383,
    "ndcg_at_100": 0.65061,
    "ndcg_at_1000": 0.66073,
    "ndcg_at_20": 0.63529,
    "ndcg_at_3": 0.58815,
    "ndcg_at_5": 0.6069,
    "precision_at_1": 0.5154,
    "precision_at_10": 0.07368,
    "precision_at_100": 0.00864,
    "precision_at_1000": 0.00095,
    "precision_at_20": 0.0391,
    "precision_at_3": 0.21297,
    "precision_at_5": 0.1369,
    "recall_at_1": 0.5154,
    "recall_at_10": 0.7368,
    "recall_at_100": 0.8643,
    "recall_at_1000": 0.9455,
    "recall_at_20": 0.7819,
    "recall_at_3": 0.6389,
    "recall_at_5": 0.6845
  }
}