{
  "dataset_revision": "b4320165e039fec2ed05f4b1ba74e4e9376da070",
  "mteb_dataset_name": "WebFAQ",
  "mteb_version": "1.7.10",
  "test": {
    "evaluation_time": 588.78,
    "map_at_1": 0.5113,
    "map_at_10": 0.59588,
    "map_at_100": 0.60136,
    "map_at_1000": 0.60169,
    "map_at_20": 0.59914,
    "map_at_3": 0.57677,
    "map_at_5": 0.58838,
    "mrr_at_1": 0.5113,
    "mrr_at_10": 0.59586,
    "mrr_at_100": 0.60134,
    "mrr_at_1000": 0.60166,
    "mrr_at_20": 0.59912,
    "mrr_at_3": 0.57675,
    "mrr_at_5": 0.58836,
    "ndcg_at_1": 0.5113,
    "ndcg_at_10": 0.63636,
    "ndcg_at_100": 0.66416,
    "ndcg_at_1000": 0.67314,
    "ndcg_at_20": 0.648,
    "ndcg_at_3": 0.59743,
    "ndcg_at_5": 0.61829,
    "precision_at_1": 0.5113,
    "precision_at_10": 0.07632,
    "precision_at_100": 0.00896,
    "precision_at_1000": 0.00097,
    "precision_at_20": 0.04044,
    "precision_at_3": 0.219,
    "precision_at_5": 0.1415,
    "recall_at_1": 0.5113,
    "recall_at_10": 0.7632,
    "recall_at_100": 0.8961,
    "recall_at_1000": 0.9674,
    "recall_at_20": 0.8087,
    "recall_at_3": 0.657,
    "recall_at_5": 0.7075
  }
}