{
  "dataset_revision": "b4320165e039fec2ed05f4b1ba74e4e9376da070",
  "mteb_dataset_name": "WebFAQ",
  "mteb_version": "1.7.10",
  "test": {
    "evaluation_time": 445.53,
    "map_at_1": 0.6411,
    "map_at_10": 0.71421,
    "map_at_100": 0.71861,
    "map_at_1000": 0.7188,
    "map_at_20": 0.71697,
    "map_at_3": 0.6986,
    "map_at_5": 0.70771,
    "mrr_at_1": 0.641,
    "mrr_at_10": 0.71393,
    "mrr_at_100": 0.71833,
    "mrr_at_1000": 0.71853,
    "mrr_at_20": 0.71668,
    "mrr_at_3": 0.6983,
    "mrr_at_5": 0.7074,
    "ndcg_at_1": 0.6411,
    "ndcg_at_10": 0.74879,
    "ndcg_at_100": 0.77055,
    "ndcg_at_1000": 0.77532,
    "ndcg_at_20": 0.75869,
    "ndcg_at_3": 0.71659,
    "ndcg_at_5": 0.73305,
    "precision_at_1": 0.6411,
    "precision_at_10": 0.08571,
    "precision_at_100": 0.0096,
    "precision_at_1000": 0.001,
    "precision_at_20": 0.0448,
    "precision_at_3": 0.25613,
    "precision_at_5": 0.1617,
    "recall_at_1": 0.6411,
    "recall_at_10": 0.8571,
    "recall_at_100": 0.9599,
    "recall_at_1000": 0.9966,
    "recall_at_20": 0.896,
    "recall_at_3": 0.7684,
    "recall_at_5": 0.8085
  }
}