{
  "dataset_revision": "b4320165e039fec2ed05f4b1ba74e4e9376da070",
  "mteb_dataset_name": "WebFAQ",
  "mteb_version": "1.7.10",
  "test": {
    "evaluation_time": 755.36,
    "map_at_1": 0.6905,
    "map_at_10": 0.76773,
    "map_at_100": 0.77119,
    "map_at_1000": 0.77127,
    "map_at_20": 0.76999,
    "map_at_3": 0.75235,
    "map_at_5": 0.76223,
    "mrr_at_1": 0.6906,
    "mrr_at_10": 0.76779,
    "mrr_at_100": 0.77126,
    "mrr_at_1000": 0.77133,
    "mrr_at_20": 0.77006,
    "mrr_at_3": 0.7524,
    "mrr_at_5": 0.76227,
    "ndcg_at_1": 0.6905,
    "ndcg_at_10": 0.80267,
    "ndcg_at_100": 0.81921,
    "ndcg_at_1000": 0.82088,
    "ndcg_at_20": 0.81081,
    "ndcg_at_3": 0.77178,
    "ndcg_at_5": 0.78952,
    "precision_at_1": 0.6905,
    "precision_at_10": 0.0911,
    "precision_at_100": 0.00988,
    "precision_at_1000": 0.001,
    "precision_at_20": 0.04715,
    "precision_at_3": 0.27593,
    "precision_at_5": 0.17414,
    "recall_at_1": 0.6905,
    "recall_at_10": 0.911,
    "recall_at_100": 0.9876,
    "recall_at_1000": 1.0,
    "recall_at_20": 0.943,
    "recall_at_3": 0.8278,
    "recall_at_5": 0.8707
  }
}