{
  "dataset_revision": "5ad9931726ff26496453bdf21176f765d18fec49",
  "mteb_dataset_name": "WebFAQ",
  "mteb_version": "1.7.10",
  "test": {
    "evaluation_time": 479.55,
    "map_at_1": 0.5043,
    "map_at_10": 0.57674,
    "map_at_100": 0.58204,
    "map_at_1000": 0.58239,
    "map_at_20": 0.57984,
    "map_at_3": 0.5598,
    "map_at_5": 0.57027,
    "mrr_at_1": 0.5045,
    "mrr_at_10": 0.5768,
    "mrr_at_100": 0.58211,
    "mrr_at_1000": 0.58246,
    "mrr_at_20": 0.5799,
    "mrr_at_3": 0.55985,
    "mrr_at_5": 0.57033,
    "ndcg_at_1": 0.5043,
    "ndcg_at_10": 0.61193,
    "ndcg_at_100": 0.63949,
    "ndcg_at_1000": 0.64991,
    "ndcg_at_20": 0.62313,
    "ndcg_at_3": 0.57743,
    "ndcg_at_5": 0.59636,
    "precision_at_1": 0.5043,
    "precision_at_10": 0.07223,
    "precision_at_100": 0.00856,
    "precision_at_1000": 0.00094,
    "precision_at_20": 0.03832,
    "precision_at_3": 0.20943,
    "precision_at_5": 0.13488,
    "recall_at_1": 0.5043,
    "recall_at_10": 0.7223,
    "recall_at_100": 0.8555,
    "recall_at_1000": 0.94,
    "recall_at_20": 0.7664,
    "recall_at_3": 0.6283,
    "recall_at_5": 0.6744
  }
}