{
  "dataset_revision": "5ad9931726ff26496453bdf21176f765d18fec49",
  "mteb_dataset_name": "WebFAQ",
  "mteb_version": "1.7.10",
  "test": {
    "evaluation_time": 597.05,
    "map_at_1": 0.5063,
    "map_at_10": 0.59289,
    "map_at_100": 0.5986,
    "map_at_1000": 0.59893,
    "map_at_20": 0.59634,
    "map_at_3": 0.57458,
    "map_at_5": 0.58566,
    "mrr_at_1": 0.5061,
    "mrr_at_10": 0.59273,
    "mrr_at_100": 0.59846,
    "mrr_at_1000": 0.59879,
    "mrr_at_20": 0.59619,
    "mrr_at_3": 0.57445,
    "mrr_at_5": 0.5855,
    "ndcg_at_1": 0.5063,
    "ndcg_at_10": 0.63372,
    "ndcg_at_100": 0.66221,
    "ndcg_at_1000": 0.67148,
    "ndcg_at_20": 0.64617,
    "ndcg_at_3": 0.59643,
    "ndcg_at_5": 0.61633,
    "precision_at_1": 0.5063,
    "precision_at_10": 0.07612,
    "precision_at_100": 0.00896,
    "precision_at_1000": 0.00097,
    "precision_at_20": 0.04051,
    "precision_at_3": 0.21983,
    "precision_at_5": 0.14154,
    "recall_at_1": 0.5063,
    "recall_at_10": 0.7612,
    "recall_at_100": 0.896,
    "recall_at_1000": 0.9701,
    "recall_at_20": 0.8102,
    "recall_at_3": 0.6595,
    "recall_at_5": 0.7077
  }
}