{
  "dataset_revision": "5ad9931726ff26496453bdf21176f765d18fec49",
  "mteb_dataset_name": "WebFAQ",
  "mteb_version": "1.7.10",
  "test": {
    "evaluation_time": 464.09,
    "map_at_1": 0.6384,
    "map_at_10": 0.71121,
    "map_at_100": 0.71584,
    "map_at_1000": 0.71601,
    "map_at_20": 0.71408,
    "map_at_3": 0.6951,
    "map_at_5": 0.70493,
    "mrr_at_1": 0.6387,
    "mrr_at_10": 0.71135,
    "mrr_at_100": 0.71599,
    "mrr_at_1000": 0.71616,
    "mrr_at_20": 0.71424,
    "mrr_at_3": 0.69517,
    "mrr_at_5": 0.70508,
    "ndcg_at_1": 0.6384,
    "ndcg_at_10": 0.74574,
    "ndcg_at_100": 0.76848,
    "ndcg_at_1000": 0.77303,
    "ndcg_at_20": 0.7561,
    "ndcg_at_3": 0.71288,
    "ndcg_at_5": 0.73059,
    "precision_at_1": 0.6384,
    "precision_at_10": 0.08538,
    "precision_at_100": 0.00961,
    "precision_at_1000": 0.001,
    "precision_at_20": 0.04473,
    "precision_at_3": 0.2547,
    "precision_at_5": 0.16142,
    "recall_at_1": 0.6384,
    "recall_at_10": 0.8538,
    "recall_at_100": 0.9606,
    "recall_at_1000": 0.9963,
    "recall_at_20": 0.8946,
    "recall_at_3": 0.7641,
    "recall_at_5": 0.8071
  }
}