{
  "dataset_revision": "5ad9931726ff26496453bdf21176f765d18fec49",
  "mteb_dataset_name": "WebFAQ",
  "mteb_version": "1.7.10",
  "test": {
    "evaluation_time": 356.77,
    "map_at_1": 0.6454,
    "map_at_10": 0.72409,
    "map_at_100": 0.72797,
    "map_at_1000": 0.72813,
    "map_at_20": 0.72663,
    "map_at_3": 0.70827,
    "map_at_5": 0.71788,
    "mrr_at_1": 0.6458,
    "mrr_at_10": 0.72434,
    "mrr_at_100": 0.72823,
    "mrr_at_1000": 0.72839,
    "mrr_at_20": 0.72689,
    "mrr_at_3": 0.70858,
    "mrr_at_5": 0.71815,
    "ndcg_at_1": 0.6454,
    "ndcg_at_10": 0.76009,
    "ndcg_at_100": 0.77899,
    "ndcg_at_1000": 0.78306,
    "ndcg_at_20": 0.7693,
    "ndcg_at_3": 0.72808,
    "ndcg_at_5": 0.74529,
    "precision_at_1": 0.6454,
    "precision_at_10": 0.0872,
    "precision_at_100": 0.00961,
    "precision_at_1000": 0.00099,
    "precision_at_20": 0.04542,
    "precision_at_3": 0.26173,
    "precision_at_5": 0.16534,
    "recall_at_1": 0.6454,
    "recall_at_10": 0.872,
    "recall_at_100": 0.9605,
    "recall_at_1000": 0.9924,
    "recall_at_20": 0.9083,
    "recall_at_3": 0.7852,
    "recall_at_5": 0.8267
  }
}