{
  "dataset_revision": "b4320165e039fec2ed05f4b1ba74e4e9376da070",
  "mteb_dataset_name": "WebFAQ",
  "mteb_version": "1.7.10",
  "test": {
    "evaluation_time": 357.98,
    "map_at_1": 0.6432,
    "map_at_10": 0.72341,
    "map_at_100": 0.72709,
    "map_at_1000": 0.72726,
    "map_at_20": 0.72567,
    "map_at_3": 0.70772,
    "map_at_5": 0.7171,
    "mrr_at_1": 0.6433,
    "mrr_at_10": 0.72337,
    "mrr_at_100": 0.72705,
    "mrr_at_1000": 0.72722,
    "mrr_at_20": 0.72563,
    "mrr_at_3": 0.70767,
    "mrr_at_5": 0.71705,
    "ndcg_at_1": 0.6432,
    "ndcg_at_10": 0.75982,
    "ndcg_at_100": 0.7782,
    "ndcg_at_1000": 0.78239,
    "ndcg_at_20": 0.76805,
    "ndcg_at_3": 0.72798,
    "ndcg_at_5": 0.74482,
    "precision_at_1": 0.6432,
    "precision_at_10": 0.08729,
    "precision_at_100": 0.0096,
    "precision_at_1000": 0.00099,
    "precision_at_20": 0.04527,
    "precision_at_3": 0.26213,
    "precision_at_5": 0.16542,
    "recall_at_1": 0.6432,
    "recall_at_10": 0.8729,
    "recall_at_100": 0.9599,
    "recall_at_1000": 0.9924,
    "recall_at_20": 0.9054,
    "recall_at_3": 0.7864,
    "recall_at_5": 0.8271
  }
}