{
  "dataset_revision": "b4320165e039fec2ed05f4b1ba74e4e9376da070",
  "mteb_dataset_name": "WebFAQ",
  "mteb_version": "1.7.10",
  "test": {
    "evaluation_time": 212.83,
    "map_at_1": 0.7016,
    "map_at_10": 0.76463,
    "map_at_100": 0.768,
    "map_at_1000": 0.76815,
    "map_at_20": 0.76673,
    "map_at_3": 0.7508,
    "map_at_5": 0.75957,
    "mrr_at_1": 0.7016,
    "mrr_at_10": 0.76466,
    "mrr_at_100": 0.76803,
    "mrr_at_1000": 0.76818,
    "mrr_at_20": 0.76677,
    "mrr_at_3": 0.75082,
    "mrr_at_5": 0.75962,
    "ndcg_at_1": 0.7016,
    "ndcg_at_10": 0.79422,
    "ndcg_at_100": 0.81088,
    "ndcg_at_1000": 0.81478,
    "ndcg_at_20": 0.80184,
    "ndcg_at_3": 0.76633,
    "ndcg_at_5": 0.78214,
    "precision_at_1": 0.7016,
    "precision_at_10": 0.08865,
    "precision_at_100": 0.00965,
    "precision_at_1000": 0.001,
    "precision_at_20": 0.04583,
    "precision_at_3": 0.27037,
    "precision_at_5": 0.1699,
    "recall_at_1": 0.7016,
    "recall_at_10": 0.8865,
    "recall_at_100": 0.965,
    "recall_at_1000": 0.9959,
    "recall_at_20": 0.9165,
    "recall_at_3": 0.8111,
    "recall_at_5": 0.8495
  }
}