{
  "dataset_revision": "5ad9931726ff26496453bdf21176f765d18fec49",
  "mteb_dataset_name": "WebFAQ",
  "mteb_version": "1.7.10",
  "test": {
    "evaluation_time": 261.55,
    "map_at_1": 0.6861,
    "map_at_10": 0.75226,
    "map_at_100": 0.75607,
    "map_at_1000": 0.75621,
    "map_at_20": 0.75469,
    "map_at_3": 0.73882,
    "map_at_5": 0.74688,
    "mrr_at_1": 0.6856,
    "mrr_at_10": 0.75211,
    "mrr_at_100": 0.7559,
    "mrr_at_1000": 0.75605,
    "mrr_at_20": 0.75453,
    "mrr_at_3": 0.7386,
    "mrr_at_5": 0.74668,
    "ndcg_at_1": 0.6861,
    "ndcg_at_10": 0.78323,
    "ndcg_at_100": 0.80209,
    "ndcg_at_1000": 0.80571,
    "ndcg_at_20": 0.79201,
    "ndcg_at_3": 0.75569,
    "ndcg_at_5": 0.77018,
    "precision_at_1": 0.6861,
    "precision_at_10": 0.08799,
    "precision_at_100": 0.00969,
    "precision_at_1000": 0.001,
    "precision_at_20": 0.04573,
    "precision_at_3": 0.26813,
    "precision_at_5": 0.1679,
    "recall_at_1": 0.6861,
    "recall_at_10": 0.8799,
    "recall_at_100": 0.969,
    "recall_at_1000": 0.9971,
    "recall_at_20": 0.9145,
    "recall_at_3": 0.8044,
    "recall_at_5": 0.8395
  }
}