{
  "dataset_revision": "5ad9931726ff26496453bdf21176f765d18fec49",
  "mteb_dataset_name": "WebFAQ",
  "mteb_version": "1.7.10",
  "test": {
    "evaluation_time": 206.47,
    "map_at_1": 0.6871,
    "map_at_10": 0.75548,
    "map_at_100": 0.75863,
    "map_at_1000": 0.75879,
    "map_at_20": 0.75734,
    "map_at_3": 0.74128,
    "map_at_5": 0.75008,
    "mrr_at_1": 0.6867,
    "mrr_at_10": 0.75525,
    "mrr_at_100": 0.75842,
    "mrr_at_1000": 0.75858,
    "mrr_at_20": 0.75713,
    "mrr_at_3": 0.74107,
    "mrr_at_5": 0.7499,
    "ndcg_at_1": 0.6871,
    "ndcg_at_10": 0.78686,
    "ndcg_at_100": 0.80287,
    "ndcg_at_1000": 0.80701,
    "ndcg_at_20": 0.79363,
    "ndcg_at_3": 0.7581,
    "ndcg_at_5": 0.77381,
    "precision_at_1": 0.6871,
    "precision_at_10": 0.08846,
    "precision_at_100": 0.00961,
    "precision_at_1000": 0.00099,
    "precision_at_20": 0.04557,
    "precision_at_3": 0.26883,
    "precision_at_5": 0.16886,
    "recall_at_1": 0.6871,
    "recall_at_10": 0.8846,
    "recall_at_100": 0.9609,
    "recall_at_1000": 0.9935,
    "recall_at_20": 0.9114,
    "recall_at_3": 0.8065,
    "recall_at_5": 0.8443
  }
}