{
  "dataset_revision": "5ad9931726ff26496453bdf21176f765d18fec49",
  "mteb_dataset_name": "WebFAQ",
  "mteb_version": "1.7.10",
  "test": {
    "evaluation_time": 1692.74,
    "map_at_1": 0.7375,
    "map_at_10": 0.8062,
    "map_at_100": 0.80878,
    "map_at_1000": 0.80884,
    "map_at_20": 0.80778,
    "map_at_3": 0.79408,
    "map_at_5": 0.80122,
    "mrr_at_1": 0.7374,
    "mrr_at_10": 0.80617,
    "mrr_at_100": 0.80873,
    "mrr_at_1000": 0.80879,
    "mrr_at_20": 0.80772,
    "mrr_at_3": 0.79403,
    "mrr_at_5": 0.80117,
    "ndcg_at_1": 0.7375,
    "ndcg_at_10": 0.83673,
    "ndcg_at_100": 0.84932,
    "ndcg_at_1000": 0.85064,
    "ndcg_at_20": 0.84247,
    "ndcg_at_3": 0.81188,
    "ndcg_at_5": 0.82472,
    "precision_at_1": 0.7375,
    "precision_at_10": 0.09313,
    "precision_at_100": 0.0099,
    "precision_at_1000": 0.001,
    "precision_at_20": 0.0477,
    "precision_at_3": 0.28773,
    "precision_at_5": 0.17886,
    "recall_at_1": 0.7375,
    "recall_at_10": 0.9313,
    "recall_at_100": 0.9901,
    "recall_at_1000": 1.0,
    "recall_at_20": 0.954,
    "recall_at_3": 0.8632,
    "recall_at_5": 0.8943
  }
}