{
  "dataset_revision": "b4320165e039fec2ed05f4b1ba74e4e9376da070",
  "mteb_dataset_name": "WebFAQ",
  "mteb_version": "1.7.10",
  "test": {
    "evaluation_time": 424.76,
    "map_at_1": 0.7498,
    "map_at_10": 0.81334,
    "map_at_100": 0.81599,
    "map_at_1000": 0.81604,
    "map_at_20": 0.8151,
    "map_at_3": 0.80122,
    "map_at_5": 0.8084,
    "mrr_at_1": 0.7497,
    "mrr_at_10": 0.81331,
    "mrr_at_100": 0.81596,
    "mrr_at_1000": 0.81601,
    "mrr_at_20": 0.81506,
    "mrr_at_3": 0.80118,
    "mrr_at_5": 0.80838,
    "ndcg_at_1": 0.7498,
    "ndcg_at_10": 0.84221,
    "ndcg_at_100": 0.85478,
    "ndcg_at_1000": 0.85608,
    "ndcg_at_20": 0.84853,
    "ndcg_at_3": 0.81736,
    "ndcg_at_5": 0.83032,
    "precision_at_1": 0.7498,
    "precision_at_10": 0.0932,
    "precision_at_100": 0.0099,
    "precision_at_1000": 0.001,
    "precision_at_20": 0.04784,
    "precision_at_3": 0.28797,
    "precision_at_5": 0.17908,
    "recall_at_1": 0.7498,
    "recall_at_10": 0.932,
    "recall_at_100": 0.99,
    "recall_at_1000": 1.0,
    "recall_at_20": 0.9568,
    "recall_at_3": 0.8639,
    "recall_at_5": 0.8954
  }
}