{
  "dataset_revision": "b4320165e039fec2ed05f4b1ba74e4e9376da070",
  "mteb_dataset_name": "WebFAQ",
  "mteb_version": "1.7.10",
  "test": {
    "evaluation_time": 250.62,
    "map_at_1": 0.6977,
    "map_at_10": 0.76006,
    "map_at_100": 0.7639,
    "map_at_1000": 0.76402,
    "map_at_20": 0.7625,
    "map_at_3": 0.74607,
    "map_at_5": 0.75457,
    "mrr_at_1": 0.698,
    "mrr_at_10": 0.76024,
    "mrr_at_100": 0.76407,
    "mrr_at_1000": 0.76419,
    "mrr_at_20": 0.76268,
    "mrr_at_3": 0.74623,
    "mrr_at_5": 0.75474,
    "ndcg_at_1": 0.6977,
    "ndcg_at_10": 0.78992,
    "ndcg_at_100": 0.80885,
    "ndcg_at_1000": 0.81204,
    "ndcg_at_20": 0.79884,
    "ndcg_at_3": 0.76134,
    "ndcg_at_5": 0.77664,
    "precision_at_1": 0.6977,
    "precision_at_10": 0.08835,
    "precision_at_100": 0.00973,
    "precision_at_1000": 0.001,
    "precision_at_20": 0.04594,
    "precision_at_3": 0.26847,
    "precision_at_5": 0.1685,
    "recall_at_1": 0.6977,
    "recall_at_10": 0.8835,
    "recall_at_100": 0.9726,
    "recall_at_1000": 0.9975,
    "recall_at_20": 0.9188,
    "recall_at_3": 0.8054,
    "recall_at_5": 0.8425
  }
}