{
  "dataset_revision": "b4320165e039fec2ed05f4b1ba74e4e9376da070",
  "mteb_dataset_name": "WebFAQ",
  "mteb_version": "1.7.10",
  "test": {
    "evaluation_time": 325.08,
    "map_at_1": 0.5957,
    "map_at_10": 0.6706,
    "map_at_100": 0.67514,
    "map_at_1000": 0.67537,
    "map_at_20": 0.67323,
    "map_at_3": 0.65305,
    "map_at_5": 0.66349,
    "mrr_at_1": 0.5957,
    "mrr_at_10": 0.67056,
    "mrr_at_100": 0.67511,
    "mrr_at_1000": 0.67534,
    "mrr_at_20": 0.6732,
    "mrr_at_3": 0.65303,
    "mrr_at_5": 0.66349,
    "ndcg_at_1": 0.5957,
    "ndcg_at_10": 0.70711,
    "ndcg_at_100": 0.73015,
    "ndcg_at_1000": 0.7364,
    "ndcg_at_20": 0.71666,
    "ndcg_at_3": 0.67126,
    "ndcg_at_5": 0.68999,
    "precision_at_1": 0.5957,
    "precision_at_10": 0.08218,
    "precision_at_100": 0.00932,
    "precision_at_1000": 0.00098,
    "precision_at_20": 0.04298,
    "precision_at_3": 0.24127,
    "precision_at_5": 0.15382,
    "recall_at_1": 0.5957,
    "recall_at_10": 0.8218,
    "recall_at_100": 0.9316,
    "recall_at_1000": 0.9814,
    "recall_at_20": 0.8595,
    "recall_at_3": 0.7238,
    "recall_at_5": 0.7691
  }
}