{
  "dataset_revision": "b4320165e039fec2ed05f4b1ba74e4e9376da070",
  "mteb_dataset_name": "WebFAQ",
  "mteb_version": "1.7.10",
  "test": {
    "evaluation_time": 246.6,
    "map_at_1": 0.5748,
    "map_at_10": 0.63739,
    "map_at_100": 0.64203,
    "map_at_1000": 0.64235,
    "map_at_20": 0.64004,
    "map_at_3": 0.6225,
    "map_at_5": 0.63142,
    "mrr_at_1": 0.5746,
    "mrr_at_10": 0.63726,
    "mrr_at_100": 0.6419,
    "mrr_at_1000": 0.64222,
    "mrr_at_20": 0.63992,
    "mrr_at_3": 0.62237,
    "mrr_at_5": 0.63127,
    "ndcg_at_1": 0.5748,
    "ndcg_at_10": 0.6681,
    "ndcg_at_100": 0.692,
    "ndcg_at_1000": 0.70117,
    "ndcg_at_20": 0.6777,
    "ndcg_at_3": 0.63773,
    "ndcg_at_5": 0.65382,
    "precision_at_1": 0.5748,
    "precision_at_10": 0.07646,
    "precision_at_100": 0.00879,
    "precision_at_1000": 0.00095,
    "precision_at_20": 0.04012,
    "precision_at_3": 0.22723,
    "precision_at_5": 0.14416,
    "recall_at_1": 0.5748,
    "recall_at_10": 0.7646,
    "recall_at_100": 0.8794,
    "recall_at_1000": 0.9529,
    "recall_at_20": 0.8024,
    "recall_at_3": 0.6817,
    "recall_at_5": 0.7208
  }
}