{
  "dataset_revision": "5ad9931726ff26496453bdf21176f765d18fec49",
  "mteb_dataset_name": "WebFAQ",
  "mteb_version": "1.7.10",
  "test": {
    "evaluation_time": 339.95,
    "map_at_1": 0.5878,
    "map_at_10": 0.66494,
    "map_at_100": 0.66978,
    "map_at_1000": 0.67002,
    "map_at_20": 0.6679,
    "map_at_3": 0.6489,
    "map_at_5": 0.65851,
    "mrr_at_1": 0.5877,
    "mrr_at_10": 0.66496,
    "mrr_at_100": 0.66978,
    "mrr_at_1000": 0.67002,
    "mrr_at_20": 0.66791,
    "mrr_at_3": 0.6489,
    "mrr_at_5": 0.65851,
    "ndcg_at_1": 0.5878,
    "ndcg_at_10": 0.70112,
    "ndcg_at_100": 0.72518,
    "ndcg_at_1000": 0.73174,
    "ndcg_at_20": 0.71184,
    "ndcg_at_3": 0.66835,
    "ndcg_at_5": 0.68566,
    "precision_at_1": 0.5878,
    "precision_at_10": 0.0814,
    "precision_at_100": 0.00928,
    "precision_at_1000": 0.00098,
    "precision_at_20": 0.04282,
    "precision_at_3": 0.2415,
    "precision_at_5": 0.1533,
    "recall_at_1": 0.5878,
    "recall_at_10": 0.814,
    "recall_at_100": 0.9277,
    "recall_at_1000": 0.9799,
    "recall_at_20": 0.8563,
    "recall_at_3": 0.7245,
    "recall_at_5": 0.7665
  }
}