{
  "dataset_revision": "5ad9931726ff26496453bdf21176f765d18fec49",
  "mteb_dataset_name": "WebFAQ",
  "mteb_version": "1.7.10",
  "test": {
    "evaluation_time": 261.13,
    "map_at_1": 0.5541,
    "map_at_10": 0.62067,
    "map_at_100": 0.62566,
    "map_at_1000": 0.62598,
    "map_at_20": 0.62371,
    "map_at_3": 0.60547,
    "map_at_5": 0.61453,
    "mrr_at_1": 0.5536,
    "mrr_at_10": 0.62045,
    "mrr_at_100": 0.62543,
    "mrr_at_1000": 0.62575,
    "mrr_at_20": 0.62349,
    "mrr_at_3": 0.60523,
    "mrr_at_5": 0.61428,
    "ndcg_at_1": 0.5541,
    "ndcg_at_10": 0.65289,
    "ndcg_at_100": 0.67816,
    "ndcg_at_1000": 0.68738,
    "ndcg_at_20": 0.66375,
    "ndcg_at_3": 0.62177,
    "ndcg_at_5": 0.63813,
    "precision_at_1": 0.5541,
    "precision_at_10": 0.0754,
    "precision_at_100": 0.00875,
    "precision_at_1000": 0.00095,
    "precision_at_20": 0.03983,
    "precision_at_3": 0.22293,
    "precision_at_5": 0.14172,
    "recall_at_1": 0.5541,
    "recall_at_10": 0.754,
    "recall_at_100": 0.8748,
    "recall_at_1000": 0.949,
    "recall_at_20": 0.7965,
    "recall_at_3": 0.6688,
    "recall_at_5": 0.7086
  }
}