{
  "dataset_revision": "95c8db7d4a6e9c1d8a60601afd63d553ae20a2eb",
  "dev": {
    "evaluation_time": 316.26,
    "map_at_1": 0.14431,
    "map_at_10": 0.27194,
    "map_at_100": 0.30575,
    "map_at_1000": 0.3075,
    "map_at_20": 0.28939,
    "map_at_3": 0.2169,
    "map_at_5": 0.24658,
    "mrr_at_1": 0.31164,
    "mrr_at_10": 0.43417,
    "mrr_at_100": 0.4448,
    "mrr_at_1000": 0.44499,
    "mrr_at_20": 0.44112,
    "mrr_at_3": 0.3957,
    "mrr_at_5": 0.41692,
    "ndcg_at_1": 0.31164,
    "ndcg_at_10": 0.36925,
    "ndcg_at_100": 0.4815,
    "ndcg_at_1000": 0.50131,
    "ndcg_at_20": 0.41308,
    "ndcg_at_3": 0.30291,
    "ndcg_at_5": 0.32731,
    "precision_at_1": 0.31164,
    "precision_at_10": 0.12065,
    "precision_at_100": 0.02469,
    "precision_at_1000": 0.00285,
    "precision_at_20": 0.07997,
    "precision_at_3": 0.21443,
    "precision_at_5": 0.17447,
    "recall_at_1": 0.14431,
    "recall_at_10": 0.48275,
    "recall_at_100": 0.87192,
    "recall_at_1000": 0.97793,
    "recall_at_20": 0.6087,
    "recall_at_3": 0.27679,
    "recall_at_5": 0.36479
  },
  "mteb_dataset_name": "MIRACLRetrievalHardNegatives",
  "mteb_version": "1.7.10"
}