{
  "dataset_revision": "95c8db7d4a6e9c1d8a60601afd63d553ae20a2eb",
  "dev": {
    "evaluation_time": 322.34,
    "map_at_1": 0.11625,
    "map_at_10": 0.22033,
    "map_at_100": 0.25343,
    "map_at_1000": 0.25555,
    "map_at_20": 0.2377,
    "map_at_3": 0.17163,
    "map_at_5": 0.19431,
    "mrr_at_1": 0.24781,
    "mrr_at_10": 0.35998,
    "mrr_at_100": 0.37345,
    "mrr_at_1000": 0.37376,
    "mrr_at_20": 0.36912,
    "mrr_at_3": 0.32144,
    "mrr_at_5": 0.34184,
    "ndcg_at_1": 0.24781,
    "ndcg_at_10": 0.30609,
    "ndcg_at_100": 0.42407,
    "ndcg_at_1000": 0.451,
    "ndcg_at_20": 0.35188,
    "ndcg_at_3": 0.24271,
    "ndcg_at_5": 0.2609,
    "precision_at_1": 0.24781,
    "precision_at_10": 0.10388,
    "precision_at_100": 0.0235,
    "precision_at_1000": 0.00284,
    "precision_at_20": 0.0714,
    "precision_at_3": 0.17438,
    "precision_at_5": 0.14043,
    "recall_at_1": 0.11625,
    "recall_at_10": 0.40717,
    "recall_at_100": 0.82492,
    "recall_at_1000": 0.97495,
    "recall_at_20": 0.54208,
    "recall_at_3": 0.21747,
    "recall_at_5": 0.2874
  },
  "mteb_dataset_name": "MIRACLRetrievalHardNegatives",
  "mteb_version": "1.7.10"
}