{
  "dataset_revision": "95c8db7d4a6e9c1d8a60601afd63d553ae20a2eb",
  "dev": {
    "evaluation_time": 1506.38,
    "map_at_1": 0.23454,
    "map_at_10": 0.41401,
    "map_at_100": 0.44821,
    "map_at_1000": 0.4496,
    "map_at_20": 0.43367,
    "map_at_3": 0.3483,
    "map_at_5": 0.38224,
    "mrr_at_1": 0.50063,
    "mrr_at_10": 0.61785,
    "mrr_at_100": 0.62469,
    "mrr_at_1000": 0.62476,
    "mrr_at_20": 0.623,
    "mrr_at_3": 0.59241,
    "mrr_at_5": 0.60774,
    "ndcg_at_1": 0.50063,
    "ndcg_at_10": 0.52065,
    "ndcg_at_100": 0.6166,
    "ndcg_at_1000": 0.62846,
    "ndcg_at_20": 0.56403,
    "ndcg_at_3": 0.46876,
    "ndcg_at_5": 0.48051,
    "precision_at_1": 0.50063,
    "precision_at_10": 0.1587,
    "precision_at_100": 0.02685,
    "precision_at_1000": 0.0029,
    "precision_at_20": 0.09912,
    "precision_at_3": 0.32541,
    "precision_at_5": 0.24456,
    "recall_at_1": 0.23454,
    "recall_at_10": 0.61918,
    "recall_at_100": 0.93883,
    "recall_at_1000": 0.99743,
    "recall_at_20": 0.74413,
    "recall_at_3": 0.41997,
    "recall_at_5": 0.50435
  },
  "mteb_dataset_name": "MIRACLRetrievalHardNegatives",
  "mteb_version": "1.7.10"
}