{
  "dataset_revision": "95c8db7d4a6e9c1d8a60601afd63d553ae20a2eb",
  "dev": {
    "evaluation_time": 240.3,
    "map_at_1": 0.19976,
    "map_at_10": 0.36254,
    "map_at_100": 0.3948,
    "map_at_1000": 0.3965,
    "map_at_20": 0.37893,
    "map_at_3": 0.30143,
    "map_at_5": 0.33272,
    "mrr_at_1": 0.41802,
    "mrr_at_10": 0.55052,
    "mrr_at_100": 0.55739,
    "mrr_at_1000": 0.55749,
    "mrr_at_20": 0.55493,
    "mrr_at_3": 0.51648,
    "mrr_at_5": 0.53763,
    "ndcg_at_1": 0.41802,
    "ndcg_at_10": 0.46707,
    "ndcg_at_100": 0.5676,
    "ndcg_at_1000": 0.58295,
    "ndcg_at_20": 0.50452,
    "ndcg_at_3": 0.40512,
    "ndcg_at_5": 0.42453,
    "precision_at_1": 0.41802,
    "precision_at_10": 0.14355,
    "precision_at_100": 0.02599,
    "precision_at_1000": 0.0029,
    "precision_at_20": 0.08886,
    "precision_at_3": 0.27826,
    "precision_at_5": 0.21427,
    "recall_at_1": 0.19976,
    "recall_at_10": 0.57309,
    "recall_at_100": 0.92219,
    "recall_at_1000": 0.99712,
    "recall_at_20": 0.68047,
    "recall_at_3": 0.36883,
    "recall_at_5": 0.45706
  },
  "mteb_dataset_name": "MIRACLRetrievalHardNegatives",
  "mteb_version": "1.7.10"
}