{
  "dataset_revision": "95c8db7d4a6e9c1d8a60601afd63d553ae20a2eb",
  "dev": {
    "evaluation_time": 435.98,
    "map_at_1": 0.24929,
    "map_at_10": 0.44262,
    "map_at_100": 0.47566,
    "map_at_1000": 0.47675,
    "map_at_20": 0.46122,
    "map_at_3": 0.36789,
    "map_at_5": 0.40885,
    "mrr_at_1": 0.51189,
    "mrr_at_10": 0.63502,
    "mrr_at_100": 0.64096,
    "mrr_at_1000": 0.64103,
    "mrr_at_20": 0.63945,
    "mrr_at_3": 0.60847,
    "mrr_at_5": 0.6253,
    "ndcg_at_1": 0.51189,
    "ndcg_at_10": 0.54896,
    "ndcg_at_100": 0.63997,
    "ndcg_at_1000": 0.64895,
    "ndcg_at_20": 0.58868,
    "ndcg_at_3": 0.48936,
    "ndcg_at_5": 0.50766,
    "precision_at_1": 0.51189,
    "precision_at_10": 0.16821,
    "precision_at_100": 0.02735,
    "precision_at_1000": 0.0029,
    "precision_at_20": 0.10232,
    "precision_at_3": 0.33792,
    "precision_at_5": 0.26133,
    "recall_at_1": 0.24929,
    "recall_at_10": 0.64861,
    "recall_at_100": 0.95421,
    "recall_at_1000": 0.99803,
    "recall_at_20": 0.76202,
    "recall_at_3": 0.43617,
    "recall_at_5": 0.53097
  },
  "mteb_dataset_name": "MIRACLRetrievalHardNegatives",
  "mteb_version": "1.7.10"
}