{
  "dataset_revision": "fc24a3ce8f09746410daee3d5cd823ff7a0675b7",
  "mteb_dataset_name": "MrTidyRetrieval",
  "mteb_version": "1.7.10",
  "test": {
    "evaluation_time": 50756.3,
    "map_at_1": 0.13642,
    "map_at_10": 0.22744,
    "map_at_100": 0.24083,
    "map_at_1000": 0.24157,
    "map_at_20": 0.23592,
    "map_at_3": 0.19135,
    "map_at_5": 0.21449,
    "mrr_at_1": 0.16667,
    "mrr_at_10": 0.2577,
    "mrr_at_100": 0.26878,
    "mrr_at_1000": 0.26938,
    "mrr_at_20": 0.26503,
    "mrr_at_3": 0.22513,
    "mrr_at_5": 0.24516,
    "ndcg_at_1": 0.16667,
    "ndcg_at_10": 0.28652,
    "ndcg_at_100": 0.34716,
    "ndcg_at_1000": 0.36649,
    "ndcg_at_20": 0.31508,
    "ndcg_at_3": 0.21748,
    "ndcg_at_5": 0.25647,
    "precision_at_1": 0.16667,
    "precision_at_10": 0.05363,
    "precision_at_100": 0.00886,
    "precision_at_1000": 0.00107,
    "precision_at_20": 0.0336,
    "precision_at_3": 0.10529,
    "precision_at_5": 0.08522,
    "recall_at_1": 0.13642,
    "recall_at_10": 0.43884,
    "recall_at_100": 0.70744,
    "recall_at_1000": 0.85372,
    "recall_at_20": 0.5448,
    "recall_at_3": 0.26142,
    "recall_at_5": 0.3517
  }
}