{
  "dataset_revision": "fc24a3ce8f09746410daee3d5cd823ff7a0675b7",
  "mteb_dataset_name": "MrTidyRetrieval",
  "mteb_version": "1.7.10",
  "test": {
    "evaluation_time": 50824.52,
    "map_at_1": 0.06765,
    "map_at_10": 0.1347,
    "map_at_100": 0.14575,
    "map_at_1000": 0.14668,
    "map_at_20": 0.14055,
    "map_at_3": 0.10853,
    "map_at_5": 0.12251,
    "mrr_at_1": 0.08602,
    "mrr_at_10": 0.15596,
    "mrr_at_100": 0.16624,
    "mrr_at_1000": 0.16704,
    "mrr_at_20": 0.16169,
    "mrr_at_3": 0.12881,
    "mrr_at_5": 0.14393,
    "ndcg_at_1": 0.08602,
    "ndcg_at_10": 0.18107,
    "ndcg_at_100": 0.23851,
    "ndcg_at_1000": 0.26379,
    "ndcg_at_20": 0.20182,
    "ndcg_at_3": 0.12681,
    "ndcg_at_5": 0.1519,
    "precision_at_1": 0.08602,
    "precision_at_10": 0.03683,
    "precision_at_100": 0.00704,
    "precision_at_1000": 0.00095,
    "precision_at_20": 0.02332,
    "precision_at_3": 0.06407,
    "precision_at_5": 0.05188,
    "recall_at_1": 0.06765,
    "recall_at_10": 0.30511,
    "recall_at_100": 0.57303,
    "recall_at_1000": 0.76568,
    "recall_at_20": 0.38284,
    "recall_at_3": 0.16084,
    "recall_at_5": 0.21886
  }
}