{
  "dataset_revision": "fc24a3ce8f09746410daee3d5cd823ff7a0675b7",
  "mteb_dataset_name": "MrTidyRetrieval",
  "mteb_version": "1.7.10",
  "test": {
    "evaluation_time": 284388.36,
    "map_at_1": 0.34341,
    "map_at_10": 0.48295,
    "map_at_100": 0.49384,
    "map_at_1000": 0.49421,
    "map_at_20": 0.49038,
    "map_at_3": 0.44874,
    "map_at_5": 0.46763,
    "mrr_at_1": 0.39382,
    "mrr_at_10": 0.51746,
    "mrr_at_100": 0.52475,
    "mrr_at_1000": 0.52501,
    "mrr_at_20": 0.52275,
    "mrr_at_3": 0.48992,
    "mrr_at_5": 0.5045,
    "ndcg_at_1": 0.39382,
    "ndcg_at_10": 0.55177,
    "ndcg_at_100": 0.59536,
    "ndcg_at_1000": 0.60432,
    "ndcg_at_20": 0.57521,
    "ndcg_at_3": 0.487,
    "ndcg_at_5": 0.51775,
    "precision_at_1": 0.39382,
    "precision_at_10": 0.08884,
    "precision_at_100": 0.01144,
    "precision_at_1000": 0.00123,
    "precision_at_20": 0.05034,
    "precision_at_3": 0.22267,
    "precision_at_5": 0.15108,
    "recall_at_1": 0.34341,
    "recall_at_10": 0.72558,
    "recall_at_100": 0.90972,
    "recall_at_1000": 0.97693,
    "recall_at_20": 0.81048,
    "recall_at_3": 0.55712,
    "recall_at_5": 0.62814
  }
}