{
  "dataset_revision": "fc24a3ce8f09746410daee3d5cd823ff7a0675b7",
  "mteb_dataset_name": "MrTidyRetrieval",
  "mteb_version": "1.7.10",
  "test": {
    "evaluation_time": 35311.22,
    "map_at_1": 0.30757,
    "map_at_10": 0.45312,
    "map_at_100": 0.46373,
    "map_at_1000": 0.4641,
    "map_at_20": 0.4597,
    "map_at_3": 0.41249,
    "map_at_5": 0.4394,
    "mrr_at_1": 0.35887,
    "mrr_at_10": 0.48488,
    "mrr_at_100": 0.49239,
    "mrr_at_1000": 0.4926,
    "mrr_at_20": 0.48976,
    "mrr_at_3": 0.4496,
    "mrr_at_5": 0.47399,
    "ndcg_at_1": 0.35887,
    "ndcg_at_10": 0.5248,
    "ndcg_at_100": 0.57004,
    "ndcg_at_1000": 0.57911,
    "ndcg_at_20": 0.54587,
    "ndcg_at_3": 0.44966,
    "ndcg_at_5": 0.49533,
    "precision_at_1": 0.35887,
    "precision_at_10": 0.08656,
    "precision_at_100": 0.01133,
    "precision_at_1000": 0.00122,
    "precision_at_20": 0.04859,
    "precision_at_3": 0.20744,
    "precision_at_5": 0.15081,
    "recall_at_1": 0.30757,
    "recall_at_10": 0.70968,
    "recall_at_100": 0.90636,
    "recall_at_1000": 0.97469,
    "recall_at_20": 0.78629,
    "recall_at_3": 0.52151,
    "recall_at_5": 0.6259
  }
}