{
  "dataset_revision": "fc24a3ce8f09746410daee3d5cd823ff7a0675b7",
  "mteb_dataset_name": "MrTidyRetrieval",
  "mteb_version": "1.7.10",
  "test": {
    "evaluation_time": 84063.89,
    "map_at_1": 0.33513,
    "map_at_10": 0.49792,
    "map_at_100": 0.50809,
    "map_at_1000": 0.50835,
    "map_at_20": 0.50465,
    "map_at_3": 0.46352,
    "map_at_5": 0.48527,
    "mrr_at_1": 0.39382,
    "mrr_at_10": 0.53554,
    "mrr_at_100": 0.54193,
    "mrr_at_1000": 0.54208,
    "mrr_at_20": 0.5397,
    "mrr_at_3": 0.50806,
    "mrr_at_5": 0.52581,
    "ndcg_at_1": 0.39382,
    "ndcg_at_10": 0.57097,
    "ndcg_at_100": 0.61233,
    "ndcg_at_1000": 0.61854,
    "ndcg_at_20": 0.59155,
    "ndcg_at_3": 0.50809,
    "ndcg_at_5": 0.54402,
    "precision_at_1": 0.39382,
    "precision_at_10": 0.09234,
    "precision_at_100": 0.01168,
    "precision_at_1000": 0.00123,
    "precision_at_20": 0.05141,
    "precision_at_3": 0.2388,
    "precision_at_5": 0.16425,
    "recall_at_1": 0.33513,
    "recall_at_10": 0.75269,
    "recall_at_100": 0.93078,
    "recall_at_1000": 0.97737,
    "recall_at_20": 0.82728,
    "recall_at_3": 0.59341,
    "recall_at_5": 0.67563
  }
}