{
  "dataset_revision": "b4320165e039fec2ed05f4b1ba74e4e9376da070",
  "mteb_dataset_name": "WebFAQ",
  "mteb_version": "1.7.10",
  "test": {
    "evaluation_time": 6027.82,
    "map_at_1": 0.411,
    "map_at_10": 0.47746,
    "map_at_100": 0.48356,
    "map_at_1000": 0.48403,
    "map_at_20": 0.48104,
    "map_at_3": 0.46005,
    "map_at_5": 0.47026,
    "mrr_at_1": 0.4111,
    "mrr_at_10": 0.47755,
    "mrr_at_100": 0.48365,
    "mrr_at_1000": 0.48413,
    "mrr_at_20": 0.48113,
    "mrr_at_3": 0.46018,
    "mrr_at_5": 0.47035,
    "ndcg_at_1": 0.411,
    "ndcg_at_10": 0.51168,
    "ndcg_at_100": 0.54316,
    "ndcg_at_1000": 0.55731,
    "ndcg_at_20": 0.52471,
    "ndcg_at_3": 0.47589,
    "ndcg_at_5": 0.4943,
    "precision_at_1": 0.411,
    "precision_at_10": 0.062,
    "precision_at_100": 0.00771,
    "precision_at_1000": 0.00089,
    "precision_at_20": 0.03358,
    "precision_at_3": 0.1739,
    "precision_at_5": 0.11328,
    "recall_at_1": 0.411,
    "recall_at_10": 0.62,
    "recall_at_100": 0.7714,
    "recall_at_1000": 0.8861,
    "recall_at_20": 0.6715,
    "recall_at_3": 0.5217,
    "recall_at_5": 0.5664
  }
}