{
  "dataset_revision": "5ad9931726ff26496453bdf21176f765d18fec49",
  "mteb_dataset_name": "WebFAQ",
  "mteb_version": "1.7.10",
  "test": {
    "evaluation_time": 6133.05,
    "map_at_1": 0.3946,
    "map_at_10": 0.4622,
    "map_at_100": 0.46873,
    "map_at_1000": 0.4692,
    "map_at_20": 0.46607,
    "map_at_3": 0.445,
    "map_at_5": 0.4551,
    "mrr_at_1": 0.3945,
    "mrr_at_10": 0.46216,
    "mrr_at_100": 0.46868,
    "mrr_at_1000": 0.46916,
    "mrr_at_20": 0.46602,
    "mrr_at_3": 0.44498,
    "mrr_at_5": 0.45504,
    "ndcg_at_1": 0.3946,
    "ndcg_at_10": 0.49655,
    "ndcg_at_100": 0.52957,
    "ndcg_at_1000": 0.54383,
    "ndcg_at_20": 0.51039,
    "ndcg_at_3": 0.46134,
    "ndcg_at_5": 0.47952,
    "precision_at_1": 0.3946,
    "precision_at_10": 0.0605,
    "precision_at_100": 0.00763,
    "precision_at_1000": 0.00088,
    "precision_at_20": 0.03296,
    "precision_at_3": 0.16953,
    "precision_at_5": 0.11054,
    "recall_at_1": 0.3946,
    "recall_at_10": 0.605,
    "recall_at_100": 0.7625,
    "recall_at_1000": 0.8781,
    "recall_at_20": 0.6592,
    "recall_at_3": 0.5086,
    "recall_at_5": 0.5527
  }
}