{
  "dataset_revision": "5ad9931726ff26496453bdf21176f765d18fec49",
  "mteb_dataset_name": "WebFAQ",
  "mteb_version": "1.7.10",
  "test": {
    "evaluation_time": 6155.26,
    "map_at_1": 0.4783,
    "map_at_10": 0.55269,
    "map_at_100": 0.55868,
    "map_at_1000": 0.55912,
    "map_at_20": 0.55631,
    "map_at_3": 0.53378,
    "map_at_5": 0.54479,
    "mrr_at_1": 0.4783,
    "mrr_at_10": 0.55266,
    "mrr_at_100": 0.55867,
    "mrr_at_1000": 0.55911,
    "mrr_at_20": 0.55629,
    "mrr_at_3": 0.53382,
    "mrr_at_5": 0.54478,
    "ndcg_at_1": 0.4783,
    "ndcg_at_10": 0.59048,
    "ndcg_at_100": 0.6212,
    "ndcg_at_1000": 0.63383,
    "ndcg_at_20": 0.60349,
    "ndcg_at_3": 0.55163,
    "ndcg_at_5": 0.57141,
    "precision_at_1": 0.4783,
    "precision_at_10": 0.07099,
    "precision_at_100": 0.00858,
    "precision_at_1000": 0.00096,
    "precision_at_20": 0.03805,
    "precision_at_3": 0.20107,
    "precision_at_5": 0.13022,
    "recall_at_1": 0.4783,
    "recall_at_10": 0.7099,
    "recall_at_100": 0.8576,
    "recall_at_1000": 0.9594,
    "recall_at_20": 0.761,
    "recall_at_3": 0.6032,
    "recall_at_5": 0.6511
  }
}