{
  "dataset_revision": "5ad9931726ff26496453bdf21176f765d18fec49",
  "mteb_dataset_name": "WebFAQ",
  "mteb_version": "1.7.10",
  "test": {
    "evaluation_time": 4643.3,
    "map_at_1": 0.5426,
    "map_at_10": 0.62271,
    "map_at_100": 0.62818,
    "map_at_1000": 0.62847,
    "map_at_20": 0.626,
    "map_at_3": 0.60417,
    "map_at_5": 0.61542,
    "mrr_at_1": 0.5427,
    "mrr_at_10": 0.62281,
    "mrr_at_100": 0.62828,
    "mrr_at_1000": 0.62857,
    "mrr_at_20": 0.6261,
    "mrr_at_3": 0.60427,
    "mrr_at_5": 0.61552,
    "ndcg_at_1": 0.5426,
    "ndcg_at_10": 0.66182,
    "ndcg_at_100": 0.68933,
    "ndcg_at_1000": 0.69703,
    "ndcg_at_20": 0.67357,
    "ndcg_at_3": 0.62397,
    "ndcg_at_5": 0.64422,
    "precision_at_1": 0.5426,
    "precision_at_10": 0.07846,
    "precision_at_100": 0.00916,
    "precision_at_1000": 0.00098,
    "precision_at_20": 0.04153,
    "precision_at_3": 0.22707,
    "precision_at_5": 0.14606,
    "recall_at_1": 0.5426,
    "recall_at_10": 0.7846,
    "recall_at_100": 0.9156,
    "recall_at_1000": 0.9762,
    "recall_at_20": 0.8306,
    "recall_at_3": 0.6812,
    "recall_at_5": 0.7303
  }
}