{
  "dataset_revision": "5ad9931726ff26496453bdf21176f765d18fec49",
  "mteb_dataset_name": "WebFAQ",
  "mteb_version": "1.7.10",
  "test": {
    "evaluation_time": 44120.41,
    "map_at_1": 0.5419,
    "map_at_10": 0.62345,
    "map_at_100": 0.62906,
    "map_at_1000": 0.62936,
    "map_at_20": 0.62676,
    "map_at_3": 0.6034,
    "map_at_5": 0.61571,
    "mrr_at_1": 0.5418,
    "mrr_at_10": 0.62338,
    "mrr_at_100": 0.629,
    "mrr_at_1000": 0.62931,
    "mrr_at_20": 0.6267,
    "mrr_at_3": 0.60332,
    "mrr_at_5": 0.61565,
    "ndcg_at_1": 0.5419,
    "ndcg_at_10": 0.66404,
    "ndcg_at_100": 0.69262,
    "ndcg_at_1000": 0.7007,
    "ndcg_at_20": 0.67616,
    "ndcg_at_3": 0.62315,
    "ndcg_at_5": 0.64537,
    "precision_at_1": 0.5419,
    "precision_at_10": 0.07918,
    "precision_at_100": 0.00928,
    "precision_at_1000": 0.00099,
    "precision_at_20": 0.04199,
    "precision_at_3": 0.22673,
    "precision_at_5": 0.14684,
    "recall_at_1": 0.5419,
    "recall_at_10": 0.7918,
    "recall_at_100": 0.9283,
    "recall_at_1000": 0.9919,
    "recall_at_20": 0.8398,
    "recall_at_3": 0.6802,
    "recall_at_5": 0.7342
  }
}