{
  "dataset_revision": "b4320165e039fec2ed05f4b1ba74e4e9376da070",
  "mteb_dataset_name": "WebFAQ",
  "mteb_version": "1.7.10",
  "test": {
    "evaluation_time": 7555.11,
    "map_at_1": 0.4824,
    "map_at_10": 0.5616,
    "map_at_100": 0.56803,
    "map_at_1000": 0.56839,
    "map_at_20": 0.56538,
    "map_at_3": 0.5413,
    "map_at_5": 0.5533,
    "mrr_at_1": 0.4828,
    "mrr_at_10": 0.56187,
    "mrr_at_100": 0.56828,
    "mrr_at_1000": 0.56864,
    "mrr_at_20": 0.56562,
    "mrr_at_3": 0.54155,
    "mrr_at_5": 0.55356,
    "ndcg_at_1": 0.4824,
    "ndcg_at_10": 0.60207,
    "ndcg_at_100": 0.63479,
    "ndcg_at_1000": 0.64496,
    "ndcg_at_20": 0.61578,
    "ndcg_at_3": 0.56049,
    "ndcg_at_5": 0.58209,
    "precision_at_1": 0.4824,
    "precision_at_10": 0.07299,
    "precision_at_100": 0.00886,
    "precision_at_1000": 0.00097,
    "precision_at_20": 0.0392,
    "precision_at_3": 0.20533,
    "precision_at_5": 0.13368,
    "recall_at_1": 0.4824,
    "recall_at_10": 0.7299,
    "recall_at_100": 0.8861,
    "recall_at_1000": 0.9675,
    "recall_at_20": 0.784,
    "recall_at_3": 0.616,
    "recall_at_5": 0.6684
  }
}