{
  "dataset_revision": "b4320165e039fec2ed05f4b1ba74e4e9376da070",
  "mteb_dataset_name": "WebFAQ",
  "mteb_version": "1.7.10",
  "test": {
    "evaluation_time": 41623.48,
    "map_at_1": 0.5545,
    "map_at_10": 0.63198,
    "map_at_100": 0.63803,
    "map_at_1000": 0.63832,
    "map_at_20": 0.63569,
    "map_at_3": 0.61388,
    "map_at_5": 0.62492,
    "mrr_at_1": 0.5547,
    "mrr_at_10": 0.63208,
    "mrr_at_100": 0.63814,
    "mrr_at_1000": 0.63842,
    "mrr_at_20": 0.6358,
    "mrr_at_3": 0.61398,
    "mrr_at_5": 0.62503,
    "ndcg_at_1": 0.5545,
    "ndcg_at_10": 0.67008,
    "ndcg_at_100": 0.70028,
    "ndcg_at_1000": 0.70782,
    "ndcg_at_20": 0.68354,
    "ndcg_at_3": 0.63304,
    "ndcg_at_5": 0.65302,
    "precision_at_1": 0.5545,
    "precision_at_10": 0.07898,
    "precision_at_100": 0.00933,
    "precision_at_1000": 0.00099,
    "precision_at_20": 0.04215,
    "precision_at_3": 0.22947,
    "precision_at_5": 0.14742,
    "recall_at_1": 0.5545,
    "recall_at_10": 0.7898,
    "recall_at_100": 0.9328,
    "recall_at_1000": 0.9921,
    "recall_at_20": 0.8429,
    "recall_at_3": 0.6884,
    "recall_at_5": 0.7371
  }
}