{
  "dataset_revision": "5ad9931726ff26496453bdf21176f765d18fec49",
  "mteb_dataset_name": "WebFAQ",
  "mteb_version": "1.7.10",
  "test": {
    "evaluation_time": 7989.45,
    "map_at_1": 0.4663,
    "map_at_10": 0.54781,
    "map_at_100": 0.5542,
    "map_at_1000": 0.5546,
    "map_at_20": 0.55167,
    "map_at_3": 0.52677,
    "map_at_5": 0.53913,
    "mrr_at_1": 0.4664,
    "mrr_at_10": 0.54788,
    "mrr_at_100": 0.55427,
    "mrr_at_1000": 0.55467,
    "mrr_at_20": 0.55174,
    "mrr_at_3": 0.52683,
    "mrr_at_5": 0.53921,
    "ndcg_at_1": 0.4663,
    "ndcg_at_10": 0.58943,
    "ndcg_at_100": 0.62155,
    "ndcg_at_1000": 0.63277,
    "ndcg_at_20": 0.60335,
    "ndcg_at_3": 0.54602,
    "ndcg_at_5": 0.56838,
    "precision_at_1": 0.4663,
    "precision_at_10": 0.07212,
    "precision_at_100": 0.00874,
    "precision_at_1000": 0.00096,
    "precision_at_20": 0.0388,
    "precision_at_3": 0.20053,
    "precision_at_5": 0.13122,
    "recall_at_1": 0.4663,
    "recall_at_10": 0.7212,
    "recall_at_100": 0.8738,
    "recall_at_1000": 0.9634,
    "recall_at_20": 0.776,
    "recall_at_3": 0.6016,
    "recall_at_5": 0.6561
  }
}