{
  "dataset_revision": "b4320165e039fec2ed05f4b1ba74e4e9376da070",
  "mteb_dataset_name": "WebFAQ",
  "mteb_version": "1.7.10",
  "test": {
    "evaluation_time": 5830.17,
    "map_at_1": 0.4955,
    "map_at_10": 0.56957,
    "map_at_100": 0.57556,
    "map_at_1000": 0.57597,
    "map_at_20": 0.57324,
    "map_at_3": 0.5509,
    "map_at_5": 0.56198,
    "mrr_at_1": 0.4958,
    "mrr_at_10": 0.56971,
    "mrr_at_100": 0.57569,
    "mrr_at_1000": 0.57609,
    "mrr_at_20": 0.57337,
    "mrr_at_3": 0.55105,
    "mrr_at_5": 0.56212,
    "ndcg_at_1": 0.4955,
    "ndcg_at_10": 0.60678,
    "ndcg_at_100": 0.63718,
    "ndcg_at_1000": 0.64881,
    "ndcg_at_20": 0.62011,
    "ndcg_at_3": 0.56853,
    "ndcg_at_5": 0.5885,
    "precision_at_1": 0.4955,
    "precision_at_10": 0.07242,
    "precision_at_100": 0.00869,
    "precision_at_1000": 0.00096,
    "precision_at_20": 0.03884,
    "precision_at_3": 0.20647,
    "precision_at_5": 0.13358,
    "recall_at_1": 0.4955,
    "recall_at_10": 0.7242,
    "recall_at_100": 0.8694,
    "recall_at_1000": 0.9629,
    "recall_at_20": 0.7768,
    "recall_at_3": 0.6194,
    "recall_at_5": 0.6679
  }
}