{
  "dataset_revision": "b4320165e039fec2ed05f4b1ba74e4e9376da070",
  "mteb_dataset_name": "WebFAQ",
  "mteb_version": "1.7.10",
  "test": {
    "evaluation_time": 5109.77,
    "map_at_1": 0.5573,
    "map_at_10": 0.63364,
    "map_at_100": 0.63929,
    "map_at_1000": 0.63958,
    "map_at_20": 0.63708,
    "map_at_3": 0.61605,
    "map_at_5": 0.62672,
    "mrr_at_1": 0.5576,
    "mrr_at_10": 0.63376,
    "mrr_at_100": 0.63941,
    "mrr_at_1000": 0.63969,
    "mrr_at_20": 0.6372,
    "mrr_at_3": 0.61617,
    "mrr_at_5": 0.62682,
    "ndcg_at_1": 0.5573,
    "ndcg_at_10": 0.67096,
    "ndcg_at_100": 0.69901,
    "ndcg_at_1000": 0.70671,
    "ndcg_at_20": 0.68327,
    "ndcg_at_3": 0.63496,
    "ndcg_at_5": 0.65428,
    "precision_at_1": 0.5573,
    "precision_at_10": 0.07881,
    "precision_at_100": 0.00921,
    "precision_at_1000": 0.00098,
    "precision_at_20": 0.04182,
    "precision_at_3": 0.22987,
    "precision_at_5": 0.14734,
    "recall_at_1": 0.5573,
    "recall_at_10": 0.7881,
    "recall_at_100": 0.9207,
    "recall_at_1000": 0.9817,
    "recall_at_20": 0.8363,
    "recall_at_3": 0.6896,
    "recall_at_5": 0.7367
  }
}