{
  "dataset_revision": "95c8db7d4a6e9c1d8a60601afd63d553ae20a2eb",
  "dev": {
    "evaluation_time": 223.62,
    "map_at_1": 0.20752,
    "map_at_10": 0.34931,
    "map_at_100": 0.37132,
    "map_at_1000": 0.37231,
    "map_at_20": 0.36144,
    "map_at_3": 0.29692,
    "map_at_5": 0.32536,
    "mrr_at_1": 0.32437,
    "mrr_at_10": 0.4441,
    "mrr_at_100": 0.45324,
    "mrr_at_1000": 0.45348,
    "mrr_at_20": 0.44945,
    "mrr_at_3": 0.41482,
    "mrr_at_5": 0.43183,
    "ndcg_at_1": 0.32437,
    "ndcg_at_10": 0.43018,
    "ndcg_at_100": 0.50805,
    "ndcg_at_1000": 0.52245,
    "ndcg_at_20": 0.46215,
    "ndcg_at_3": 0.36269,
    "ndcg_at_5": 0.39101,
    "precision_at_1": 0.32437,
    "precision_at_10": 0.11013,
    "precision_at_100": 0.01799,
    "precision_at_1000": 0.00201,
    "precision_at_20": 0.06725,
    "precision_at_3": 0.22416,
    "precision_at_5": 0.17152,
    "recall_at_1": 0.20752,
    "recall_at_10": 0.56151,
    "recall_at_100": 0.85735,
    "recall_at_1000": 0.94599,
    "recall_at_20": 0.66237,
    "recall_at_3": 0.37551,
    "recall_at_5": 0.45629
  },
  "mteb_dataset_name": "MIRACLRetrievalHardNegatives",
  "mteb_version": "1.7.10"
}