{
  "dataset_revision": "95c8db7d4a6e9c1d8a60601afd63d553ae20a2eb",
  "dev": {
    "evaluation_time": 228.47,
    "map_at_1": 0.15268,
    "map_at_10": 0.27929,
    "map_at_100": 0.30323,
    "map_at_1000": 0.30433,
    "map_at_20": 0.29247,
    "map_at_3": 0.22684,
    "map_at_5": 0.25453,
    "mrr_at_1": 0.24684,
    "mrr_at_10": 0.36926,
    "mrr_at_100": 0.38031,
    "mrr_at_1000": 0.38063,
    "mrr_at_20": 0.3762,
    "mrr_at_3": 0.3307,
    "mrr_at_5": 0.35467,
    "ndcg_at_1": 0.24684,
    "ndcg_at_10": 0.36154,
    "ndcg_at_100": 0.44828,
    "ndcg_at_1000": 0.46482,
    "ndcg_at_20": 0.39679,
    "ndcg_at_3": 0.28223,
    "ndcg_at_5": 0.31684,
    "precision_at_1": 0.24684,
    "precision_at_10": 0.09778,
    "precision_at_100": 0.01761,
    "precision_at_1000": 0.00199,
    "precision_at_20": 0.06179,
    "precision_at_3": 0.17563,
    "precision_at_5": 0.14272,
    "recall_at_1": 0.15268,
    "recall_at_10": 0.5039,
    "recall_at_100": 0.83398,
    "recall_at_1000": 0.93589,
    "recall_at_20": 0.61543,
    "recall_at_3": 0.29754,
    "recall_at_5": 0.38504
  },
  "mteb_dataset_name": "MIRACLRetrievalHardNegatives",
  "mteb_version": "1.7.10"
}