{
  "dataset_revision": "95c8db7d4a6e9c1d8a60601afd63d553ae20a2eb",
  "dev": {
    "evaluation_time": 326.18,
    "map_at_1": 0.26353,
    "map_at_10": 0.43444,
    "map_at_100": 0.45587,
    "map_at_1000": 0.45648,
    "map_at_20": 0.44733,
    "map_at_3": 0.37707,
    "map_at_5": 0.40616,
    "mrr_at_1": 0.42563,
    "mrr_at_10": 0.5479,
    "mrr_at_100": 0.55431,
    "mrr_at_1000": 0.55442,
    "mrr_at_20": 0.55207,
    "mrr_at_3": 0.52057,
    "mrr_at_5": 0.53616,
    "ndcg_at_1": 0.42563,
    "ndcg_at_10": 0.52146,
    "ndcg_at_100": 0.58791,
    "ndcg_at_1000": 0.59588,
    "ndcg_at_20": 0.55153,
    "ndcg_at_3": 0.45105,
    "ndcg_at_5": 0.47649,
    "precision_at_1": 0.42563,
    "precision_at_10": 0.12848,
    "precision_at_100": 0.01899,
    "precision_at_1000": 0.00201,
    "precision_at_20": 0.07595,
    "precision_at_3": 0.27373,
    "precision_at_5": 0.20063,
    "recall_at_1": 0.26353,
    "recall_at_10": 0.6541,
    "recall_at_100": 0.89706,
    "recall_at_1000": 0.94637,
    "recall_at_20": 0.74598,
    "recall_at_3": 0.45831,
    "recall_at_5": 0.53621
  },
  "mteb_dataset_name": "MIRACLRetrievalHardNegatives",
  "mteb_version": "1.7.10"
}