{
  "dataset_revision": "95c8db7d4a6e9c1d8a60601afd63d553ae20a2eb",
  "dev": {
    "evaluation_time": 168.48,
    "map_at_1": 0.30655,
    "map_at_10": 0.47904,
    "map_at_100": 0.49997,
    "map_at_1000": 0.5006,
    "map_at_20": 0.4926,
    "map_at_3": 0.41718,
    "map_at_5": 0.45068,
    "mrr_at_1": 0.47943,
    "mrr_at_10": 0.59023,
    "mrr_at_100": 0.59643,
    "mrr_at_1000": 0.59652,
    "mrr_at_20": 0.59488,
    "mrr_at_3": 0.56593,
    "mrr_at_5": 0.58033,
    "ndcg_at_1": 0.47943,
    "ndcg_at_10": 0.56358,
    "ndcg_at_100": 0.6258,
    "ndcg_at_1000": 0.63259,
    "ndcg_at_20": 0.59523,
    "ndcg_at_3": 0.49279,
    "ndcg_at_5": 0.52177,
    "precision_at_1": 0.47943,
    "precision_at_10": 0.13528,
    "precision_at_100": 0.01921,
    "precision_at_1000": 0.00202,
    "precision_at_20": 0.07951,
    "precision_at_3": 0.29114,
    "precision_at_5": 0.21551,
    "recall_at_1": 0.30655,
    "recall_at_10": 0.68985,
    "recall_at_100": 0.91405,
    "recall_at_1000": 0.95244,
    "recall_at_20": 0.78842,
    "recall_at_3": 0.49694,
    "recall_at_5": 0.58301
  },
  "mteb_dataset_name": "MIRACLRetrievalHardNegatives",
  "mteb_version": "1.7.10"
}