{
  "dataset_revision": "95c8db7d4a6e9c1d8a60601afd63d553ae20a2eb",
  "dev": {
    "evaluation_time": 1109.8,
    "map_at_1": 0.2774,
    "map_at_10": 0.45252,
    "map_at_100": 0.47328,
    "map_at_1000": 0.47384,
    "map_at_20": 0.4644,
    "map_at_3": 0.39376,
    "map_at_5": 0.42588,
    "mrr_at_1": 0.44778,
    "mrr_at_10": 0.56557,
    "mrr_at_100": 0.57172,
    "mrr_at_1000": 0.57184,
    "mrr_at_20": 0.56968,
    "mrr_at_3": 0.53534,
    "mrr_at_5": 0.55432,
    "ndcg_at_1": 0.44778,
    "ndcg_at_10": 0.53863,
    "ndcg_at_100": 0.6038,
    "ndcg_at_1000": 0.61079,
    "ndcg_at_20": 0.56677,
    "ndcg_at_3": 0.47004,
    "ndcg_at_5": 0.49871,
    "precision_at_1": 0.44778,
    "precision_at_10": 0.13149,
    "precision_at_100": 0.01913,
    "precision_at_1000": 0.00202,
    "precision_at_20": 0.0765,
    "precision_at_3": 0.28639,
    "precision_at_5": 0.21139,
    "recall_at_1": 0.2774,
    "recall_at_10": 0.66772,
    "recall_at_100": 0.90955,
    "recall_at_1000": 0.95093,
    "recall_at_20": 0.75442,
    "recall_at_3": 0.4773,
    "recall_at_5": 0.56412
  },
  "mteb_dataset_name": "MIRACLRetrievalHardNegatives",
  "mteb_version": "1.7.10"
}