{
  "dataset_revision": "b4320165e039fec2ed05f4b1ba74e4e9376da070",
  "mteb_dataset_name": "WebFAQ",
  "mteb_version": "1.7.10",
  "test": {
    "evaluation_time": 313.11,
    "map_at_1": 0.5003,
    "map_at_10": 0.59276,
    "map_at_100": 0.59908,
    "map_at_1000": 0.59936,
    "map_at_20": 0.59663,
    "map_at_3": 0.57123,
    "map_at_5": 0.58357,
    "mrr_at_1": 0.5,
    "mrr_at_10": 0.5926,
    "mrr_at_100": 0.59892,
    "mrr_at_1000": 0.59919,
    "mrr_at_20": 0.59647,
    "mrr_at_3": 0.57108,
    "mrr_at_5": 0.5834,
    "ndcg_at_1": 0.5003,
    "ndcg_at_10": 0.63826,
    "ndcg_at_100": 0.66963,
    "ndcg_at_1000": 0.67687,
    "ndcg_at_20": 0.65217,
    "ndcg_at_3": 0.59394,
    "ndcg_at_5": 0.61615,
    "precision_at_1": 0.5003,
    "precision_at_10": 0.07814,
    "precision_at_100": 0.0093,
    "precision_at_1000": 0.00099,
    "precision_at_20": 0.0418,
    "precision_at_3": 0.21983,
    "precision_at_5": 0.14268,
    "recall_at_1": 0.5003,
    "recall_at_10": 0.7814,
    "recall_at_100": 0.9296,
    "recall_at_1000": 0.9865,
    "recall_at_20": 0.836,
    "recall_at_3": 0.6595,
    "recall_at_5": 0.7134
  }
}