{
  "dataset_revision": "5ad9931726ff26496453bdf21176f765d18fec49",
  "mteb_dataset_name": "WebFAQ",
  "mteb_version": "1.7.10",
  "test": {
    "evaluation_time": 303.2,
    "map_at_1": 0.4969,
    "map_at_10": 0.58707,
    "map_at_100": 0.59313,
    "map_at_1000": 0.59344,
    "map_at_20": 0.59079,
    "map_at_3": 0.56447,
    "map_at_5": 0.57814,
    "mrr_at_1": 0.4967,
    "mrr_at_10": 0.58691,
    "mrr_at_100": 0.59298,
    "mrr_at_1000": 0.59329,
    "mrr_at_20": 0.59064,
    "mrr_at_3": 0.56425,
    "mrr_at_5": 0.57797,
    "ndcg_at_1": 0.4969,
    "ndcg_at_10": 0.63197,
    "ndcg_at_100": 0.66215,
    "ndcg_at_1000": 0.67046,
    "ndcg_at_20": 0.64543,
    "ndcg_at_3": 0.58599,
    "ndcg_at_5": 0.61052,
    "precision_at_1": 0.4969,
    "precision_at_10": 0.07734,
    "precision_at_100": 0.00916,
    "precision_at_1000": 0.00098,
    "precision_at_20": 0.04132,
    "precision_at_3": 0.21603,
    "precision_at_5": 0.14148,
    "recall_at_1": 0.4969,
    "recall_at_10": 0.7734,
    "recall_at_100": 0.9162,
    "recall_at_1000": 0.9817,
    "recall_at_20": 0.8264,
    "recall_at_3": 0.6481,
    "recall_at_5": 0.7074
  }
}