{
  "dataset_revision": "5ad9931726ff26496453bdf21176f765d18fec49",
  "mteb_dataset_name": "WebFAQ",
  "mteb_version": "1.7.10",
  "test": {
    "evaluation_time": 238.21,
    "map_at_1": 0.6182,
    "map_at_10": 0.70276,
    "map_at_100": 0.70742,
    "map_at_1000": 0.70755,
    "map_at_20": 0.70572,
    "map_at_3": 0.68317,
    "map_at_5": 0.69513,
    "mrr_at_1": 0.6178,
    "mrr_at_10": 0.70252,
    "mrr_at_100": 0.70717,
    "mrr_at_1000": 0.7073,
    "mrr_at_20": 0.70547,
    "mrr_at_3": 0.68288,
    "mrr_at_5": 0.69488,
    "ndcg_at_1": 0.6182,
    "ndcg_at_10": 0.74364,
    "ndcg_at_100": 0.76588,
    "ndcg_at_1000": 0.76902,
    "ndcg_at_20": 0.75415,
    "ndcg_at_3": 0.70393,
    "ndcg_at_5": 0.72537,
    "precision_at_1": 0.6182,
    "precision_at_10": 0.08717,
    "precision_at_100": 0.00975,
    "precision_at_1000": 0.001,
    "precision_at_20": 0.04564,
    "precision_at_3": 0.25463,
    "precision_at_5": 0.16314,
    "recall_at_1": 0.6182,
    "recall_at_10": 0.8717,
    "recall_at_100": 0.9747,
    "recall_at_1000": 0.9988,
    "recall_at_20": 0.9127,
    "recall_at_3": 0.7639,
    "recall_at_5": 0.8157
  }
}