{
  "dataset_revision": "5ad9931726ff26496453bdf21176f765d18fec49",
  "mteb_dataset_name": "WebFAQ",
  "mteb_version": "1.7.10",
  "test": {
    "evaluation_time": 192.5,
    "map_at_1": 0.6094,
    "map_at_10": 0.69858,
    "map_at_100": 0.70321,
    "map_at_1000": 0.70334,
    "map_at_20": 0.70165,
    "map_at_3": 0.67923,
    "map_at_5": 0.69106,
    "mrr_at_1": 0.6093,
    "mrr_at_10": 0.69852,
    "mrr_at_100": 0.70315,
    "mrr_at_1000": 0.70328,
    "mrr_at_20": 0.70159,
    "mrr_at_3": 0.67915,
    "mrr_at_5": 0.691,
    "ndcg_at_1": 0.6094,
    "ndcg_at_10": 0.74059,
    "ndcg_at_100": 0.76247,
    "ndcg_at_1000": 0.76567,
    "ndcg_at_20": 0.75162,
    "ndcg_at_3": 0.70146,
    "ndcg_at_5": 0.72276,
    "precision_at_1": 0.6094,
    "precision_at_10": 0.08716,
    "precision_at_100": 0.00973,
    "precision_at_1000": 0.001,
    "precision_at_20": 0.04575,
    "precision_at_3": 0.2552,
    "precision_at_5": 0.16346,
    "recall_at_1": 0.6094,
    "recall_at_10": 0.8716,
    "recall_at_100": 0.9725,
    "recall_at_1000": 0.9974,
    "recall_at_20": 0.9149,
    "recall_at_3": 0.7656,
    "recall_at_5": 0.8173
  }
}