{
  "dataset_revision": "b4320165e039fec2ed05f4b1ba74e4e9376da070",
  "mteb_dataset_name": "WebFAQ",
  "mteb_version": "1.7.10",
  "test": {
    "evaluation_time": 243.39,
    "map_at_1": 0.5175,
    "map_at_10": 0.60241,
    "map_at_100": 0.60822,
    "map_at_1000": 0.60852,
    "map_at_20": 0.60597,
    "map_at_3": 0.58213,
    "map_at_5": 0.59419,
    "mrr_at_1": 0.5171,
    "mrr_at_10": 0.6022,
    "mrr_at_100": 0.608,
    "mrr_at_1000": 0.60831,
    "mrr_at_20": 0.60576,
    "mrr_at_3": 0.58192,
    "mrr_at_5": 0.59399,
    "ndcg_at_1": 0.5175,
    "ndcg_at_10": 0.64448,
    "ndcg_at_100": 0.67323,
    "ndcg_at_1000": 0.68165,
    "ndcg_at_20": 0.65737,
    "ndcg_at_3": 0.60302,
    "ndcg_at_5": 0.62469,
    "precision_at_1": 0.5175,
    "precision_at_10": 0.07768,
    "precision_at_100": 0.00912,
    "precision_at_1000": 0.00098,
    "precision_at_20": 0.04138,
    "precision_at_3": 0.22113,
    "precision_at_5": 0.14318,
    "recall_at_1": 0.5175,
    "recall_at_10": 0.7768,
    "recall_at_100": 0.9123,
    "recall_at_1000": 0.9793,
    "recall_at_20": 0.8276,
    "recall_at_3": 0.6634,
    "recall_at_5": 0.7159
  }
}