{
  "dataset_revision": "5ad9931726ff26496453bdf21176f765d18fec49",
  "mteb_dataset_name": "WebFAQ",
  "mteb_version": "1.7.10",
  "test": {
    "evaluation_time": 1733.28,
    "map_at_1": 0.6562,
    "map_at_10": 0.74432,
    "map_at_100": 0.74813,
    "map_at_1000": 0.74817,
    "map_at_20": 0.74706,
    "map_at_3": 0.72403,
    "map_at_5": 0.73648,
    "mrr_at_1": 0.656,
    "mrr_at_10": 0.74416,
    "mrr_at_100": 0.74797,
    "mrr_at_1000": 0.748,
    "mrr_at_20": 0.7469,
    "mrr_at_3": 0.72385,
    "mrr_at_5": 0.73632,
    "ndcg_at_1": 0.6562,
    "ndcg_at_10": 0.78674,
    "ndcg_at_100": 0.80367,
    "ndcg_at_1000": 0.80435,
    "ndcg_at_20": 0.79659,
    "ndcg_at_3": 0.74554,
    "ndcg_at_5": 0.76794,
    "precision_at_1": 0.6562,
    "precision_at_10": 0.09196,
    "precision_at_100": 0.00995,
    "precision_at_1000": 0.001,
    "precision_at_20": 0.04792,
    "precision_at_3": 0.2692,
    "precision_at_5": 0.17238,
    "recall_at_1": 0.6562,
    "recall_at_10": 0.9196,
    "recall_at_100": 0.9951,
    "recall_at_1000": 1.0,
    "recall_at_20": 0.9583,
    "recall_at_3": 0.8076,
    "recall_at_5": 0.8619
  }
}