{
  "dataset_revision": "b4320165e039fec2ed05f4b1ba74e4e9376da070",
  "mteb_dataset_name": "WebFAQ",
  "mteb_version": "1.7.10",
  "test": {
    "evaluation_time": 215.45,
    "map_at_1": 0.6175,
    "map_at_10": 0.70693,
    "map_at_100": 0.71151,
    "map_at_1000": 0.7116,
    "map_at_20": 0.70997,
    "map_at_3": 0.6881,
    "map_at_5": 0.69909,
    "mrr_at_1": 0.6176,
    "mrr_at_10": 0.70696,
    "mrr_at_100": 0.71153,
    "mrr_at_1000": 0.71163,
    "mrr_at_20": 0.70999,
    "mrr_at_3": 0.6881,
    "mrr_at_5": 0.69911,
    "ndcg_at_1": 0.6175,
    "ndcg_at_10": 0.74928,
    "ndcg_at_100": 0.77082,
    "ndcg_at_1000": 0.77316,
    "ndcg_at_20": 0.76028,
    "ndcg_at_3": 0.71059,
    "ndcg_at_5": 0.73035,
    "precision_at_1": 0.6175,
    "precision_at_10": 0.08818,
    "precision_at_100": 0.00981,
    "precision_at_1000": 0.001,
    "precision_at_20": 0.04626,
    "precision_at_3": 0.2585,
    "precision_at_5": 0.16468,
    "recall_at_1": 0.6175,
    "recall_at_10": 0.8818,
    "recall_at_100": 0.9807,
    "recall_at_1000": 0.9987,
    "recall_at_20": 0.9251,
    "recall_at_3": 0.7755,
    "recall_at_5": 0.8234
  }
}