{
  "dataset_revision": "5ad9931726ff26496453bdf21176f765d18fec49",
  "mteb_dataset_name": "WebFAQ",
  "mteb_version": "1.7.10",
  "test": {
    "evaluation_time": 235.3,
    "map_at_1": 0.5045,
    "map_at_10": 0.58962,
    "map_at_100": 0.5956,
    "map_at_1000": 0.5959,
    "map_at_20": 0.59336,
    "map_at_3": 0.56888,
    "map_at_5": 0.58103,
    "mrr_at_1": 0.5045,
    "mrr_at_10": 0.5896,
    "mrr_at_100": 0.59558,
    "mrr_at_1000": 0.59587,
    "mrr_at_20": 0.59333,
    "mrr_at_3": 0.5688,
    "mrr_at_5": 0.58106,
    "ndcg_at_1": 0.5045,
    "ndcg_at_10": 0.63204,
    "ndcg_at_100": 0.66175,
    "ndcg_at_1000": 0.67011,
    "ndcg_at_20": 0.64547,
    "ndcg_at_3": 0.58951,
    "ndcg_at_5": 0.61137,
    "precision_at_1": 0.5045,
    "precision_at_10": 0.07657,
    "precision_at_100": 0.00906,
    "precision_at_1000": 0.00097,
    "precision_at_20": 0.04092,
    "precision_at_3": 0.21637,
    "precision_at_5": 0.14042,
    "recall_at_1": 0.5045,
    "recall_at_10": 0.7657,
    "recall_at_100": 0.9063,
    "recall_at_1000": 0.9732,
    "recall_at_20": 0.8184,
    "recall_at_3": 0.6491,
    "recall_at_5": 0.7021
  }
}