{
  "dataset_revision": "b4320165e039fec2ed05f4b1ba74e4e9376da070",
  "mteb_dataset_name": "WebFAQ",
  "mteb_version": "1.7.10",
  "test": {
    "evaluation_time": 3335.09,
    "map_at_1": 0.6637,
    "map_at_10": 0.75127,
    "map_at_100": 0.75534,
    "map_at_1000": 0.75536,
    "map_at_20": 0.75425,
    "map_at_3": 0.73273,
    "map_at_5": 0.74386,
    "mrr_at_1": 0.6638,
    "mrr_at_10": 0.75131,
    "mrr_at_100": 0.75538,
    "mrr_at_1000": 0.7554,
    "mrr_at_20": 0.75429,
    "mrr_at_3": 0.73275,
    "mrr_at_5": 0.7439,
    "ndcg_at_1": 0.6637,
    "ndcg_at_10": 0.79233,
    "ndcg_at_100": 0.80993,
    "ndcg_at_1000": 0.81023,
    "ndcg_at_20": 0.80288,
    "ndcg_at_3": 0.75456,
    "ndcg_at_5": 0.77455,
    "precision_at_1": 0.6637,
    "precision_at_10": 0.09205,
    "precision_at_100": 0.00998,
    "precision_at_1000": 0.001,
    "precision_at_20": 0.04808,
    "precision_at_3": 0.2725,
    "precision_at_5": 0.17318,
    "recall_at_1": 0.6637,
    "recall_at_10": 0.9205,
    "recall_at_100": 0.9979,
    "recall_at_1000": 1.0,
    "recall_at_20": 0.9616,
    "recall_at_3": 0.8175,
    "recall_at_5": 0.8659
  }
}