{
  "dataset_revision": "b4320165e039fec2ed05f4b1ba74e4e9376da070",
  "mteb_dataset_name": "WebFAQ",
  "mteb_version": "1.7.10",
  "test": {
    "evaluation_time": 234.68,
    "map_at_1": 0.6243,
    "map_at_10": 0.70993,
    "map_at_100": 0.71467,
    "map_at_1000": 0.71478,
    "map_at_20": 0.71308,
    "map_at_3": 0.69122,
    "map_at_5": 0.70262,
    "mrr_at_1": 0.6241,
    "mrr_at_10": 0.7098,
    "mrr_at_100": 0.71454,
    "mrr_at_1000": 0.71464,
    "mrr_at_20": 0.71294,
    "mrr_at_3": 0.69112,
    "mrr_at_5": 0.70249,
    "ndcg_at_1": 0.6243,
    "ndcg_at_10": 0.75044,
    "ndcg_at_100": 0.77281,
    "ndcg_at_1000": 0.77531,
    "ndcg_at_20": 0.76166,
    "ndcg_at_3": 0.71254,
    "ndcg_at_5": 0.73296,
    "precision_at_1": 0.6243,
    "precision_at_10": 0.08769,
    "precision_at_100": 0.0098,
    "precision_at_1000": 0.001,
    "precision_at_20": 0.04604,
    "precision_at_3": 0.25803,
    "precision_at_5": 0.16468,
    "recall_at_1": 0.6243,
    "recall_at_10": 0.8769,
    "recall_at_100": 0.9801,
    "recall_at_1000": 0.9992,
    "recall_at_20": 0.9208,
    "recall_at_3": 0.7741,
    "recall_at_5": 0.8234
  }
}