{
  "dataset_revision": "95c8db7d4a6e9c1d8a60601afd63d553ae20a2eb",
  "dev": {
    "evaluation_time": 162.81,
    "map_at_1": 0.68639,
    "map_at_10": 0.78606,
    "map_at_100": 0.78792,
    "map_at_1000": 0.788,
    "map_at_20": 0.78725,
    "map_at_3": 0.77181,
    "map_at_5": 0.78015,
    "mrr_at_1": 0.69444,
    "mrr_at_10": 0.78922,
    "mrr_at_100": 0.79081,
    "mrr_at_1000": 0.79087,
    "mrr_at_20": 0.79023,
    "mrr_at_3": 0.77637,
    "mrr_at_5": 0.78416,
    "ndcg_at_1": 0.69444,
    "ndcg_at_10": 0.82621,
    "ndcg_at_100": 0.83505,
    "ndcg_at_1000": 0.83675,
    "ndcg_at_20": 0.83046,
    "ndcg_at_3": 0.79807,
    "ndcg_at_5": 0.81267,
    "precision_at_1": 0.69444,
    "precision_at_10": 0.09722,
    "precision_at_100": 0.01017,
    "precision_at_1000": 0.00103,
    "precision_at_20": 0.04952,
    "precision_at_3": 0.29589,
    "precision_at_5": 0.18502,
    "recall_at_1": 0.68639,
    "recall_at_10": 0.94505,
    "recall_at_100": 0.98611,
    "recall_at_1000": 0.99879,
    "recall_at_20": 0.96196,
    "recall_at_3": 0.86936,
    "recall_at_5": 0.90419
  },
  "mteb_dataset_name": "MIRACLRetrievalHardNegatives",
  "mteb_version": "1.7.10"
}