{
  "dataset_revision": "95c8db7d4a6e9c1d8a60601afd63d553ae20a2eb",
  "dev": {
    "evaluation_time": 403.7,
    "map_at_1": 0.69787,
    "map_at_10": 0.79504,
    "map_at_100": 0.79773,
    "map_at_1000": 0.79776,
    "map_at_20": 0.79695,
    "map_at_3": 0.78395,
    "map_at_5": 0.79087,
    "mrr_at_1": 0.70652,
    "mrr_at_10": 0.79912,
    "mrr_at_100": 0.80152,
    "mrr_at_1000": 0.80154,
    "mrr_at_20": 0.80084,
    "mrr_at_3": 0.78905,
    "mrr_at_5": 0.79563,
    "ndcg_at_1": 0.70652,
    "ndcg_at_10": 0.8312,
    "ndcg_at_100": 0.84217,
    "ndcg_at_1000": 0.84285,
    "ndcg_at_20": 0.83767,
    "ndcg_at_3": 0.80959,
    "ndcg_at_5": 0.82185,
    "precision_at_1": 0.70652,
    "precision_at_10": 0.09601,
    "precision_at_100": 0.01012,
    "precision_at_1000": 0.00102,
    "precision_at_20": 0.0494,
    "precision_at_3": 0.29911,
    "precision_at_5": 0.18575,
    "recall_at_1": 0.69787,
    "recall_at_10": 0.93539,
    "recall_at_100": 0.98229,
    "recall_at_1000": 0.98752,
    "recall_at_20": 0.96014,
    "recall_at_3": 0.87802,
    "recall_at_5": 0.90741
  },
  "mteb_dataset_name": "MIRACLRetrievalHardNegatives",
  "mteb_version": "1.7.10"
}