{
  "dataset_revision": "95c8db7d4a6e9c1d8a60601afd63d553ae20a2eb",
  "dev": {
    "evaluation_time": 238.78,
    "map_at_1": 0.21236,
    "map_at_10": 0.29841,
    "map_at_100": 0.30729,
    "map_at_1000": 0.30817,
    "map_at_20": 0.30332,
    "map_at_3": 0.27154,
    "map_at_5": 0.28719,
    "mrr_at_1": 0.21618,
    "mrr_at_10": 0.30193,
    "mrr_at_100": 0.31067,
    "mrr_at_1000": 0.31149,
    "mrr_at_20": 0.30668,
    "mrr_at_3": 0.27576,
    "mrr_at_5": 0.2911,
    "ndcg_at_1": 0.21618,
    "ndcg_at_10": 0.34633,
    "ndcg_at_100": 0.39425,
    "ndcg_at_1000": 0.41762,
    "ndcg_at_20": 0.36428,
    "ndcg_at_3": 0.29189,
    "ndcg_at_5": 0.31995,
    "precision_at_1": 0.21618,
    "precision_at_10": 0.05121,
    "precision_at_100": 0.00751,
    "precision_at_1000": 0.00094,
    "precision_at_20": 0.02923,
    "precision_at_3": 0.11876,
    "precision_at_5": 0.08551,
    "recall_at_1": 0.21236,
    "recall_at_10": 0.49436,
    "recall_at_100": 0.72947,
    "recall_at_1000": 0.91405,
    "recall_at_20": 0.56562,
    "recall_at_3": 0.34682,
    "recall_at_5": 0.41445
  },
  "mteb_dataset_name": "MIRACLRetrievalHardNegatives",
  "mteb_version": "1.7.10"
}