{
  "dataset_revision": "95c8db7d4a6e9c1d8a60601afd63d553ae20a2eb",
  "dev": {
    "evaluation_time": 235.86,
    "map_at_1": 0.40781,
    "map_at_10": 0.53428,
    "map_at_100": 0.54118,
    "map_at_1000": 0.54136,
    "map_at_20": 0.53873,
    "map_at_3": 0.50205,
    "map_at_5": 0.52356,
    "mrr_at_1": 0.41184,
    "mrr_at_10": 0.53741,
    "mrr_at_100": 0.54389,
    "mrr_at_1000": 0.54406,
    "mrr_at_20": 0.54151,
    "mrr_at_3": 0.50664,
    "mrr_at_5": 0.52717,
    "ndcg_at_1": 0.41184,
    "ndcg_at_10": 0.59615,
    "ndcg_at_100": 0.62875,
    "ndcg_at_1000": 0.63368,
    "ndcg_at_20": 0.61168,
    "ndcg_at_3": 0.53322,
    "ndcg_at_5": 0.57079,
    "precision_at_1": 0.41184,
    "precision_at_10": 0.08043,
    "precision_at_100": 0.00963,
    "precision_at_1000": 0.001,
    "precision_at_20": 0.04342,
    "precision_at_3": 0.20934,
    "precision_at_5": 0.14469,
    "recall_at_1": 0.40781,
    "recall_at_10": 0.78523,
    "recall_at_100": 0.93639,
    "recall_at_1000": 0.97504,
    "recall_at_20": 0.84561,
    "recall_at_3": 0.61896,
    "recall_at_5": 0.70793
  },
  "mteb_dataset_name": "MIRACLRetrievalHardNegatives",
  "mteb_version": "1.7.10"
}