{
  "dataset_revision": "95c8db7d4a6e9c1d8a60601afd63d553ae20a2eb",
  "dev": {
    "evaluation_time": 986.62,
    "map_at_1": 0.67089,
    "map_at_10": 0.77698,
    "map_at_100": 0.77933,
    "map_at_1000": 0.77939,
    "map_at_20": 0.77861,
    "map_at_3": 0.76053,
    "map_at_5": 0.77209,
    "mrr_at_1": 0.67754,
    "mrr_at_10": 0.77923,
    "mrr_at_100": 0.78112,
    "mrr_at_1000": 0.78118,
    "mrr_at_20": 0.78051,
    "mrr_at_3": 0.76349,
    "mrr_at_5": 0.77484,
    "ndcg_at_1": 0.67754,
    "ndcg_at_10": 0.81832,
    "ndcg_at_100": 0.82837,
    "ndcg_at_1000": 0.82951,
    "ndcg_at_20": 0.82353,
    "ndcg_at_3": 0.78637,
    "ndcg_at_5": 0.80706,
    "precision_at_1": 0.67754,
    "precision_at_10": 0.09662,
    "precision_at_100": 0.01017,
    "precision_at_1000": 0.00103,
    "precision_at_20": 0.04946,
    "precision_at_3": 0.29227,
    "precision_at_5": 0.18575,
    "recall_at_1": 0.67089,
    "recall_at_10": 0.94082,
    "recall_at_100": 0.98631,
    "recall_at_1000": 0.99477,
    "recall_at_20": 0.96055,
    "recall_at_3": 0.85729,
    "recall_at_5": 0.907
  },
  "mteb_dataset_name": "MIRACLRetrievalHardNegatives",
  "mteb_version": "1.7.10"
}