{
  "dataset_revision": "fc24a3ce8f09746410daee3d5cd823ff7a0675b7",
  "mteb_dataset_name": "MrTidyRetrieval",
  "mteb_version": "1.7.10",
  "test": {
    "evaluation_time": 906.2,
    "map_at_1": 0.43344,
    "map_at_10": 0.56452,
    "map_at_100": 0.57108,
    "map_at_1000": 0.57131,
    "map_at_20": 0.56866,
    "map_at_3": 0.54154,
    "map_at_5": 0.5557,
    "mrr_at_1": 0.44427,
    "mrr_at_10": 0.5716,
    "mrr_at_100": 0.57764,
    "mrr_at_1000": 0.57785,
    "mrr_at_20": 0.57548,
    "mrr_at_3": 0.55031,
    "mrr_at_5": 0.56331,
    "ndcg_at_1": 0.44427,
    "ndcg_at_10": 0.62208,
    "ndcg_at_100": 0.65331,
    "ndcg_at_1000": 0.6596,
    "ndcg_at_20": 0.63671,
    "ndcg_at_3": 0.57686,
    "ndcg_at_5": 0.60127,
    "precision_at_1": 0.44427,
    "precision_at_10": 0.08251,
    "precision_at_100": 0.0098,
    "precision_at_1000": 0.00103,
    "precision_at_20": 0.0442,
    "precision_at_3": 0.23117,
    "precision_at_5": 0.15077,
    "recall_at_1": 0.43344,
    "recall_at_10": 0.79102,
    "recall_at_100": 0.93576,
    "recall_at_1000": 0.98529,
    "recall_at_20": 0.8483,
    "recall_at_3": 0.67028,
    "recall_at_5": 0.72833
  }
}