{
  "dataset_revision": "fc24a3ce8f09746410daee3d5cd823ff7a0675b7",
  "mteb_dataset_name": "MrTidyRetrieval",
  "mteb_version": "1.7.10",
  "test": {
    "evaluation_time": 903.35,
    "map_at_1": 0.16873,
    "map_at_10": 0.26543,
    "map_at_100": 0.273,
    "map_at_1000": 0.2739,
    "map_at_20": 0.26883,
    "map_at_3": 0.23736,
    "map_at_5": 0.25114,
    "mrr_at_1": 0.17492,
    "mrr_at_10": 0.27233,
    "mrr_at_100": 0.27951,
    "mrr_at_1000": 0.28037,
    "mrr_at_20": 0.27556,
    "mrr_at_3": 0.24458,
    "mrr_at_5": 0.25875,
    "ndcg_at_1": 0.17492,
    "ndcg_at_10": 0.32014,
    "ndcg_at_100": 0.36299,
    "ndcg_at_1000": 0.38868,
    "ndcg_at_20": 0.33238,
    "ndcg_at_3": 0.26133,
    "ndcg_at_5": 0.28633,
    "precision_at_1": 0.17492,
    "precision_at_10": 0.05108,
    "precision_at_100": 0.00735,
    "precision_at_1000": 0.00095,
    "precision_at_20": 0.0281,
    "precision_at_3": 0.113,
    "precision_at_5": 0.08019,
    "recall_at_1": 0.16873,
    "recall_at_10": 0.48684,
    "recall_at_100": 0.70046,
    "recall_at_1000": 0.90635,
    "recall_at_20": 0.53483,
    "recall_at_3": 0.32353,
    "recall_at_5": 0.3839
  }
}