{
  "dataset_revision": "fc24a3ce8f09746410daee3d5cd823ff7a0675b7",
  "mteb_dataset_name": "MrTidyRetrieval",
  "mteb_version": "1.7.10",
  "test": {
    "evaluation_time": 1333.52,
    "map_at_1": 0.7887,
    "map_at_10": 0.86375,
    "map_at_100": 0.86481,
    "map_at_1000": 0.86483,
    "map_at_20": 0.8646,
    "map_at_3": 0.85294,
    "map_at_5": 0.86014,
    "mrr_at_1": 0.8065,
    "mrr_at_10": 0.86988,
    "mrr_at_100": 0.87055,
    "mrr_at_1000": 0.87056,
    "mrr_at_20": 0.87037,
    "mrr_at_3": 0.86146,
    "mrr_at_5": 0.86664,
    "ndcg_at_1": 0.8065,
    "ndcg_at_10": 0.89223,
    "ndcg_at_100": 0.8965,
    "ndcg_at_1000": 0.89687,
    "ndcg_at_20": 0.89488,
    "ndcg_at_3": 0.8724,
    "ndcg_at_5": 0.88371,
    "precision_at_1": 0.8065,
    "precision_at_10": 0.10155,
    "precision_at_100": 0.01039,
    "precision_at_1000": 0.00104,
    "precision_at_20": 0.05139,
    "precision_at_3": 0.31837,
    "precision_at_5": 0.19752,
    "recall_at_1": 0.7887,
    "recall_at_10": 0.97214,
    "recall_at_100": 0.99071,
    "recall_at_1000": 0.99381,
    "recall_at_20": 0.9822,
    "recall_at_3": 0.92028,
    "recall_at_5": 0.94582
  }
}