{
  "dataset_revision": "fc24a3ce8f09746410daee3d5cd823ff7a0675b7",
  "mteb_dataset_name": "MrTidyRetrieval",
  "mteb_version": "1.7.10",
  "test": {
    "evaluation_time": 628.62,
    "map_at_1": 0.73916,
    "map_at_10": 0.84055,
    "map_at_100": 0.84155,
    "map_at_1000": 0.84159,
    "map_at_20": 0.84121,
    "map_at_3": 0.82985,
    "map_at_5": 0.83759,
    "mrr_at_1": 0.75697,
    "mrr_at_10": 0.84545,
    "mrr_at_100": 0.84626,
    "mrr_at_1000": 0.8463,
    "mrr_at_20": 0.84601,
    "mrr_at_3": 0.8372,
    "mrr_at_5": 0.84301,
    "ndcg_at_1": 0.75697,
    "ndcg_at_10": 0.87413,
    "ndcg_at_100": 0.87827,
    "ndcg_at_1000": 0.87959,
    "ndcg_at_20": 0.87635,
    "ndcg_at_3": 0.85541,
    "ndcg_at_5": 0.86778,
    "precision_at_1": 0.75697,
    "precision_at_10": 0.10139,
    "precision_at_100": 0.01034,
    "precision_at_1000": 0.00104,
    "precision_at_20": 0.05116,
    "precision_at_3": 0.32043,
    "precision_at_5": 0.19876,
    "recall_at_1": 0.73916,
    "recall_at_10": 0.96827,
    "recall_at_100": 0.98607,
    "recall_at_1000": 0.9969,
    "recall_at_20": 0.97678,
    "recall_at_3": 0.92105,
    "recall_at_5": 0.94969
  }
}