{
  "dataset_revision": "fc24a3ce8f09746410daee3d5cd823ff7a0675b7",
  "mteb_dataset_name": "MrTidyRetrieval",
  "mteb_version": "1.7.10",
  "test": {
    "evaluation_time": 4867.91,
    "map_at_1": 0.73142,
    "map_at_10": 0.83619,
    "map_at_100": 0.83707,
    "map_at_1000": 0.83712,
    "map_at_20": 0.83643,
    "map_at_3": 0.82559,
    "map_at_5": 0.83295,
    "mrr_at_1": 0.75232,
    "mrr_at_10": 0.84101,
    "mrr_at_100": 0.84173,
    "mrr_at_1000": 0.84178,
    "mrr_at_20": 0.84125,
    "mrr_at_3": 0.83256,
    "mrr_at_5": 0.83829,
    "ndcg_at_1": 0.75232,
    "ndcg_at_10": 0.87028,
    "ndcg_at_100": 0.87447,
    "ndcg_at_1000": 0.87565,
    "ndcg_at_20": 0.87109,
    "ndcg_at_3": 0.85118,
    "ndcg_at_5": 0.86335,
    "precision_at_1": 0.75232,
    "precision_at_10": 0.10124,
    "precision_at_100": 0.01034,
    "precision_at_1000": 0.00104,
    "precision_at_20": 0.05077,
    "precision_at_3": 0.31889,
    "precision_at_5": 0.19814,
    "recall_at_1": 0.73142,
    "recall_at_10": 0.96672,
    "recall_at_100": 0.98607,
    "recall_at_1000": 0.99536,
    "recall_at_20": 0.96981,
    "recall_at_3": 0.91796,
    "recall_at_5": 0.94659
  }
}