{
  "dataset_revision": "95c8db7d4a6e9c1d8a60601afd63d553ae20a2eb",
  "dev": {
    "evaluation_time": 663.97,
    "map_at_1": 0.2728,
    "map_at_10": 0.46995,
    "map_at_100": 0.50099,
    "map_at_1000": 0.50144,
    "map_at_20": 0.48991,
    "map_at_3": 0.4038,
    "map_at_5": 0.43881,
    "mrr_at_1": 0.52163,
    "mrr_at_10": 0.63579,
    "mrr_at_100": 0.64239,
    "mrr_at_1000": 0.64245,
    "mrr_at_20": 0.64075,
    "mrr_at_3": 0.61366,
    "mrr_at_5": 0.62778,
    "ndcg_at_1": 0.52163,
    "ndcg_at_10": 0.56906,
    "ndcg_at_100": 0.65261,
    "ndcg_at_1000": 0.6575,
    "ndcg_at_20": 0.61239,
    "ndcg_at_3": 0.50895,
    "ndcg_at_5": 0.52565,
    "precision_at_1": 0.52163,
    "precision_at_10": 0.1598,
    "precision_at_100": 0.02435,
    "precision_at_1000": 0.00251,
    "precision_at_20": 0.09822,
    "precision_at_3": 0.3469,
    "precision_at_5": 0.25445,
    "recall_at_1": 0.2728,
    "recall_at_10": 0.67852,
    "recall_at_100": 0.96172,
    "recall_at_1000": 0.98876,
    "recall_at_20": 0.80692,
    "recall_at_3": 0.481,
    "recall_at_5": 0.56216
  },
  "mteb_dataset_name": "MIRACLRetrievalHardNegatives",
  "mteb_version": "1.7.10"
}