{
  "dataset_revision": "95c8db7d4a6e9c1d8a60601afd63d553ae20a2eb",
  "dev": {
    "evaluation_time": 91.41,
    "map_at_1": 0.22073,
    "map_at_10": 0.42939,
    "map_at_100": 0.45743,
    "map_at_1000": 0.45795,
    "map_at_20": 0.44504,
    "map_at_3": 0.34988,
    "map_at_5": 0.39475,
    "mrr_at_1": 0.45038,
    "mrr_at_10": 0.58152,
    "mrr_at_100": 0.58926,
    "mrr_at_1000": 0.5893,
    "mrr_at_20": 0.58712,
    "mrr_at_3": 0.55428,
    "mrr_at_5": 0.57146,
    "ndcg_at_1": 0.45038,
    "ndcg_at_10": 0.53374,
    "ndcg_at_100": 0.61663,
    "ndcg_at_1000": 0.6219,
    "ndcg_at_20": 0.57081,
    "ndcg_at_3": 0.45354,
    "ndcg_at_5": 0.48546,
    "precision_at_1": 0.45038,
    "precision_at_10": 0.15929,
    "precision_at_100": 0.02417,
    "precision_at_1000": 0.00251,
    "precision_at_20": 0.09402,
    "precision_at_3": 0.31467,
    "precision_at_5": 0.24936,
    "recall_at_1": 0.22073,
    "recall_at_10": 0.67034,
    "recall_at_100": 0.9598,
    "recall_at_1000": 0.98776,
    "recall_at_20": 0.78501,
    "recall_at_3": 0.43448,
    "recall_at_5": 0.54271
  },
  "mteb_dataset_name": "MIRACLRetrievalHardNegatives",
  "mteb_version": "1.7.10"
}