{
  "dataset_revision": "95c8db7d4a6e9c1d8a60601afd63d553ae20a2eb",
  "dev": {
    "evaluation_time": 121.61,
    "map_at_1": 0.08342,
    "map_at_10": 0.18393,
    "map_at_100": 0.21796,
    "map_at_1000": 0.21932,
    "map_at_20": 0.20239,
    "map_at_3": 0.13387,
    "map_at_5": 0.15568,
    "mrr_at_1": 0.15522,
    "mrr_at_10": 0.28386,
    "mrr_at_100": 0.29906,
    "mrr_at_1000": 0.29925,
    "mrr_at_20": 0.29413,
    "mrr_at_3": 0.23707,
    "mrr_at_5": 0.26073,
    "ndcg_at_1": 0.15522,
    "ndcg_at_10": 0.26904,
    "ndcg_at_100": 0.39336,
    "ndcg_at_1000": 0.41244,
    "ndcg_at_20": 0.3204,
    "ndcg_at_3": 0.1834,
    "ndcg_at_5": 0.2129,
    "precision_at_1": 0.15522,
    "precision_at_10": 0.09084,
    "precision_at_100": 0.02115,
    "precision_at_1000": 0.00244,
    "precision_at_20": 0.06501,
    "precision_at_3": 0.13232,
    "precision_at_5": 0.11552,
    "recall_at_1": 0.08342,
    "recall_at_10": 0.40553,
    "recall_at_100": 0.8633,
    "recall_at_1000": 0.97242,
    "recall_at_20": 0.5659,
    "recall_at_3": 0.1882,
    "recall_at_5": 0.26304
  },
  "mteb_dataset_name": "MIRACLRetrievalHardNegatives",
  "mteb_version": "1.7.10"
}