{
  "dataset_revision": "95c8db7d4a6e9c1d8a60601afd63d553ae20a2eb",
  "dev": {
    "evaluation_time": 173.54,
    "map_at_1": 0.29507,
    "map_at_10": 0.52054,
    "map_at_100": 0.54893,
    "map_at_1000": 0.54923,
    "map_at_20": 0.54019,
    "map_at_3": 0.44044,
    "map_at_5": 0.48491,
    "mrr_at_1": 0.54962,
    "mrr_at_10": 0.67666,
    "mrr_at_100": 0.68133,
    "mrr_at_1000": 0.68135,
    "mrr_at_20": 0.67998,
    "mrr_at_3": 0.65522,
    "mrr_at_5": 0.66819,
    "ndcg_at_1": 0.54962,
    "ndcg_at_10": 0.62343,
    "ndcg_at_100": 0.69259,
    "ndcg_at_1000": 0.69563,
    "ndcg_at_20": 0.66257,
    "ndcg_at_3": 0.55215,
    "ndcg_at_5": 0.57658,
    "precision_at_1": 0.54962,
    "precision_at_10": 0.17634,
    "precision_at_100": 0.02468,
    "precision_at_1000": 0.00251,
    "precision_at_20": 0.10496,
    "precision_at_3": 0.37405,
    "precision_at_5": 0.28193,
    "recall_at_1": 0.29507,
    "recall_at_10": 0.74658,
    "recall_at_100": 0.97226,
    "recall_at_1000": 0.98876,
    "recall_at_20": 0.85916,
    "recall_at_3": 0.52125,
    "recall_at_5": 0.62209
  },
  "mteb_dataset_name": "MIRACLRetrievalHardNegatives",
  "mteb_version": "1.7.10"
}