{
  "dataset_revision": "95c8db7d4a6e9c1d8a60601afd63d553ae20a2eb",
  "dev": {
    "evaluation_time": 117.93,
    "map_at_1": 0.13971,
    "map_at_10": 0.27076,
    "map_at_100": 0.30128,
    "map_at_1000": 0.3025,
    "map_at_20": 0.28731,
    "map_at_3": 0.2103,
    "map_at_5": 0.23769,
    "mrr_at_1": 0.26718,
    "mrr_at_10": 0.40331,
    "mrr_at_100": 0.41448,
    "mrr_at_1000": 0.41462,
    "mrr_at_20": 0.41103,
    "mrr_at_3": 0.36302,
    "mrr_at_5": 0.38414,
    "ndcg_at_1": 0.26718,
    "ndcg_at_10": 0.36744,
    "ndcg_at_100": 0.47361,
    "ndcg_at_1000": 0.48869,
    "ndcg_at_20": 0.41097,
    "ndcg_at_3": 0.28322,
    "ndcg_at_5": 0.30876,
    "precision_at_1": 0.26718,
    "precision_at_10": 0.11679,
    "precision_at_100": 0.02216,
    "precision_at_1000": 0.00248,
    "precision_at_20": 0.07545,
    "precision_at_3": 0.20102,
    "precision_at_5": 0.16132,
    "recall_at_1": 0.13971,
    "recall_at_10": 0.50764,
    "recall_at_100": 0.89666,
    "recall_at_1000": 0.98038,
    "recall_at_20": 0.641,
    "recall_at_3": 0.2716,
    "recall_at_5": 0.35023
  },
  "mteb_dataset_name": "MIRACLRetrievalHardNegatives",
  "mteb_version": "1.7.10"
}