{
  "dataset_revision": "b4320165e039fec2ed05f4b1ba74e4e9376da070",
  "mteb_dataset_name": "WebFAQ",
  "mteb_version": "1.7.10",
  "test": {
    "evaluation_time": 245.71,
    "map_at_1": 0.7507,
    "map_at_10": 0.81597,
    "map_at_100": 0.81827,
    "map_at_1000": 0.81835,
    "map_at_20": 0.81749,
    "map_at_3": 0.80488,
    "map_at_5": 0.81191,
    "mrr_at_1": 0.7512,
    "mrr_at_10": 0.81632,
    "mrr_at_100": 0.81861,
    "mrr_at_1000": 0.81868,
    "mrr_at_20": 0.81782,
    "mrr_at_3": 0.80523,
    "mrr_at_5": 0.8122,
    "ndcg_at_1": 0.7507,
    "ndcg_at_10": 0.84445,
    "ndcg_at_100": 0.85544,
    "ndcg_at_1000": 0.85735,
    "ndcg_at_20": 0.84995,
    "ndcg_at_3": 0.82196,
    "ndcg_at_5": 0.83457,
    "precision_at_1": 0.7507,
    "precision_at_10": 0.09323,
    "precision_at_100": 0.00983,
    "precision_at_1000": 0.001,
    "precision_at_20": 0.0477,
    "precision_at_3": 0.2904,
    "precision_at_5": 0.18034,
    "recall_at_1": 0.7507,
    "recall_at_10": 0.9323,
    "recall_at_100": 0.9833,
    "recall_at_1000": 0.998,
    "recall_at_20": 0.954,
    "recall_at_3": 0.8712,
    "recall_at_5": 0.9017
  }
}