{
  "dataset_revision": "5ad9931726ff26496453bdf21176f765d18fec49",
  "mteb_dataset_name": "WebFAQ",
  "mteb_version": "1.7.10",
  "test": {
    "evaluation_time": 122.61,
    "map_at_1": 0.7917,
    "map_at_10": 0.84924,
    "map_at_100": 0.85117,
    "map_at_1000": 0.85121,
    "map_at_20": 0.85048,
    "map_at_3": 0.8395,
    "map_at_5": 0.84574,
    "mrr_at_1": 0.7919,
    "mrr_at_10": 0.84938,
    "mrr_at_100": 0.85131,
    "mrr_at_1000": 0.85135,
    "mrr_at_20": 0.85062,
    "mrr_at_3": 0.83967,
    "mrr_at_5": 0.84589,
    "ndcg_at_1": 0.7917,
    "ndcg_at_10": 0.87402,
    "ndcg_at_100": 0.88307,
    "ndcg_at_1000": 0.88404,
    "ndcg_at_20": 0.87843,
    "ndcg_at_3": 0.85447,
    "ndcg_at_5": 0.86568,
    "precision_at_1": 0.7917,
    "precision_at_10": 0.09502,
    "precision_at_100": 0.00992,
    "precision_at_1000": 0.001,
    "precision_at_20": 0.04838,
    "precision_at_3": 0.2992,
    "precision_at_5": 0.18494,
    "recall_at_1": 0.7917,
    "recall_at_10": 0.9502,
    "recall_at_100": 0.9918,
    "recall_at_1000": 0.9991,
    "recall_at_20": 0.9675,
    "recall_at_3": 0.8976,
    "recall_at_5": 0.9247
  }
}