{
  "dataset_revision": "5ad9931726ff26496453bdf21176f765d18fec49",
  "mteb_dataset_name": "WebFAQ",
  "mteb_version": "1.7.10",
  "test": {
    "evaluation_time": 165.13,
    "map_at_1": 0.6454,
    "map_at_10": 0.70634,
    "map_at_100": 0.71029,
    "map_at_1000": 0.71051,
    "map_at_20": 0.70873,
    "map_at_3": 0.69363,
    "map_at_5": 0.70076,
    "mrr_at_1": 0.6455,
    "mrr_at_10": 0.70639,
    "mrr_at_100": 0.71032,
    "mrr_at_1000": 0.71055,
    "mrr_at_20": 0.70877,
    "mrr_at_3": 0.69377,
    "mrr_at_5": 0.70081,
    "ndcg_at_1": 0.6454,
    "ndcg_at_10": 0.73524,
    "ndcg_at_100": 0.75536,
    "ndcg_at_1000": 0.76162,
    "ndcg_at_20": 0.74396,
    "ndcg_at_3": 0.70903,
    "ndcg_at_5": 0.72182,
    "precision_at_1": 0.6454,
    "precision_at_10": 0.08257,
    "precision_at_100": 0.00922,
    "precision_at_1000": 0.00097,
    "precision_at_20": 0.04301,
    "precision_at_3": 0.25117,
    "precision_at_5": 0.15688,
    "recall_at_1": 0.6454,
    "recall_at_10": 0.8257,
    "recall_at_100": 0.9219,
    "recall_at_1000": 0.9719,
    "recall_at_20": 0.8602,
    "recall_at_3": 0.7535,
    "recall_at_5": 0.7844
  }
}