{
  "dataset_revision": "b4320165e039fec2ed05f4b1ba74e4e9376da070",
  "mteb_dataset_name": "WebFAQ",
  "mteb_version": "1.7.10",
  "test": {
    "evaluation_time": 397.76,
    "map_at_1": 0.8073,
    "map_at_10": 0.86678,
    "map_at_100": 0.86825,
    "map_at_1000": 0.86826,
    "map_at_20": 0.86781,
    "map_at_3": 0.85723,
    "map_at_5": 0.86352,
    "mrr_at_1": 0.8075,
    "mrr_at_10": 0.86692,
    "mrr_at_100": 0.86838,
    "mrr_at_1000": 0.86839,
    "mrr_at_20": 0.86793,
    "mrr_at_3": 0.85738,
    "mrr_at_5": 0.86366,
    "ndcg_at_1": 0.8073,
    "ndcg_at_10": 0.89173,
    "ndcg_at_100": 0.89844,
    "ndcg_at_1000": 0.89866,
    "ndcg_at_20": 0.89548,
    "ndcg_at_3": 0.87275,
    "ndcg_at_5": 0.88399,
    "precision_at_1": 0.8073,
    "precision_at_10": 0.09681,
    "precision_at_100": 0.00998,
    "precision_at_1000": 0.001,
    "precision_at_20": 0.04915,
    "precision_at_3": 0.3058,
    "precision_at_5": 0.1889,
    "recall_at_1": 0.8073,
    "recall_at_10": 0.9681,
    "recall_at_100": 0.9984,
    "recall_at_1000": 1.0,
    "recall_at_20": 0.9829,
    "recall_at_3": 0.9174,
    "recall_at_5": 0.9445
  }
}