{
  "dataset_revision": "b4320165e039fec2ed05f4b1ba74e4e9376da070",
  "mteb_dataset_name": "WebFAQ",
  "mteb_version": "1.7.10",
  "test": {
    "evaluation_time": 170.37,
    "map_at_1": 0.6501,
    "map_at_10": 0.71227,
    "map_at_100": 0.7161,
    "map_at_1000": 0.71632,
    "map_at_20": 0.71453,
    "map_at_3": 0.69973,
    "map_at_5": 0.70713,
    "mrr_at_1": 0.6504,
    "mrr_at_10": 0.71254,
    "mrr_at_100": 0.71638,
    "mrr_at_1000": 0.7166,
    "mrr_at_20": 0.7148,
    "mrr_at_3": 0.70005,
    "mrr_at_5": 0.70739,
    "ndcg_at_1": 0.6501,
    "ndcg_at_10": 0.74111,
    "ndcg_at_100": 0.76078,
    "ndcg_at_1000": 0.7671,
    "ndcg_at_20": 0.74929,
    "ndcg_at_3": 0.71545,
    "ndcg_at_5": 0.72875,
    "precision_at_1": 0.6501,
    "precision_at_10": 0.0831,
    "precision_at_100": 0.00925,
    "precision_at_1000": 0.00098,
    "precision_at_20": 0.04317,
    "precision_at_3": 0.2536,
    "precision_at_5": 0.1586,
    "recall_at_1": 0.6501,
    "recall_at_10": 0.831,
    "recall_at_100": 0.9254,
    "recall_at_1000": 0.976,
    "recall_at_20": 0.8633,
    "recall_at_3": 0.7608,
    "recall_at_5": 0.793
  }
}