{
  "dataset_revision": "5ad9931726ff26496453bdf21176f765d18fec49",
  "mteb_dataset_name": "WebFAQ",
  "mteb_version": "1.7.10",
  "test": {
    "evaluation_time": 227.93,
    "map_at_1": 0.7482,
    "map_at_10": 0.81296,
    "map_at_100": 0.81532,
    "map_at_1000": 0.8154,
    "map_at_20": 0.81448,
    "map_at_3": 0.80167,
    "map_at_5": 0.80897,
    "mrr_at_1": 0.7481,
    "mrr_at_10": 0.81285,
    "mrr_at_100": 0.81522,
    "mrr_at_1000": 0.8153,
    "mrr_at_20": 0.81437,
    "mrr_at_3": 0.8017,
    "mrr_at_5": 0.80885,
    "ndcg_at_1": 0.7482,
    "ndcg_at_10": 0.84102,
    "ndcg_at_100": 0.85259,
    "ndcg_at_1000": 0.85463,
    "ndcg_at_20": 0.84652,
    "ndcg_at_3": 0.81837,
    "ndcg_at_5": 0.8315,
    "precision_at_1": 0.7482,
    "precision_at_10": 0.09274,
    "precision_at_100": 0.00982,
    "precision_at_1000": 0.001,
    "precision_at_20": 0.04746,
    "precision_at_3": 0.28883,
    "precision_at_5": 0.17966,
    "recall_at_1": 0.7482,
    "recall_at_10": 0.9274,
    "recall_at_100": 0.9817,
    "recall_at_1000": 0.9975,
    "recall_at_20": 0.9491,
    "recall_at_3": 0.8665,
    "recall_at_5": 0.8983
  }
}