{
  "dataset_revision": "5ad9931726ff26496453bdf21176f765d18fec49",
  "mteb_dataset_name": "WebFAQ",
  "mteb_version": "1.7.10",
  "test": {
    "evaluation_time": 167.91,
    "map_at_1": 0.7626,
    "map_at_10": 0.82151,
    "map_at_100": 0.82415,
    "map_at_1000": 0.82422,
    "map_at_20": 0.8232,
    "map_at_3": 0.81057,
    "map_at_5": 0.81728,
    "mrr_at_1": 0.7627,
    "mrr_at_10": 0.8215,
    "mrr_at_100": 0.82415,
    "mrr_at_1000": 0.82422,
    "mrr_at_20": 0.82321,
    "mrr_at_3": 0.81065,
    "mrr_at_5": 0.81728,
    "ndcg_at_1": 0.7626,
    "ndcg_at_10": 0.84776,
    "ndcg_at_100": 0.86042,
    "ndcg_at_1000": 0.86196,
    "ndcg_at_20": 0.85395,
    "ndcg_at_3": 0.82555,
    "ndcg_at_5": 0.83759,
    "precision_at_1": 0.7626,
    "precision_at_10": 0.09291,
    "precision_at_100": 0.00988,
    "precision_at_1000": 0.001,
    "precision_at_20": 0.04768,
    "precision_at_3": 0.28957,
    "precision_at_5": 0.17956,
    "recall_at_1": 0.7626,
    "recall_at_10": 0.9291,
    "recall_at_100": 0.9878,
    "recall_at_1000": 0.9995,
    "recall_at_20": 0.9536,
    "recall_at_3": 0.8687,
    "recall_at_5": 0.8978
  }
}