{
  "dataset_revision": "b4320165e039fec2ed05f4b1ba74e4e9376da070",
  "mteb_dataset_name": "WebFAQ",
  "mteb_version": "1.7.10",
  "test": {
    "evaluation_time": 137.57,
    "map_at_1": 0.7893,
    "map_at_10": 0.84987,
    "map_at_100": 0.85161,
    "map_at_1000": 0.85165,
    "map_at_20": 0.85101,
    "map_at_3": 0.83955,
    "map_at_5": 0.84662,
    "mrr_at_1": 0.7893,
    "mrr_at_10": 0.84986,
    "mrr_at_100": 0.85161,
    "mrr_at_1000": 0.85165,
    "mrr_at_20": 0.85102,
    "mrr_at_3": 0.83948,
    "mrr_at_5": 0.84662,
    "ndcg_at_1": 0.7893,
    "ndcg_at_10": 0.87565,
    "ndcg_at_100": 0.88382,
    "ndcg_at_1000": 0.88476,
    "ndcg_at_20": 0.87972,
    "ndcg_at_3": 0.85511,
    "ndcg_at_5": 0.86785,
    "precision_at_1": 0.7893,
    "precision_at_10": 0.09548,
    "precision_at_100": 0.00992,
    "precision_at_1000": 0.001,
    "precision_at_20": 0.04854,
    "precision_at_3": 0.29997,
    "precision_at_5": 0.18616,
    "recall_at_1": 0.7893,
    "recall_at_10": 0.9548,
    "recall_at_100": 0.9923,
    "recall_at_1000": 0.9993,
    "recall_at_20": 0.9707,
    "recall_at_3": 0.8999,
    "recall_at_5": 0.9308
  }
}