{
  "dataset_revision": "5ad9931726ff26496453bdf21176f765d18fec49",
  "mteb_dataset_name": "WebFAQ",
  "mteb_version": "1.7.10",
  "test": {
    "evaluation_time": 1095.31,
    "map_at_1": 0.806,
    "map_at_10": 0.86354,
    "map_at_100": 0.86515,
    "map_at_1000": 0.86518,
    "map_at_20": 0.86471,
    "map_at_3": 0.85375,
    "map_at_5": 0.85964,
    "mrr_at_1": 0.8059,
    "mrr_at_10": 0.8635,
    "mrr_at_100": 0.86512,
    "mrr_at_1000": 0.86515,
    "mrr_at_20": 0.86468,
    "mrr_at_3": 0.85375,
    "mrr_at_5": 0.85962,
    "ndcg_at_1": 0.806,
    "ndcg_at_10": 0.8885,
    "ndcg_at_100": 0.89555,
    "ndcg_at_1000": 0.89602,
    "ndcg_at_20": 0.89265,
    "ndcg_at_3": 0.86861,
    "ndcg_at_5": 0.87922,
    "precision_at_1": 0.806,
    "precision_at_10": 0.09655,
    "precision_at_100": 0.00997,
    "precision_at_1000": 0.001,
    "precision_at_20": 0.04909,
    "precision_at_3": 0.3038,
    "precision_at_5": 0.18742,
    "recall_at_1": 0.806,
    "recall_at_10": 0.9655,
    "recall_at_100": 0.9967,
    "recall_at_1000": 1.0,
    "recall_at_20": 0.9817,
    "recall_at_3": 0.9114,
    "recall_at_5": 0.9371
  }
}