{
  "dataset_revision": "b4320165e039fec2ed05f4b1ba74e4e9376da070",
  "mteb_dataset_name": "WebFAQ",
  "mteb_version": "1.7.10",
  "test": {
    "evaluation_time": 188.07,
    "map_at_1": 0.7707,
    "map_at_10": 0.82964,
    "map_at_100": 0.83204,
    "map_at_1000": 0.8321,
    "map_at_20": 0.83106,
    "map_at_3": 0.81973,
    "map_at_5": 0.82574,
    "mrr_at_1": 0.7708,
    "mrr_at_10": 0.82978,
    "mrr_at_100": 0.8322,
    "mrr_at_1000": 0.83226,
    "mrr_at_20": 0.83122,
    "mrr_at_3": 0.81987,
    "mrr_at_5": 0.82591,
    "ndcg_at_1": 0.7707,
    "ndcg_at_10": 0.85521,
    "ndcg_at_100": 0.8671,
    "ndcg_at_1000": 0.86838,
    "ndcg_at_20": 0.86027,
    "ndcg_at_3": 0.83511,
    "ndcg_at_5": 0.84592,
    "precision_at_1": 0.7707,
    "precision_at_10": 0.0934,
    "precision_at_100": 0.0099,
    "precision_at_1000": 0.001,
    "precision_at_20": 0.04769,
    "precision_at_3": 0.29313,
    "precision_at_5": 0.18112,
    "recall_at_1": 0.7707,
    "recall_at_10": 0.934,
    "recall_at_100": 0.9901,
    "recall_at_1000": 0.9996,
    "recall_at_20": 0.9538,
    "recall_at_3": 0.8794,
    "recall_at_5": 0.9056
  }
}