{
  "dataset_revision": "5ad9931726ff26496453bdf21176f765d18fec49",
  "mteb_dataset_name": "WebFAQ",
  "mteb_version": "1.7.10",
  "test": {
    "evaluation_time": 263.27,
    "map_at_1": 0.6328,
    "map_at_10": 0.70723,
    "map_at_100": 0.71181,
    "map_at_1000": 0.71199,
    "map_at_20": 0.70982,
    "map_at_3": 0.69128,
    "map_at_5": 0.70093,
    "mrr_at_1": 0.6327,
    "mrr_at_10": 0.70716,
    "mrr_at_100": 0.71175,
    "mrr_at_1000": 0.71193,
    "mrr_at_20": 0.70975,
    "mrr_at_3": 0.69125,
    "mrr_at_5": 0.70084,
    "ndcg_at_1": 0.6328,
    "ndcg_at_10": 0.74226,
    "ndcg_at_100": 0.76561,
    "ndcg_at_1000": 0.77006,
    "ndcg_at_20": 0.75166,
    "ndcg_at_3": 0.70975,
    "ndcg_at_5": 0.72707,
    "precision_at_1": 0.6328,
    "precision_at_10": 0.08517,
    "precision_at_100": 0.00963,
    "precision_at_1000": 0.001,
    "precision_at_20": 0.04444,
    "precision_at_3": 0.25433,
    "precision_at_5": 0.16098,
    "recall_at_1": 0.6328,
    "recall_at_10": 0.8517,
    "recall_at_100": 0.9632,
    "recall_at_1000": 0.9974,
    "recall_at_20": 0.8888,
    "recall_at_3": 0.763,
    "recall_at_5": 0.8049
  }
}