{
  "dataset_revision": "5ad9931726ff26496453bdf21176f765d18fec49",
  "mteb_dataset_name": "WebFAQ",
  "mteb_version": "1.7.10",
  "test": {
    "evaluation_time": 338.76,
    "map_at_1": 0.5434,
    "map_at_10": 0.62338,
    "map_at_100": 0.62857,
    "map_at_1000": 0.62888,
    "map_at_20": 0.62638,
    "map_at_3": 0.60663,
    "map_at_5": 0.61606,
    "mrr_at_1": 0.5436,
    "mrr_at_10": 0.6235,
    "mrr_at_100": 0.62868,
    "mrr_at_1000": 0.629,
    "mrr_at_20": 0.6265,
    "mrr_at_3": 0.60672,
    "mrr_at_5": 0.61617,
    "ndcg_at_1": 0.5434,
    "ndcg_at_10": 0.66125,
    "ndcg_at_100": 0.68783,
    "ndcg_at_1000": 0.6967,
    "ndcg_at_20": 0.67202,
    "ndcg_at_3": 0.62672,
    "ndcg_at_5": 0.6436,
    "precision_at_1": 0.5434,
    "precision_at_10": 0.07798,
    "precision_at_100": 0.00907,
    "precision_at_1000": 0.00098,
    "precision_at_20": 0.04111,
    "precision_at_3": 0.22823,
    "precision_at_5": 0.14508,
    "recall_at_1": 0.5434,
    "recall_at_10": 0.7798,
    "recall_at_100": 0.9073,
    "recall_at_1000": 0.9781,
    "recall_at_20": 0.8221,
    "recall_at_3": 0.6847,
    "recall_at_5": 0.7254
  }
}