{
  "dataset_revision": "b4320165e039fec2ed05f4b1ba74e4e9376da070",
  "mteb_dataset_name": "WebFAQ",
  "mteb_version": "1.7.10",
  "test": {
    "evaluation_time": 439.29,
    "map_at_1": 0.708,
    "map_at_10": 0.78021,
    "map_at_100": 0.7835,
    "map_at_1000": 0.78358,
    "map_at_20": 0.78246,
    "map_at_3": 0.76572,
    "map_at_5": 0.77421,
    "mrr_at_1": 0.7081,
    "mrr_at_10": 0.78024,
    "mrr_at_100": 0.78352,
    "mrr_at_1000": 0.7836,
    "mrr_at_20": 0.78249,
    "mrr_at_3": 0.76572,
    "mrr_at_5": 0.77422,
    "ndcg_at_1": 0.708,
    "ndcg_at_10": 0.81347,
    "ndcg_at_100": 0.82891,
    "ndcg_at_1000": 0.8305,
    "ndcg_at_20": 0.82148,
    "ndcg_at_3": 0.7838,
    "ndcg_at_5": 0.79905,
    "precision_at_1": 0.708,
    "precision_at_10": 0.09171,
    "precision_at_100": 0.00988,
    "precision_at_1000": 0.001,
    "precision_at_20": 0.04742,
    "precision_at_3": 0.27863,
    "precision_at_5": 0.17456,
    "recall_at_1": 0.708,
    "recall_at_10": 0.9171,
    "recall_at_100": 0.9882,
    "recall_at_1000": 1.0,
    "recall_at_20": 0.9484,
    "recall_at_3": 0.8359,
    "recall_at_5": 0.8728
  }
}