{
  "dataset_revision": "5ad9931726ff26496453bdf21176f765d18fec49",
  "mteb_dataset_name": "WebFAQ",
  "mteb_version": "1.7.10",
  "test": {
    "evaluation_time": 203.38,
    "map_at_1": 0.6473,
    "map_at_10": 0.7208,
    "map_at_100": 0.7248,
    "map_at_1000": 0.725,
    "map_at_20": 0.72338,
    "map_at_3": 0.70565,
    "map_at_5": 0.71477,
    "mrr_at_1": 0.6472,
    "mrr_at_10": 0.72078,
    "mrr_at_100": 0.72478,
    "mrr_at_1000": 0.72497,
    "mrr_at_20": 0.72334,
    "mrr_at_3": 0.70563,
    "mrr_at_5": 0.71478,
    "ndcg_at_1": 0.6473,
    "ndcg_at_10": 0.75496,
    "ndcg_at_100": 0.77463,
    "ndcg_at_1000": 0.77968,
    "ndcg_at_20": 0.76431,
    "ndcg_at_3": 0.72405,
    "ndcg_at_5": 0.74045,
    "precision_at_1": 0.6473,
    "precision_at_10": 0.08615,
    "precision_at_100": 0.00954,
    "precision_at_1000": 0.00099,
    "precision_at_20": 0.04492,
    "precision_at_3": 0.25903,
    "precision_at_5": 0.16336,
    "recall_at_1": 0.6473,
    "recall_at_10": 0.8615,
    "recall_at_100": 0.9541,
    "recall_at_1000": 0.9936,
    "recall_at_20": 0.8984,
    "recall_at_3": 0.7771,
    "recall_at_5": 0.8168
  }
}