{
  "dataset_revision": "5ad9931726ff26496453bdf21176f765d18fec49",
  "mteb_dataset_name": "WebFAQ",
  "mteb_version": "1.7.10",
  "test": {
    "evaluation_time": 1518.6,
    "map_at_1": 0.7095,
    "map_at_10": 0.78164,
    "map_at_100": 0.78469,
    "map_at_1000": 0.78478,
    "map_at_20": 0.78367,
    "map_at_3": 0.76692,
    "map_at_5": 0.77589,
    "mrr_at_1": 0.7095,
    "mrr_at_10": 0.78163,
    "mrr_at_100": 0.78468,
    "mrr_at_1000": 0.78476,
    "mrr_at_20": 0.78365,
    "mrr_at_3": 0.7669,
    "mrr_at_5": 0.77587,
    "ndcg_at_1": 0.7095,
    "ndcg_at_10": 0.81508,
    "ndcg_at_100": 0.82969,
    "ndcg_at_1000": 0.83147,
    "ndcg_at_20": 0.82242,
    "ndcg_at_3": 0.78525,
    "ndcg_at_5": 0.80139,
    "precision_at_1": 0.7095,
    "precision_at_10": 0.09191,
    "precision_at_100": 0.00987,
    "precision_at_1000": 0.001,
    "precision_at_20": 0.0474,
    "precision_at_3": 0.2794,
    "precision_at_5": 0.17546,
    "recall_at_1": 0.7095,
    "recall_at_10": 0.9191,
    "recall_at_100": 0.987,
    "recall_at_1000": 1.0,
    "recall_at_20": 0.948,
    "recall_at_3": 0.8382,
    "recall_at_5": 0.8773
  }
}