{
  "dataset_revision": "5ad9931726ff26496453bdf21176f765d18fec49",
  "mteb_dataset_name": "WebFAQ",
  "mteb_version": "1.7.10",
  "test": {
    "evaluation_time": 256.01,
    "map_at_1": 0.5098,
    "map_at_10": 0.58016,
    "map_at_100": 0.58544,
    "map_at_1000": 0.58584,
    "map_at_20": 0.58335,
    "map_at_3": 0.5639,
    "map_at_5": 0.57331,
    "mrr_at_1": 0.51,
    "mrr_at_10": 0.58027,
    "mrr_at_100": 0.58556,
    "mrr_at_1000": 0.58596,
    "mrr_at_20": 0.58346,
    "mrr_at_3": 0.56397,
    "mrr_at_5": 0.57336,
    "ndcg_at_1": 0.5098,
    "ndcg_at_10": 0.61476,
    "ndcg_at_100": 0.64174,
    "ndcg_at_1000": 0.65309,
    "ndcg_at_20": 0.62639,
    "ndcg_at_3": 0.58126,
    "ndcg_at_5": 0.59826,
    "precision_at_1": 0.5098,
    "precision_at_10": 0.07236,
    "precision_at_100": 0.00853,
    "precision_at_1000": 0.00094,
    "precision_at_20": 0.03848,
    "precision_at_3": 0.21047,
    "precision_at_5": 0.13456,
    "recall_at_1": 0.5098,
    "recall_at_10": 0.7236,
    "recall_at_100": 0.8528,
    "recall_at_1000": 0.9438,
    "recall_at_20": 0.7696,
    "recall_at_3": 0.6314,
    "recall_at_5": 0.6728
  }
}