{
  "dataset_revision": "b4320165e039fec2ed05f4b1ba74e4e9376da070",
  "mteb_dataset_name": "WebFAQ",
  "mteb_version": "1.7.10",
  "test": {
    "evaluation_time": 218.84,
    "map_at_1": 0.6479,
    "map_at_10": 0.72219,
    "map_at_100": 0.72606,
    "map_at_1000": 0.72624,
    "map_at_20": 0.72464,
    "map_at_3": 0.70645,
    "map_at_5": 0.71623,
    "mrr_at_1": 0.6479,
    "mrr_at_10": 0.7222,
    "mrr_at_100": 0.72608,
    "mrr_at_1000": 0.72625,
    "mrr_at_20": 0.72465,
    "mrr_at_3": 0.70645,
    "mrr_at_5": 0.71623,
    "ndcg_at_1": 0.6479,
    "ndcg_at_10": 0.75689,
    "ndcg_at_100": 0.77592,
    "ndcg_at_1000": 0.78073,
    "ndcg_at_20": 0.76567,
    "ndcg_at_3": 0.72507,
    "ndcg_at_5": 0.74263,
    "precision_at_1": 0.6479,
    "precision_at_10": 0.0865,
    "precision_at_100": 0.00955,
    "precision_at_1000": 0.00099,
    "precision_at_20": 0.04497,
    "precision_at_3": 0.2596,
    "precision_at_5": 0.16426,
    "recall_at_1": 0.6479,
    "recall_at_10": 0.865,
    "recall_at_100": 0.9545,
    "recall_at_1000": 0.9925,
    "recall_at_20": 0.8994,
    "recall_at_3": 0.7788,
    "recall_at_5": 0.8213
  }
}