{
  "dataset_revision": "b4320165e039fec2ed05f4b1ba74e4e9376da070",
  "mteb_dataset_name": "WebFAQ",
  "mteb_version": "1.7.10",
  "test": {
    "evaluation_time": 254.37,
    "map_at_1": 0.5131,
    "map_at_10": 0.58294,
    "map_at_100": 0.58825,
    "map_at_1000": 0.58863,
    "map_at_20": 0.586,
    "map_at_3": 0.56618,
    "map_at_5": 0.57573,
    "mrr_at_1": 0.5131,
    "mrr_at_10": 0.58286,
    "mrr_at_100": 0.58817,
    "mrr_at_1000": 0.58856,
    "mrr_at_20": 0.58591,
    "mrr_at_3": 0.56613,
    "mrr_at_5": 0.57565,
    "ndcg_at_1": 0.5131,
    "ndcg_at_10": 0.61762,
    "ndcg_at_100": 0.64504,
    "ndcg_at_1000": 0.65611,
    "ndcg_at_20": 0.62867,
    "ndcg_at_3": 0.58316,
    "ndcg_at_5": 0.60031,
    "precision_at_1": 0.5131,
    "precision_at_10": 0.07269,
    "precision_at_100": 0.00859,
    "precision_at_1000": 0.00095,
    "precision_at_20": 0.03852,
    "precision_at_3": 0.21073,
    "precision_at_5": 0.13474,
    "recall_at_1": 0.5131,
    "recall_at_10": 0.7269,
    "recall_at_100": 0.8589,
    "recall_at_1000": 0.948,
    "recall_at_20": 0.7704,
    "recall_at_3": 0.6322,
    "recall_at_5": 0.6737
  }
}