{
  "dataset_revision": "b4320165e039fec2ed05f4b1ba74e4e9376da070",
  "mteb_dataset_name": "WebFAQ",
  "mteb_version": "1.7.10",
  "test": {
    "evaluation_time": 335.84,
    "map_at_1": 0.5376,
    "map_at_10": 0.61956,
    "map_at_100": 0.62487,
    "map_at_1000": 0.62517,
    "map_at_20": 0.62267,
    "map_at_3": 0.60078,
    "map_at_5": 0.6124,
    "mrr_at_1": 0.5379,
    "mrr_at_10": 0.61971,
    "mrr_at_100": 0.62503,
    "mrr_at_1000": 0.62533,
    "mrr_at_20": 0.62283,
    "mrr_at_3": 0.60095,
    "mrr_at_5": 0.61256,
    "ndcg_at_1": 0.5376,
    "ndcg_at_10": 0.65903,
    "ndcg_at_100": 0.68588,
    "ndcg_at_1000": 0.69421,
    "ndcg_at_20": 0.67029,
    "ndcg_at_3": 0.62096,
    "ndcg_at_5": 0.64176,
    "precision_at_1": 0.5376,
    "precision_at_10": 0.07826,
    "precision_at_100": 0.0091,
    "precision_at_1000": 0.00098,
    "precision_at_20": 0.04135,
    "precision_at_3": 0.2264,
    "precision_at_5": 0.14588,
    "recall_at_1": 0.5376,
    "recall_at_10": 0.7826,
    "recall_at_100": 0.9104,
    "recall_at_1000": 0.9771,
    "recall_at_20": 0.827,
    "recall_at_3": 0.6792,
    "recall_at_5": 0.7294
  }
}