{
  "dataset_revision": "b4320165e039fec2ed05f4b1ba74e4e9376da070",
  "mteb_dataset_name": "WebFAQ",
  "mteb_version": "1.7.10",
  "test": {
    "evaluation_time": 292.52,
    "map_at_1": 0.6422,
    "map_at_10": 0.71491,
    "map_at_100": 0.71914,
    "map_at_1000": 0.71932,
    "map_at_20": 0.71741,
    "map_at_3": 0.69897,
    "map_at_5": 0.7084,
    "mrr_at_1": 0.6422,
    "mrr_at_10": 0.71489,
    "mrr_at_100": 0.71912,
    "mrr_at_1000": 0.71931,
    "mrr_at_20": 0.7174,
    "mrr_at_3": 0.69895,
    "mrr_at_5": 0.70836,
    "ndcg_at_1": 0.6422,
    "ndcg_at_10": 0.7495,
    "ndcg_at_100": 0.77116,
    "ndcg_at_1000": 0.7758,
    "ndcg_at_20": 0.75857,
    "ndcg_at_3": 0.71697,
    "ndcg_at_5": 0.73393,
    "precision_at_1": 0.6422,
    "precision_at_10": 0.08577,
    "precision_at_100": 0.00962,
    "precision_at_1000": 0.001,
    "precision_at_20": 0.04468,
    "precision_at_3": 0.2563,
    "precision_at_5": 0.162,
    "recall_at_1": 0.6422,
    "recall_at_10": 0.8577,
    "recall_at_100": 0.9615,
    "recall_at_1000": 0.9976,
    "recall_at_20": 0.8935,
    "recall_at_3": 0.7689,
    "recall_at_5": 0.81
  }
}