{
  "dataset_revision": "95c8db7d4a6e9c1d8a60601afd63d553ae20a2eb",
  "dev": {
    "evaluation_time": 269.24,
    "map_at_1": 0.14551,
    "map_at_10": 0.27144,
    "map_at_100": 0.29918,
    "map_at_1000": 0.3014,
    "map_at_20": 0.28665,
    "map_at_3": 0.22004,
    "map_at_5": 0.24851,
    "mrr_at_1": 0.33542,
    "mrr_at_10": 0.45576,
    "mrr_at_100": 0.46402,
    "mrr_at_1000": 0.46432,
    "mrr_at_20": 0.46082,
    "mrr_at_3": 0.42483,
    "mrr_at_5": 0.44399,
    "ndcg_at_1": 0.33542,
    "ndcg_at_10": 0.36287,
    "ndcg_at_100": 0.45253,
    "ndcg_at_1000": 0.4833,
    "ndcg_at_20": 0.39855,
    "ndcg_at_3": 0.3169,
    "ndcg_at_5": 0.33332,
    "precision_at_1": 0.33542,
    "precision_at_10": 0.12333,
    "precision_at_100": 0.02322,
    "precision_at_1000": 0.00292,
    "precision_at_20": 0.07875,
    "precision_at_3": 0.23125,
    "precision_at_5": 0.18583,
    "recall_at_1": 0.14551,
    "recall_at_10": 0.43636,
    "recall_at_100": 0.73603,
    "recall_at_1000": 0.90596,
    "recall_at_20": 0.53559,
    "recall_at_3": 0.27384,
    "recall_at_5": 0.34997
  },
  "mteb_dataset_name": "MIRACLRetrievalHardNegatives",
  "mteb_version": "1.7.10"
}