{
  "dataset_revision": "95c8db7d4a6e9c1d8a60601afd63d553ae20a2eb",
  "dev": {
    "evaluation_time": 209.29,
    "map_at_1": 0.2264,
    "map_at_10": 0.40003,
    "map_at_100": 0.43339,
    "map_at_1000": 0.43525,
    "map_at_20": 0.41811,
    "map_at_3": 0.3316,
    "map_at_5": 0.36774,
    "mrr_at_1": 0.51979,
    "mrr_at_10": 0.62319,
    "mrr_at_100": 0.62998,
    "mrr_at_1000": 0.63015,
    "mrr_at_20": 0.62787,
    "mrr_at_3": 0.60035,
    "mrr_at_5": 0.61467,
    "ndcg_at_1": 0.51979,
    "ndcg_at_10": 0.50416,
    "ndcg_at_100": 0.59807,
    "ndcg_at_1000": 0.61893,
    "ndcg_at_20": 0.54298,
    "ndcg_at_3": 0.46034,
    "ndcg_at_5": 0.46936,
    "precision_at_1": 0.51979,
    "precision_at_10": 0.165,
    "precision_at_100": 0.02792,
    "precision_at_1000": 0.00319,
    "precision_at_20": 0.10219,
    "precision_at_3": 0.32604,
    "precision_at_5": 0.25146,
    "recall_at_1": 0.2264,
    "recall_at_10": 0.57487,
    "recall_at_100": 0.88165,
    "recall_at_1000": 0.99387,
    "recall_at_20": 0.6797,
    "recall_at_3": 0.3878,
    "recall_at_5": 0.47074
  },
  "mteb_dataset_name": "MIRACLRetrievalHardNegatives",
  "mteb_version": "1.7.10"
}