{
  "dataset_revision": "95c8db7d4a6e9c1d8a60601afd63d553ae20a2eb",
  "dev": {
    "evaluation_time": 372.02,
    "map_at_1": 0.22154,
    "map_at_10": 0.39812,
    "map_at_100": 0.43112,
    "map_at_1000": 0.43282,
    "map_at_20": 0.41648,
    "map_at_3": 0.33323,
    "map_at_5": 0.36793,
    "mrr_at_1": 0.50833,
    "mrr_at_10": 0.62521,
    "mrr_at_100": 0.63029,
    "mrr_at_1000": 0.63043,
    "mrr_at_20": 0.62817,
    "mrr_at_3": 0.60243,
    "mrr_at_5": 0.61644,
    "ndcg_at_1": 0.50833,
    "ndcg_at_10": 0.50473,
    "ndcg_at_100": 0.59593,
    "ndcg_at_1000": 0.61586,
    "ndcg_at_20": 0.54157,
    "ndcg_at_3": 0.46629,
    "ndcg_at_5": 0.47149,
    "precision_at_1": 0.50833,
    "precision_at_10": 0.16448,
    "precision_at_100": 0.02772,
    "precision_at_1000": 0.00315,
    "precision_at_20": 0.10115,
    "precision_at_3": 0.33437,
    "precision_at_5": 0.25354,
    "recall_at_1": 0.22154,
    "recall_at_10": 0.57656,
    "recall_at_100": 0.8749,
    "recall_at_1000": 0.98431,
    "recall_at_20": 0.67367,
    "recall_at_3": 0.39689,
    "recall_at_5": 0.47481
  },
  "mteb_dataset_name": "MIRACLRetrievalHardNegatives",
  "mteb_version": "1.7.10"
}