{
  "dataset_revision": "95c8db7d4a6e9c1d8a60601afd63d553ae20a2eb",
  "dev": {
    "evaluation_time": 1334.38,
    "map_at_1": 0.22593,
    "map_at_10": 0.38975,
    "map_at_100": 0.42112,
    "map_at_1000": 0.42309,
    "map_at_20": 0.40685,
    "map_at_3": 0.32206,
    "map_at_5": 0.35753,
    "mrr_at_1": 0.51146,
    "mrr_at_10": 0.61339,
    "mrr_at_100": 0.61918,
    "mrr_at_1000": 0.61935,
    "mrr_at_20": 0.61698,
    "mrr_at_3": 0.58785,
    "mrr_at_5": 0.60337,
    "ndcg_at_1": 0.51146,
    "ndcg_at_10": 0.49407,
    "ndcg_at_100": 0.58351,
    "ndcg_at_1000": 0.60603,
    "ndcg_at_20": 0.52978,
    "ndcg_at_3": 0.44761,
    "ndcg_at_5": 0.45814,
    "precision_at_1": 0.51146,
    "precision_at_10": 0.16115,
    "precision_at_100": 0.02721,
    "precision_at_1000": 0.00315,
    "precision_at_20": 0.09865,
    "precision_at_3": 0.31771,
    "precision_at_5": 0.24562,
    "recall_at_1": 0.22593,
    "recall_at_10": 0.56726,
    "recall_at_100": 0.86014,
    "recall_at_1000": 0.98105,
    "recall_at_20": 0.66239,
    "recall_at_3": 0.37632,
    "recall_at_5": 0.46
  },
  "mteb_dataset_name": "MIRACLRetrievalHardNegatives",
  "mteb_version": "1.7.10"
}