{
  "dataset_revision": "95c8db7d4a6e9c1d8a60601afd63d553ae20a2eb",
  "dev": {
    "evaluation_time": 273.79,
    "map_at_1": 0.10563,
    "map_at_10": 0.20183,
    "map_at_100": 0.22461,
    "map_at_1000": 0.22719,
    "map_at_20": 0.21342,
    "map_at_3": 0.1625,
    "map_at_5": 0.18415,
    "mrr_at_1": 0.23542,
    "mrr_at_10": 0.35273,
    "mrr_at_100": 0.36291,
    "mrr_at_1000": 0.36336,
    "mrr_at_20": 0.35895,
    "mrr_at_3": 0.31875,
    "mrr_at_5": 0.33833,
    "ndcg_at_1": 0.23542,
    "ndcg_at_10": 0.28144,
    "ndcg_at_100": 0.36806,
    "ndcg_at_1000": 0.40888,
    "ndcg_at_20": 0.31263,
    "ndcg_at_3": 0.23797,
    "ndcg_at_5": 0.25304,
    "precision_at_1": 0.23542,
    "precision_at_10": 0.09771,
    "precision_at_100": 0.01994,
    "precision_at_1000": 0.00281,
    "precision_at_20": 0.06344,
    "precision_at_3": 0.17639,
    "precision_at_5": 0.14271,
    "recall_at_1": 0.10563,
    "recall_at_10": 0.3547,
    "recall_at_100": 0.65713,
    "recall_at_1000": 0.88686,
    "recall_at_20": 0.44286,
    "recall_at_3": 0.21366,
    "recall_at_5": 0.27598
  },
  "mteb_dataset_name": "MIRACLRetrievalHardNegatives",
  "mteb_version": "1.7.10"
}