{
  "dataset_revision": "fc24a3ce8f09746410daee3d5cd823ff7a0675b7",
  "mteb_dataset_name": "MrTidyRetrieval",
  "mteb_version": "1.7.10",
  "test": {
    "evaluation_time": 1352.57,
    "map_at_1": 0.49839,
    "map_at_10": 0.65317,
    "map_at_100": 0.65911,
    "map_at_1000": 0.65922,
    "map_at_20": 0.65793,
    "map_at_3": 0.62445,
    "map_at_5": 0.64358,
    "mrr_at_1": 0.54282,
    "mrr_at_10": 0.66611,
    "mrr_at_100": 0.67081,
    "mrr_at_1000": 0.67089,
    "mrr_at_20": 0.66983,
    "mrr_at_3": 0.64395,
    "mrr_at_5": 0.65927,
    "ndcg_at_1": 0.54282,
    "ndcg_at_10": 0.7125,
    "ndcg_at_100": 0.73496,
    "ndcg_at_1000": 0.73753,
    "ndcg_at_20": 0.72798,
    "ndcg_at_3": 0.66072,
    "ndcg_at_5": 0.69178,
    "precision_at_1": 0.54282,
    "precision_at_10": 0.10109,
    "precision_at_100": 0.01122,
    "precision_at_1000": 0.00115,
    "precision_at_20": 0.05392,
    "precision_at_3": 0.28146,
    "precision_at_5": 0.18721,
    "recall_at_1": 0.49839,
    "recall_at_10": 0.87776,
    "recall_at_100": 0.97045,
    "recall_at_1000": 0.98914,
    "recall_at_20": 0.93647,
    "recall_at_3": 0.74568,
    "recall_at_5": 0.81624
  }
}