{
  "dataset_revision": "fc24a3ce8f09746410daee3d5cd823ff7a0675b7",
  "mteb_dataset_name": "MrTidyRetrieval",
  "mteb_version": "1.7.10",
  "test": {
    "evaluation_time": 1805.14,
    "map_at_1": 0.17149,
    "map_at_10": 0.27351,
    "map_at_100": 0.2842,
    "map_at_1000": 0.28491,
    "map_at_20": 0.28026,
    "map_at_3": 0.23918,
    "map_at_5": 0.26126,
    "mrr_at_1": 0.18938,
    "mrr_at_10": 0.28853,
    "mrr_at_100": 0.29806,
    "mrr_at_1000": 0.29863,
    "mrr_at_20": 0.29457,
    "mrr_at_3": 0.25714,
    "mrr_at_5": 0.27674,
    "ndcg_at_1": 0.18938,
    "ndcg_at_10": 0.33195,
    "ndcg_at_100": 0.3817,
    "ndcg_at_1000": 0.40109,
    "ndcg_at_20": 0.35514,
    "ndcg_at_3": 0.26509,
    "ndcg_at_5": 0.30325,
    "precision_at_1": 0.18938,
    "precision_at_10": 0.05694,
    "precision_at_100": 0.00837,
    "precision_at_1000": 0.00102,
    "precision_at_20": 0.03366,
    "precision_at_3": 0.12143,
    "precision_at_5": 0.09385,
    "recall_at_1": 0.17149,
    "recall_at_10": 0.49799,
    "recall_at_100": 0.72256,
    "recall_at_1000": 0.87354,
    "recall_at_20": 0.58585,
    "recall_at_3": 0.32268,
    "recall_at_5": 0.41275
  }
}