{
  "dataset_revision": "fc24a3ce8f09746410daee3d5cd823ff7a0675b7",
  "mteb_dataset_name": "MrTidyRetrieval",
  "mteb_version": "1.7.10",
  "test": {
    "evaluation_time": 11451.32,
    "map_at_1": 0.49196,
    "map_at_10": 0.63449,
    "map_at_100": 0.63956,
    "map_at_1000": 0.63973,
    "map_at_20": 0.6381,
    "map_at_3": 0.60203,
    "map_at_5": 0.62118,
    "mrr_at_1": 0.53559,
    "mrr_at_10": 0.64901,
    "mrr_at_100": 0.65283,
    "mrr_at_1000": 0.65299,
    "mrr_at_20": 0.65151,
    "mrr_at_3": 0.62405,
    "mrr_at_5": 0.63991,
    "ndcg_at_1": 0.53559,
    "ndcg_at_10": 0.69439,
    "ndcg_at_100": 0.71516,
    "ndcg_at_1000": 0.7192,
    "ndcg_at_20": 0.70552,
    "ndcg_at_3": 0.63474,
    "ndcg_at_5": 0.66674,
    "precision_at_1": 0.53559,
    "precision_at_10": 0.0994,
    "precision_at_100": 0.011,
    "precision_at_1000": 0.00114,
    "precision_at_20": 0.05229,
    "precision_at_3": 0.26739,
    "precision_at_5": 0.17829,
    "recall_at_1": 0.49196,
    "recall_at_10": 0.86168,
    "recall_at_100": 0.95255,
    "recall_at_1000": 0.98191,
    "recall_at_20": 0.90269,
    "recall_at_3": 0.70728,
    "recall_at_5": 0.78166
  }
}