{
  "dataset_revision": "fc24a3ce8f09746410daee3d5cd823ff7a0675b7",
  "mteb_dataset_name": "MrTidyRetrieval",
  "mteb_version": "1.7.10",
  "test": {
    "evaluation_time": 1804.27,
    "map_at_1": 0.28669,
    "map_at_10": 0.41611,
    "map_at_100": 0.42523,
    "map_at_1000": 0.42552,
    "map_at_20": 0.42211,
    "map_at_3": 0.37719,
    "map_at_5": 0.40182,
    "mrr_at_1": 0.31846,
    "mrr_at_10": 0.43695,
    "mrr_at_100": 0.4445,
    "mrr_at_1000": 0.44474,
    "mrr_at_20": 0.44215,
    "mrr_at_3": 0.4031,
    "mrr_at_5": 0.42469,
    "ndcg_at_1": 0.31846,
    "ndcg_at_10": 0.48416,
    "ndcg_at_100": 0.52465,
    "ndcg_at_1000": 0.53234,
    "ndcg_at_20": 0.50469,
    "ndcg_at_3": 0.40973,
    "ndcg_at_5": 0.45163,
    "precision_at_1": 0.31846,
    "precision_at_10": 0.07768,
    "precision_at_100": 0.00992,
    "precision_at_1000": 0.00106,
    "precision_at_20": 0.04343,
    "precision_at_3": 0.18134,
    "precision_at_5": 0.13221,
    "recall_at_1": 0.28669,
    "recall_at_10": 0.6729,
    "recall_at_100": 0.85324,
    "recall_at_1000": 0.91275,
    "recall_at_20": 0.75111,
    "recall_at_3": 0.47869,
    "recall_at_5": 0.5762
  }
}