{
  "dataset_revision": "fc24a3ce8f09746410daee3d5cd823ff7a0675b7",
  "mteb_dataset_name": "MrTidyRetrieval",
  "mteb_version": "1.7.10",
  "test": {
    "evaluation_time": 5253.16,
    "map_at_1": 0.47085,
    "map_at_10": 0.6166,
    "map_at_100": 0.62254,
    "map_at_1000": 0.62265,
    "map_at_20": 0.6206,
    "map_at_3": 0.58166,
    "map_at_5": 0.60409,
    "mrr_at_1": 0.51749,
    "mrr_at_10": 0.63496,
    "mrr_at_100": 0.63984,
    "mrr_at_1000": 0.63994,
    "mrr_at_20": 0.63814,
    "mrr_at_3": 0.60977,
    "mrr_at_5": 0.62539,
    "ndcg_at_1": 0.51749,
    "ndcg_at_10": 0.67844,
    "ndcg_at_100": 0.7041,
    "ndcg_at_1000": 0.70701,
    "ndcg_at_20": 0.6916,
    "ndcg_at_3": 0.61618,
    "ndcg_at_5": 0.65162,
    "precision_at_1": 0.51749,
    "precision_at_10": 0.09795,
    "precision_at_100": 0.01113,
    "precision_at_1000": 0.00114,
    "precision_at_20": 0.05199,
    "precision_at_3": 0.26015,
    "precision_at_5": 0.17708,
    "recall_at_1": 0.47085,
    "recall_at_10": 0.84821,
    "recall_at_100": 0.9614,
    "recall_at_1000": 0.98372,
    "recall_at_20": 0.89767,
    "recall_at_3": 0.68858,
    "recall_at_5": 0.7698
  }
}