{
  "dataset_revision": "5ad9931726ff26496453bdf21176f765d18fec49",
  "mteb_dataset_name": "WebFAQ",
  "mteb_version": "1.7.10",
  "test": {
    "evaluation_time": 103.07,
    "map_at_1": 0.7331,
    "map_at_10": 0.79188,
    "map_at_100": 0.79461,
    "map_at_1000": 0.79474,
    "map_at_20": 0.79365,
    "map_at_3": 0.78058,
    "map_at_5": 0.78754,
    "mrr_at_1": 0.7329,
    "mrr_at_10": 0.79164,
    "mrr_at_100": 0.79441,
    "mrr_at_1000": 0.79454,
    "mrr_at_20": 0.79346,
    "mrr_at_3": 0.7805,
    "mrr_at_5": 0.78731,
    "ndcg_at_1": 0.7331,
    "ndcg_at_10": 0.81851,
    "ndcg_at_100": 0.83204,
    "ndcg_at_1000": 0.83556,
    "ndcg_at_20": 0.82487,
    "ndcg_at_3": 0.79548,
    "ndcg_at_5": 0.80805,
    "precision_at_1": 0.7331,
    "precision_at_10": 0.09012,
    "precision_at_100": 0.00965,
    "precision_at_1000": 0.00099,
    "precision_at_20": 0.04631,
    "precision_at_3": 0.27947,
    "precision_at_5": 0.1738,
    "recall_at_1": 0.7331,
    "recall_at_10": 0.9012,
    "recall_at_100": 0.9653,
    "recall_at_1000": 0.9929,
    "recall_at_20": 0.9262,
    "recall_at_3": 0.8384,
    "recall_at_5": 0.869
  }
}