{
  "dataset_revision": "5ad9931726ff26496453bdf21176f765d18fec49",
  "mteb_dataset_name": "WebFAQ",
  "mteb_version": "1.7.10",
  "test": {
    "evaluation_time": 128.99,
    "map_at_1": 0.748,
    "map_at_10": 0.80181,
    "map_at_100": 0.80485,
    "map_at_1000": 0.80497,
    "map_at_20": 0.80373,
    "map_at_3": 0.7913,
    "map_at_5": 0.79739,
    "mrr_at_1": 0.7474,
    "mrr_at_10": 0.80171,
    "mrr_at_100": 0.80476,
    "mrr_at_1000": 0.80489,
    "mrr_at_20": 0.80364,
    "mrr_at_3": 0.79143,
    "mrr_at_5": 0.79734,
    "ndcg_at_1": 0.748,
    "ndcg_at_10": 0.82656,
    "ndcg_at_100": 0.84155,
    "ndcg_at_1000": 0.84462,
    "ndcg_at_20": 0.83354,
    "ndcg_at_3": 0.8049,
    "ndcg_at_5": 0.81589,
    "precision_at_1": 0.748,
    "precision_at_10": 0.09037,
    "precision_at_100": 0.00974,
    "precision_at_1000": 0.001,
    "precision_at_20": 0.04657,
    "precision_at_3": 0.28137,
    "precision_at_5": 0.17416,
    "recall_at_1": 0.748,
    "recall_at_10": 0.9037,
    "recall_at_100": 0.9743,
    "recall_at_1000": 0.9981,
    "recall_at_20": 0.9313,
    "recall_at_3": 0.8441,
    "recall_at_5": 0.8708
  }
}