{
  "dataset_revision": "b4320165e039fec2ed05f4b1ba74e4e9376da070",
  "mteb_dataset_name": "WebFAQ",
  "mteb_version": "1.7.10",
  "test": {
    "evaluation_time": 93.33,
    "map_at_1": 0.74397,
    "map_at_10": 0.79645,
    "map_at_100": 0.79925,
    "map_at_1000": 0.79939,
    "map_at_20": 0.7981,
    "map_at_3": 0.7853,
    "map_at_5": 0.79243,
    "mrr_at_1": 0.74387,
    "mrr_at_10": 0.79653,
    "mrr_at_100": 0.79933,
    "mrr_at_1000": 0.79947,
    "mrr_at_20": 0.79819,
    "mrr_at_3": 0.78535,
    "mrr_at_5": 0.79254,
    "ndcg_at_1": 0.74397,
    "ndcg_at_10": 0.82048,
    "ndcg_at_100": 0.83479,
    "ndcg_at_1000": 0.83868,
    "ndcg_at_20": 0.82643,
    "ndcg_at_3": 0.79808,
    "ndcg_at_5": 0.81084,
    "precision_at_1": 0.74397,
    "precision_at_10": 0.08952,
    "precision_at_100": 0.00964,
    "precision_at_1000": 0.00099,
    "precision_at_20": 0.04593,
    "precision_at_3": 0.27829,
    "precision_at_5": 0.17312,
    "recall_at_1": 0.74397,
    "recall_at_10": 0.89523,
    "recall_at_100": 0.96376,
    "recall_at_1000": 0.99472,
    "recall_at_20": 0.91863,
    "recall_at_3": 0.83487,
    "recall_at_5": 0.86562
  }
}