{
  "dataset_revision": "5ad9931726ff26496453bdf21176f765d18fec49",
  "mteb_dataset_name": "WebFAQ",
  "mteb_version": "1.7.10",
  "test": {
    "evaluation_time": 152.74,
    "map_at_1": 0.661,
    "map_at_10": 0.72684,
    "map_at_100": 0.73044,
    "map_at_1000": 0.73064,
    "map_at_20": 0.72905,
    "map_at_3": 0.71345,
    "map_at_5": 0.72149,
    "mrr_at_1": 0.6609,
    "mrr_at_10": 0.7269,
    "mrr_at_100": 0.73049,
    "mrr_at_1000": 0.73069,
    "mrr_at_20": 0.72911,
    "mrr_at_3": 0.71357,
    "mrr_at_5": 0.72157,
    "ndcg_at_1": 0.661,
    "ndcg_at_10": 0.75743,
    "ndcg_at_100": 0.77551,
    "ndcg_at_1000": 0.78116,
    "ndcg_at_20": 0.76534,
    "ndcg_at_3": 0.73004,
    "ndcg_at_5": 0.74452,
    "precision_at_1": 0.661,
    "precision_at_10": 0.08528,
    "precision_at_100": 0.00939,
    "precision_at_1000": 0.00098,
    "precision_at_20": 0.04419,
    "precision_at_3": 0.2593,
    "precision_at_5": 0.1626,
    "recall_at_1": 0.661,
    "recall_at_10": 0.8528,
    "recall_at_100": 0.9389,
    "recall_at_1000": 0.984,
    "recall_at_20": 0.8838,
    "recall_at_3": 0.7779,
    "recall_at_5": 0.813
  }
}