{
  "dataset_revision": "5ad9931726ff26496453bdf21176f765d18fec49",
  "mteb_dataset_name": "WebFAQ",
  "mteb_version": "1.7.10",
  "test": {
    "evaluation_time": 906.54,
    "map_at_1": 0.7714,
    "map_at_10": 0.82399,
    "map_at_100": 0.82641,
    "map_at_1000": 0.8265,
    "map_at_20": 0.82543,
    "map_at_3": 0.8137,
    "map_at_5": 0.82005,
    "mrr_at_1": 0.7713,
    "mrr_at_10": 0.82387,
    "mrr_at_100": 0.8263,
    "mrr_at_1000": 0.82639,
    "mrr_at_20": 0.82532,
    "mrr_at_3": 0.81365,
    "mrr_at_5": 0.81992,
    "ndcg_at_1": 0.7714,
    "ndcg_at_10": 0.84796,
    "ndcg_at_100": 0.86009,
    "ndcg_at_1000": 0.86246,
    "ndcg_at_20": 0.85314,
    "ndcg_at_3": 0.82711,
    "ndcg_at_5": 0.83852,
    "precision_at_1": 0.7714,
    "precision_at_10": 0.09224,
    "precision_at_100": 0.0098,
    "precision_at_1000": 0.001,
    "precision_at_20": 0.04714,
    "precision_at_3": 0.2886,
    "precision_at_5": 0.17868,
    "recall_at_1": 0.7714,
    "recall_at_10": 0.9224,
    "recall_at_100": 0.98,
    "recall_at_1000": 0.9984,
    "recall_at_20": 0.9427,
    "recall_at_3": 0.8658,
    "recall_at_5": 0.8934
  }
}