{
  "dataset_revision": "5ad9931726ff26496453bdf21176f765d18fec49",
  "mteb_dataset_name": "WebFAQ",
  "mteb_version": "1.7.10",
  "test": {
    "evaluation_time": 120.64,
    "map_at_1": 0.6603,
    "map_at_10": 0.7191,
    "map_at_100": 0.72295,
    "map_at_1000": 0.72318,
    "map_at_20": 0.72147,
    "map_at_3": 0.70737,
    "map_at_5": 0.71412,
    "mrr_at_1": 0.6604,
    "mrr_at_10": 0.71905,
    "mrr_at_100": 0.72291,
    "mrr_at_1000": 0.72315,
    "mrr_at_20": 0.72144,
    "mrr_at_3": 0.70737,
    "mrr_at_5": 0.71406,
    "ndcg_at_1": 0.6603,
    "ndcg_at_10": 0.74642,
    "ndcg_at_100": 0.76595,
    "ndcg_at_1000": 0.77253,
    "ndcg_at_20": 0.75506,
    "ndcg_at_3": 0.72226,
    "ndcg_at_5": 0.73443,
    "precision_at_1": 0.6603,
    "precision_at_10": 0.08317,
    "precision_at_100": 0.00925,
    "precision_at_1000": 0.00098,
    "precision_at_20": 0.04329,
    "precision_at_3": 0.25507,
    "precision_at_5": 0.15896,
    "recall_at_1": 0.6603,
    "recall_at_10": 0.8317,
    "recall_at_100": 0.925,
    "recall_at_1000": 0.9774,
    "recall_at_20": 0.8658,
    "recall_at_3": 0.7652,
    "recall_at_5": 0.7948
  }
}