{
  "dataset_revision": "b4320165e039fec2ed05f4b1ba74e4e9376da070",
  "mteb_dataset_name": "WebFAQ",
  "mteb_version": "1.7.10",
  "test": {
    "evaluation_time": 111.94,
    "map_at_1": 0.6627,
    "map_at_10": 0.7207,
    "map_at_100": 0.72451,
    "map_at_1000": 0.72476,
    "map_at_20": 0.72285,
    "map_at_3": 0.70861,
    "map_at_5": 0.71601,
    "mrr_at_1": 0.66239,
    "mrr_at_10": 0.7205,
    "mrr_at_100": 0.7243,
    "mrr_at_1000": 0.72454,
    "mrr_at_20": 0.72265,
    "mrr_at_3": 0.70837,
    "mrr_at_5": 0.71577,
    "ndcg_at_1": 0.6627,
    "ndcg_at_10": 0.74742,
    "ndcg_at_100": 0.76715,
    "ndcg_at_1000": 0.77393,
    "ndcg_at_20": 0.75519,
    "ndcg_at_3": 0.72291,
    "ndcg_at_5": 0.73622,
    "precision_at_1": 0.6627,
    "precision_at_10": 0.08306,
    "precision_at_100": 0.00926,
    "precision_at_1000": 0.00098,
    "precision_at_20": 0.04306,
    "precision_at_3": 0.25468,
    "precision_at_5": 0.15927,
    "recall_at_1": 0.6627,
    "recall_at_10": 0.83062,
    "recall_at_100": 0.92567,
    "recall_at_1000": 0.9795,
    "recall_at_20": 0.86117,
    "recall_at_3": 0.76405,
    "recall_at_5": 0.79636
  }
}