{
  "dataset_revision": "b4320165e039fec2ed05f4b1ba74e4e9376da070",
  "mteb_dataset_name": "WebFAQ",
  "mteb_version": "1.7.10",
  "test": {
    "evaluation_time": 211.63,
    "map_at_1": 0.77989,
    "map_at_10": 0.8295,
    "map_at_100": 0.83213,
    "map_at_1000": 0.83223,
    "map_at_20": 0.83116,
    "map_at_3": 0.81987,
    "map_at_5": 0.82607,
    "mrr_at_1": 0.77989,
    "mrr_at_10": 0.82956,
    "mrr_at_100": 0.83219,
    "mrr_at_1000": 0.83228,
    "mrr_at_20": 0.83121,
    "mrr_at_3": 0.81998,
    "mrr_at_5": 0.82614,
    "ndcg_at_1": 0.77989,
    "ndcg_at_10": 0.8518,
    "ndcg_at_100": 0.86453,
    "ndcg_at_1000": 0.86692,
    "ndcg_at_20": 0.85772,
    "ndcg_at_3": 0.83238,
    "ndcg_at_5": 0.84352,
    "precision_at_1": 0.77989,
    "precision_at_10": 0.09209,
    "precision_at_100": 0.0098,
    "precision_at_1000": 0.001,
    "precision_at_20": 0.0472,
    "precision_at_3": 0.28947,
    "precision_at_5": 0.17909,
    "recall_at_1": 0.77989,
    "recall_at_10": 0.9209,
    "recall_at_100": 0.98033,
    "recall_at_1000": 0.99896,
    "recall_at_20": 0.94409,
    "recall_at_3": 0.86841,
    "recall_at_5": 0.89543
  }
}