{
  "dataset_revision": "b4320165e039fec2ed05f4b1ba74e4e9376da070",
  "mteb_dataset_name": "WebFAQ",
  "mteb_version": "1.7.10",
  "test": {
    "evaluation_time": 151.42,
    "map_at_1": 0.67616,
    "map_at_10": 0.73527,
    "map_at_100": 0.73899,
    "map_at_1000": 0.73921,
    "map_at_20": 0.73751,
    "map_at_3": 0.72257,
    "map_at_5": 0.73069,
    "mrr_at_1": 0.67605,
    "mrr_at_10": 0.73515,
    "mrr_at_100": 0.73888,
    "mrr_at_1000": 0.7391,
    "mrr_at_20": 0.7374,
    "mrr_at_3": 0.72235,
    "mrr_at_5": 0.73055,
    "ndcg_at_1": 0.67616,
    "ndcg_at_10": 0.76273,
    "ndcg_at_100": 0.78156,
    "ndcg_at_1000": 0.78746,
    "ndcg_at_20": 0.77085,
    "ndcg_at_3": 0.7371,
    "ndcg_at_5": 0.75175,
    "precision_at_1": 0.67616,
    "precision_at_10": 0.08482,
    "precision_at_100": 0.00938,
    "precision_at_1000": 0.00098,
    "precision_at_20": 0.04402,
    "precision_at_3": 0.25965,
    "precision_at_5": 0.16292,
    "recall_at_1": 0.67616,
    "recall_at_10": 0.84822,
    "recall_at_100": 0.93799,
    "recall_at_1000": 0.98468,
    "recall_at_20": 0.88032,
    "recall_at_3": 0.77896,
    "recall_at_5": 0.81458
  }
}