{
  "dataset_revision": "b4320165e039fec2ed05f4b1ba74e4e9376da070",
  "mteb_dataset_name": "WebFAQ",
  "mteb_version": "1.7.10",
  "test": {
    "evaluation_time": 110.98,
    "map_at_1": 0.7536,
    "map_at_10": 0.80477,
    "map_at_100": 0.80782,
    "map_at_1000": 0.80794,
    "map_at_20": 0.80652,
    "map_at_3": 0.79444,
    "map_at_5": 0.80072,
    "mrr_at_1": 0.75339,
    "mrr_at_10": 0.80448,
    "mrr_at_100": 0.80754,
    "mrr_at_1000": 0.80766,
    "mrr_at_20": 0.80626,
    "mrr_at_3": 0.79406,
    "mrr_at_5": 0.80048,
    "ndcg_at_1": 0.7536,
    "ndcg_at_10": 0.82819,
    "ndcg_at_100": 0.84358,
    "ndcg_at_1000": 0.84665,
    "ndcg_at_20": 0.83458,
    "ndcg_at_3": 0.80716,
    "ndcg_at_5": 0.8184,
    "precision_at_1": 0.7536,
    "precision_at_10": 0.09011,
    "precision_at_100": 0.00974,
    "precision_at_1000": 0.001,
    "precision_at_20": 0.04632,
    "precision_at_3": 0.28126,
    "precision_at_5": 0.17418,
    "recall_at_1": 0.7536,
    "recall_at_10": 0.90113,
    "recall_at_100": 0.97422,
    "recall_at_1000": 0.99814,
    "recall_at_20": 0.92639,
    "recall_at_3": 0.84377,
    "recall_at_5": 0.8709
  }
}