{
  "dataset_revision": "b4320165e039fec2ed05f4b1ba74e4e9376da070",
  "mteb_dataset_name": "WebFAQ",
  "mteb_version": "1.7.10",
  "test": {
    "evaluation_time": 358.83,
    "map_at_1": 0.7264,
    "map_at_10": 0.79129,
    "map_at_100": 0.79499,
    "map_at_1000": 0.79501,
    "map_at_20": 0.79371,
    "map_at_3": 0.777,
    "map_at_5": 0.78529,
    "mrr_at_1": 0.7264,
    "mrr_at_10": 0.79123,
    "mrr_at_100": 0.7949,
    "mrr_at_1000": 0.79492,
    "mrr_at_20": 0.79361,
    "mrr_at_3": 0.7769,
    "mrr_at_5": 0.78516,
    "ndcg_at_1": 0.7264,
    "ndcg_at_10": 0.82237,
    "ndcg_at_100": 0.83947,
    "ndcg_at_1000": 0.83983,
    "ndcg_at_20": 0.83114,
    "ndcg_at_3": 0.79301,
    "ndcg_at_5": 0.8079,
    "precision_at_1": 0.7264,
    "precision_at_10": 0.09198,
    "precision_at_100": 0.00998,
    "precision_at_1000": 0.001,
    "precision_at_20": 0.04772,
    "precision_at_3": 0.27973,
    "precision_at_5": 0.17504,
    "recall_at_1": 0.7264,
    "recall_at_10": 0.9198,
    "recall_at_100": 0.9975,
    "recall_at_1000": 1.0,
    "recall_at_20": 0.9544,
    "recall_at_3": 0.8392,
    "recall_at_5": 0.8752
  }
}