{
  "dataset_revision": "5ad9931726ff26496453bdf21176f765d18fec49",
  "mteb_dataset_name": "WebFAQ",
  "mteb_version": "1.7.10",
  "test": {
    "evaluation_time": 129.22,
    "map_at_1": 0.5482,
    "map_at_10": 0.62061,
    "map_at_100": 0.62832,
    "map_at_1000": 0.62852,
    "map_at_20": 0.62521,
    "map_at_3": 0.60202,
    "map_at_5": 0.61255,
    "mrr_at_1": 0.5482,
    "mrr_at_10": 0.62074,
    "mrr_at_100": 0.62841,
    "mrr_at_1000": 0.62861,
    "mrr_at_20": 0.62532,
    "mrr_at_3": 0.60207,
    "mrr_at_5": 0.61261,
    "ndcg_at_1": 0.5482,
    "ndcg_at_10": 0.65794,
    "ndcg_at_100": 0.69629,
    "ndcg_at_1000": 0.70105,
    "ndcg_at_20": 0.67476,
    "ndcg_at_3": 0.61939,
    "ndcg_at_5": 0.63839,
    "precision_at_1": 0.5482,
    "precision_at_10": 0.07763,
    "precision_at_100": 0.00957,
    "precision_at_1000": 0.00099,
    "precision_at_20": 0.04215,
    "precision_at_3": 0.2232,
    "precision_at_5": 0.14316,
    "recall_at_1": 0.5482,
    "recall_at_10": 0.7763,
    "recall_at_100": 0.9571,
    "recall_at_1000": 0.9933,
    "recall_at_20": 0.8429,
    "recall_at_3": 0.6696,
    "recall_at_5": 0.7158
  }
}