{
  "dataset_revision": "5ad9931726ff26496453bdf21176f765d18fec49",
  "mteb_dataset_name": "WebFAQ",
  "mteb_version": "1.7.10",
  "test": {
    "evaluation_time": 1186.84,
    "map_at_1": 0.5971,
    "map_at_10": 0.66786,
    "map_at_100": 0.67531,
    "map_at_1000": 0.67536,
    "map_at_20": 0.67248,
    "map_at_3": 0.64773,
    "map_at_5": 0.6591,
    "mrr_at_1": 0.5969,
    "mrr_at_10": 0.66776,
    "mrr_at_100": 0.67522,
    "mrr_at_1000": 0.67527,
    "mrr_at_20": 0.67239,
    "mrr_at_3": 0.64768,
    "mrr_at_5": 0.65901,
    "ndcg_at_1": 0.5971,
    "ndcg_at_10": 0.70567,
    "ndcg_at_100": 0.74159,
    "ndcg_at_1000": 0.7426,
    "ndcg_at_20": 0.72263,
    "ndcg_at_3": 0.664,
    "ndcg_at_5": 0.68442,
    "precision_at_1": 0.5971,
    "precision_at_10": 0.08262,
    "precision_at_100": 0.00993,
    "precision_at_1000": 0.001,
    "precision_at_20": 0.04468,
    "precision_at_3": 0.237,
    "precision_at_5": 0.15208,
    "recall_at_1": 0.5971,
    "recall_at_10": 0.8262,
    "recall_at_100": 0.9926,
    "recall_at_1000": 0.9998,
    "recall_at_20": 0.8935,
    "recall_at_3": 0.711,
    "recall_at_5": 0.7604
  }
}