{
  "dataset_revision": "5ad9931726ff26496453bdf21176f765d18fec49",
  "mteb_dataset_name": "WebFAQ",
  "mteb_version": "1.7.10",
  "test": {
    "evaluation_time": 160.68,
    "map_at_1": 0.5434,
    "map_at_10": 0.62014,
    "map_at_100": 0.62847,
    "map_at_1000": 0.62862,
    "map_at_20": 0.62549,
    "map_at_3": 0.59942,
    "map_at_5": 0.61073,
    "mrr_at_1": 0.5438,
    "mrr_at_10": 0.6204,
    "mrr_at_100": 0.62872,
    "mrr_at_1000": 0.62888,
    "mrr_at_20": 0.62575,
    "mrr_at_3": 0.59972,
    "mrr_at_5": 0.611,
    "ndcg_at_1": 0.5434,
    "ndcg_at_10": 0.66058,
    "ndcg_at_100": 0.69993,
    "ndcg_at_1000": 0.70349,
    "ndcg_at_20": 0.6799,
    "ndcg_at_3": 0.61741,
    "ndcg_at_5": 0.63773,
    "precision_at_1": 0.5434,
    "precision_at_10": 0.07893,
    "precision_at_100": 0.0097,
    "precision_at_1000": 0.001,
    "precision_at_20": 0.04327,
    "precision_at_3": 0.22313,
    "precision_at_5": 0.14372,
    "recall_at_1": 0.5434,
    "recall_at_10": 0.7893,
    "recall_at_100": 0.9703,
    "recall_at_1000": 0.9972,
    "recall_at_20": 0.8654,
    "recall_at_3": 0.6694,
    "recall_at_5": 0.7186
  }
}