{
  "dataset_revision": "5ad9931726ff26496453bdf21176f765d18fec49",
  "mteb_dataset_name": "WebFAQ",
  "mteb_version": "1.7.10",
  "test": {
    "evaluation_time": 212.73,
    "map_at_1": 0.4813,
    "map_at_10": 0.55343,
    "map_at_100": 0.56092,
    "map_at_1000": 0.56124,
    "map_at_20": 0.5579,
    "map_at_3": 0.53348,
    "map_at_5": 0.54471,
    "mrr_at_1": 0.4816,
    "mrr_at_10": 0.55372,
    "mrr_at_100": 0.56119,
    "mrr_at_1000": 0.56151,
    "mrr_at_20": 0.55818,
    "mrr_at_3": 0.53377,
    "mrr_at_5": 0.545,
    "ndcg_at_1": 0.4813,
    "ndcg_at_10": 0.59149,
    "ndcg_at_100": 0.62911,
    "ndcg_at_1000": 0.63774,
    "ndcg_at_20": 0.60781,
    "ndcg_at_3": 0.55018,
    "ndcg_at_5": 0.57039,
    "precision_at_1": 0.4813,
    "precision_at_10": 0.07126,
    "precision_at_100": 0.00891,
    "precision_at_1000": 0.00096,
    "precision_at_20": 0.03886,
    "precision_at_3": 0.19947,
    "precision_at_5": 0.12948,
    "recall_at_1": 0.4813,
    "recall_at_10": 0.7126,
    "recall_at_100": 0.8909,
    "recall_at_1000": 0.959,
    "recall_at_20": 0.7772,
    "recall_at_3": 0.5984,
    "recall_at_5": 0.6474
  }
}