{
  "dataset_revision": "5ad9931726ff26496453bdf21176f765d18fec49",
  "mteb_dataset_name": "WebFAQ",
  "mteb_version": "1.7.10",
  "test": {
    "evaluation_time": 161.15,
    "map_at_1": 0.4086,
    "map_at_10": 0.46764,
    "map_at_100": 0.47426,
    "map_at_1000": 0.47485,
    "map_at_20": 0.4711,
    "map_at_3": 0.45257,
    "map_at_5": 0.46106,
    "mrr_at_1": 0.4085,
    "mrr_at_10": 0.46763,
    "mrr_at_100": 0.47426,
    "mrr_at_1000": 0.47485,
    "mrr_at_20": 0.4711,
    "mrr_at_3": 0.45253,
    "mrr_at_5": 0.46105,
    "ndcg_at_1": 0.4086,
    "ndcg_at_10": 0.49801,
    "ndcg_at_100": 0.53402,
    "ndcg_at_1000": 0.5519,
    "ndcg_at_20": 0.51067,
    "ndcg_at_3": 0.46681,
    "ndcg_at_5": 0.48208,
    "precision_at_1": 0.4086,
    "precision_at_10": 0.05942,
    "precision_at_100": 0.00771,
    "precision_at_1000": 0.00092,
    "precision_at_20": 0.03222,
    "precision_at_3": 0.16933,
    "precision_at_5": 0.109,
    "recall_at_1": 0.4086,
    "recall_at_10": 0.5942,
    "recall_at_100": 0.7714,
    "recall_at_1000": 0.9165,
    "recall_at_20": 0.6444,
    "recall_at_3": 0.508,
    "recall_at_5": 0.545
  }
}