{
  "dataset_revision": "b4320165e039fec2ed05f4b1ba74e4e9376da070",
  "mteb_dataset_name": "WebFAQ",
  "mteb_version": "1.7.10",
  "test": {
    "evaluation_time": 205.69,
    "map_at_1": 0.5936,
    "map_at_10": 0.66886,
    "map_at_100": 0.67336,
    "map_at_1000": 0.67358,
    "map_at_20": 0.67171,
    "map_at_3": 0.65232,
    "map_at_5": 0.66213,
    "mrr_at_1": 0.5934,
    "mrr_at_10": 0.66872,
    "mrr_at_100": 0.67321,
    "mrr_at_1000": 0.67344,
    "mrr_at_20": 0.67156,
    "mrr_at_3": 0.65218,
    "mrr_at_5": 0.66199,
    "ndcg_at_1": 0.5936,
    "ndcg_at_10": 0.70509,
    "ndcg_at_100": 0.72712,
    "ndcg_at_1000": 0.73341,
    "ndcg_at_20": 0.71536,
    "ndcg_at_3": 0.67116,
    "ndcg_at_5": 0.68881,
    "precision_at_1": 0.5936,
    "precision_at_10": 0.08186,
    "precision_at_100": 0.00922,
    "precision_at_1000": 0.00097,
    "precision_at_20": 0.04295,
    "precision_at_3": 0.24187,
    "precision_at_5": 0.15368,
    "recall_at_1": 0.5936,
    "recall_at_10": 0.8186,
    "recall_at_100": 0.9222,
    "recall_at_1000": 0.9723,
    "recall_at_20": 0.859,
    "recall_at_3": 0.7256,
    "recall_at_5": 0.7684
  }
}