{
  "dataset_revision": "b4320165e039fec2ed05f4b1ba74e4e9376da070",
  "mteb_dataset_name": "WebFAQ",
  "mteb_version": "1.7.10",
  "test": {
    "evaluation_time": 165.05,
    "map_at_1": 0.6657,
    "map_at_10": 0.73686,
    "map_at_100": 0.74097,
    "map_at_1000": 0.7411,
    "map_at_20": 0.73951,
    "map_at_3": 0.72102,
    "map_at_5": 0.73013,
    "mrr_at_1": 0.6656,
    "mrr_at_10": 0.73677,
    "mrr_at_100": 0.74088,
    "mrr_at_1000": 0.74101,
    "mrr_at_20": 0.73942,
    "mrr_at_3": 0.72095,
    "mrr_at_5": 0.73007,
    "ndcg_at_1": 0.6657,
    "ndcg_at_10": 0.77134,
    "ndcg_at_100": 0.79081,
    "ndcg_at_1000": 0.79405,
    "ndcg_at_20": 0.78082,
    "ndcg_at_3": 0.73871,
    "ndcg_at_5": 0.75505,
    "precision_at_1": 0.6657,
    "precision_at_10": 0.08796,
    "precision_at_100": 0.0097,
    "precision_at_1000": 0.00099,
    "precision_at_20": 0.04584,
    "precision_at_3": 0.26327,
    "precision_at_5": 0.16586,
    "recall_at_1": 0.6657,
    "recall_at_10": 0.8796,
    "recall_at_100": 0.9695,
    "recall_at_1000": 0.9945,
    "recall_at_20": 0.9167,
    "recall_at_3": 0.7898,
    "recall_at_5": 0.8293
  }
}