{
  "dataset_revision": "b4320165e039fec2ed05f4b1ba74e4e9376da070",
  "mteb_dataset_name": "WebFAQ",
  "mteb_version": "1.7.10",
  "test": {
    "evaluation_time": 163.11,
    "map_at_1": 0.6617,
    "map_at_10": 0.73494,
    "map_at_100": 0.73922,
    "map_at_1000": 0.73933,
    "map_at_20": 0.73792,
    "map_at_3": 0.71757,
    "map_at_5": 0.72756,
    "mrr_at_1": 0.6616,
    "mrr_at_10": 0.73487,
    "mrr_at_100": 0.73917,
    "mrr_at_1000": 0.73927,
    "mrr_at_20": 0.73785,
    "mrr_at_3": 0.71745,
    "mrr_at_5": 0.7275,
    "ndcg_at_1": 0.6617,
    "ndcg_at_10": 0.77121,
    "ndcg_at_100": 0.79112,
    "ndcg_at_1000": 0.79379,
    "ndcg_at_20": 0.78202,
    "ndcg_at_3": 0.7354,
    "ndcg_at_5": 0.75339,
    "precision_at_1": 0.6617,
    "precision_at_10": 0.08855,
    "precision_at_100": 0.00977,
    "precision_at_1000": 0.001,
    "precision_at_20": 0.04641,
    "precision_at_3": 0.2623,
    "precision_at_5": 0.1661,
    "recall_at_1": 0.6617,
    "recall_at_10": 0.8855,
    "recall_at_100": 0.9765,
    "recall_at_1000": 0.9972,
    "recall_at_20": 0.9282,
    "recall_at_3": 0.7869,
    "recall_at_5": 0.8305
  }
}