{
  "dataset_revision": "b4320165e039fec2ed05f4b1ba74e4e9376da070",
  "mteb_dataset_name": "WebFAQ",
  "mteb_version": "1.7.10",
  "test": {
    "evaluation_time": 150.04,
    "map_at_1": 0.498,
    "map_at_10": 0.56373,
    "map_at_100": 0.56944,
    "map_at_1000": 0.56986,
    "map_at_20": 0.56707,
    "map_at_3": 0.54787,
    "map_at_5": 0.55735,
    "mrr_at_1": 0.498,
    "mrr_at_10": 0.5637,
    "mrr_at_100": 0.5694,
    "mrr_at_1000": 0.56982,
    "mrr_at_20": 0.56704,
    "mrr_at_3": 0.54783,
    "mrr_at_5": 0.55729,
    "ndcg_at_1": 0.498,
    "ndcg_at_10": 0.59629,
    "ndcg_at_100": 0.6261,
    "ndcg_at_1000": 0.63864,
    "ndcg_at_20": 0.60843,
    "ndcg_at_3": 0.56396,
    "ndcg_at_5": 0.58105,
    "precision_at_1": 0.498,
    "precision_at_10": 0.06986,
    "precision_at_100": 0.00843,
    "precision_at_1000": 0.00094,
    "precision_at_20": 0.03733,
    "precision_at_3": 0.2035,
    "precision_at_5": 0.1304,
    "recall_at_1": 0.498,
    "recall_at_10": 0.6986,
    "recall_at_100": 0.8429,
    "recall_at_1000": 0.9444,
    "recall_at_20": 0.7466,
    "recall_at_3": 0.6105,
    "recall_at_5": 0.652
  }
}