{
  "dataset_revision": "b4320165e039fec2ed05f4b1ba74e4e9376da070",
  "mteb_dataset_name": "WebFAQ",
  "mteb_version": "1.7.10",
  "test": {
    "evaluation_time": 369.98,
    "map_at_1": 0.5763,
    "map_at_10": 0.65458,
    "map_at_100": 0.65914,
    "map_at_1000": 0.6594,
    "map_at_20": 0.65733,
    "map_at_3": 0.6376,
    "map_at_5": 0.64835,
    "mrr_at_1": 0.5761,
    "mrr_at_10": 0.65452,
    "mrr_at_100": 0.65909,
    "mrr_at_1000": 0.65934,
    "mrr_at_20": 0.65728,
    "mrr_at_3": 0.63755,
    "mrr_at_5": 0.64829,
    "ndcg_at_1": 0.5763,
    "ndcg_at_10": 0.69171,
    "ndcg_at_100": 0.71481,
    "ndcg_at_1000": 0.7221,
    "ndcg_at_20": 0.70169,
    "ndcg_at_3": 0.65732,
    "ndcg_at_5": 0.67671,
    "precision_at_1": 0.5763,
    "precision_at_10": 0.08076,
    "precision_at_100": 0.00918,
    "precision_at_1000": 0.00098,
    "precision_at_20": 0.04235,
    "precision_at_3": 0.2381,
    "precision_at_5": 0.15228,
    "recall_at_1": 0.5763,
    "recall_at_10": 0.8076,
    "recall_at_100": 0.9178,
    "recall_at_1000": 0.9761,
    "recall_at_20": 0.847,
    "recall_at_3": 0.7143,
    "recall_at_5": 0.7614
  }
}