{
  "dataset_revision": "b4320165e039fec2ed05f4b1ba74e4e9376da070",
  "mteb_dataset_name": "WebFAQ",
  "mteb_version": "1.7.10",
  "test": {
    "evaluation_time": 289.42,
    "map_at_1": 0.5191,
    "map_at_10": 0.58202,
    "map_at_100": 0.58717,
    "map_at_1000": 0.58755,
    "map_at_20": 0.5851,
    "map_at_3": 0.56665,
    "map_at_5": 0.57578,
    "mrr_at_1": 0.5192,
    "mrr_at_10": 0.58204,
    "mrr_at_100": 0.58718,
    "mrr_at_1000": 0.58756,
    "mrr_at_20": 0.58511,
    "mrr_at_3": 0.56663,
    "mrr_at_5": 0.57579,
    "ndcg_at_1": 0.5191,
    "ndcg_at_10": 0.61344,
    "ndcg_at_100": 0.63961,
    "ndcg_at_1000": 0.65096,
    "ndcg_at_20": 0.62463,
    "ndcg_at_3": 0.58177,
    "ndcg_at_5": 0.59823,
    "precision_at_1": 0.5191,
    "precision_at_10": 0.07126,
    "precision_at_100": 0.00838,
    "precision_at_1000": 0.00093,
    "precision_at_20": 0.03784,
    "precision_at_3": 0.20847,
    "precision_at_5": 0.13308,
    "recall_at_1": 0.5191,
    "recall_at_10": 0.7126,
    "recall_at_100": 0.8377,
    "recall_at_1000": 0.9299,
    "recall_at_20": 0.7568,
    "recall_at_3": 0.6254,
    "recall_at_5": 0.6654
  }
}