{
  "dataset_revision": "b4320165e039fec2ed05f4b1ba74e4e9376da070",
  "mteb_dataset_name": "WebFAQ",
  "mteb_version": "1.7.10",
  "test": {
    "evaluation_time": 330.57,
    "map_at_1": 0.6531,
    "map_at_10": 0.7219,
    "map_at_100": 0.72616,
    "map_at_1000": 0.72635,
    "map_at_20": 0.72442,
    "map_at_3": 0.70655,
    "map_at_5": 0.71575,
    "mrr_at_1": 0.653,
    "mrr_at_10": 0.72189,
    "mrr_at_100": 0.72615,
    "mrr_at_1000": 0.72634,
    "mrr_at_20": 0.72442,
    "mrr_at_3": 0.70655,
    "mrr_at_5": 0.7158,
    "ndcg_at_1": 0.6531,
    "ndcg_at_10": 0.75469,
    "ndcg_at_100": 0.77618,
    "ndcg_at_1000": 0.78095,
    "ndcg_at_20": 0.76383,
    "ndcg_at_3": 0.72333,
    "ndcg_at_5": 0.73991,
    "precision_at_1": 0.6531,
    "precision_at_10": 0.08574,
    "precision_at_100": 0.0096,
    "precision_at_1000": 0.001,
    "precision_at_20": 0.04468,
    "precision_at_3": 0.25723,
    "precision_at_5": 0.16238,
    "recall_at_1": 0.6531,
    "recall_at_10": 0.8574,
    "recall_at_100": 0.9596,
    "recall_at_1000": 0.9966,
    "recall_at_20": 0.8935,
    "recall_at_3": 0.7717,
    "recall_at_5": 0.8119
  }
}