{
  "dataset_revision": "b4320165e039fec2ed05f4b1ba74e4e9376da070",
  "mteb_dataset_name": "WebFAQ",
  "mteb_version": "1.7.10",
  "test": {
    "evaluation_time": 485.74,
    "map_at_1": 0.726,
    "map_at_10": 0.79642,
    "map_at_100": 0.79924,
    "map_at_1000": 0.79931,
    "map_at_20": 0.79839,
    "map_at_3": 0.78168,
    "map_at_5": 0.79115,
    "mrr_at_1": 0.7261,
    "mrr_at_10": 0.79645,
    "mrr_at_100": 0.79928,
    "mrr_at_1000": 0.79935,
    "mrr_at_20": 0.79844,
    "mrr_at_3": 0.78177,
    "mrr_at_5": 0.79116,
    "ndcg_at_1": 0.726,
    "ndcg_at_10": 0.82873,
    "ndcg_at_100": 0.84171,
    "ndcg_at_1000": 0.84328,
    "ndcg_at_20": 0.83576,
    "ndcg_at_3": 0.79918,
    "ndcg_at_5": 0.81615,
    "precision_at_1": 0.726,
    "precision_at_10": 0.09291,
    "precision_at_100": 0.00988,
    "precision_at_1000": 0.001,
    "precision_at_20": 0.04783,
    "precision_at_3": 0.2832,
    "precision_at_5": 0.17812,
    "recall_at_1": 0.726,
    "recall_at_10": 0.9291,
    "recall_at_100": 0.9882,
    "recall_at_1000": 1.0,
    "recall_at_20": 0.9566,
    "recall_at_3": 0.8496,
    "recall_at_5": 0.8906
  }
}