{
  "dataset_revision": "b4320165e039fec2ed05f4b1ba74e4e9376da070",
  "mteb_dataset_name": "WebFAQ",
  "mteb_version": "1.7.10",
  "test": {
    "evaluation_time": 230.24,
    "map_at_1": 0.6731,
    "map_at_10": 0.74386,
    "map_at_100": 0.7475,
    "map_at_1000": 0.74767,
    "map_at_20": 0.74621,
    "map_at_3": 0.72958,
    "map_at_5": 0.73835,
    "mrr_at_1": 0.673,
    "mrr_at_10": 0.74376,
    "mrr_at_100": 0.74741,
    "mrr_at_1000": 0.74757,
    "mrr_at_20": 0.74611,
    "mrr_at_3": 0.72952,
    "mrr_at_5": 0.73828,
    "ndcg_at_1": 0.6731,
    "ndcg_at_10": 0.77627,
    "ndcg_at_100": 0.79377,
    "ndcg_at_1000": 0.79824,
    "ndcg_at_20": 0.78466,
    "ndcg_at_3": 0.74729,
    "ndcg_at_5": 0.76306,
    "precision_at_1": 0.6731,
    "precision_at_10": 0.08771,
    "precision_at_100": 0.00959,
    "precision_at_1000": 0.00099,
    "precision_at_20": 0.0455,
    "precision_at_3": 0.2661,
    "precision_at_5": 0.1673,
    "recall_at_1": 0.6731,
    "recall_at_10": 0.8771,
    "recall_at_100": 0.9585,
    "recall_at_1000": 0.9941,
    "recall_at_20": 0.9099,
    "recall_at_3": 0.7983,
    "recall_at_5": 0.8365
  }
}