{
  "dataset_revision": "95c8db7d4a6e9c1d8a60601afd63d553ae20a2eb",
  "dev": {
    "evaluation_time": 316.88,
    "map_at_1": 0.28829,
    "map_at_10": 0.46749,
    "map_at_100": 0.48457,
    "map_at_1000": 0.48516,
    "map_at_20": 0.47798,
    "map_at_3": 0.40449,
    "map_at_5": 0.443,
    "mrr_at_1": 0.465,
    "mrr_at_10": 0.58619,
    "mrr_at_100": 0.59295,
    "mrr_at_1000": 0.59307,
    "mrr_at_20": 0.59071,
    "mrr_at_3": 0.5575,
    "mrr_at_5": 0.57605,
    "ndcg_at_1": 0.465,
    "ndcg_at_10": 0.55933,
    "ndcg_at_100": 0.61732,
    "ndcg_at_1000": 0.62651,
    "ndcg_at_20": 0.58679,
    "ndcg_at_3": 0.46866,
    "ndcg_at_5": 0.51625,
    "precision_at_1": 0.465,
    "precision_at_10": 0.1292,
    "precision_at_100": 0.01745,
    "precision_at_1000": 0.00187,
    "precision_at_20": 0.0737,
    "precision_at_3": 0.28167,
    "precision_at_5": 0.212,
    "recall_at_1": 0.28829,
    "recall_at_10": 0.70075,
    "recall_at_100": 0.92098,
    "recall_at_1000": 0.97813,
    "recall_at_20": 0.78975,
    "recall_at_3": 0.48635,
    "recall_at_5": 0.59203
  },
  "mteb_dataset_name": "MIRACLRetrievalHardNegatives",
  "mteb_version": "1.7.10"
}