{
  "dataset_revision": "95c8db7d4a6e9c1d8a60601afd63d553ae20a2eb",
  "dev": {
    "evaluation_time": 1595.32,
    "map_at_1": 0.41178,
    "map_at_10": 0.63733,
    "map_at_100": 0.65047,
    "map_at_1000": 0.65072,
    "map_at_20": 0.64603,
    "map_at_3": 0.57522,
    "map_at_5": 0.6121,
    "mrr_at_1": 0.647,
    "mrr_at_10": 0.75066,
    "mrr_at_100": 0.75379,
    "mrr_at_1000": 0.75383,
    "mrr_at_20": 0.75293,
    "mrr_at_3": 0.73417,
    "mrr_at_5": 0.74442,
    "ndcg_at_1": 0.647,
    "ndcg_at_10": 0.71944,
    "ndcg_at_100": 0.75819,
    "ndcg_at_1000": 0.76195,
    "ndcg_at_20": 0.73997,
    "ndcg_at_3": 0.6423,
    "ndcg_at_5": 0.68129,
    "precision_at_1": 0.647,
    "precision_at_10": 0.1545,
    "precision_at_100": 0.01864,
    "precision_at_1000": 0.00192,
    "precision_at_20": 0.0843,
    "precision_at_3": 0.376,
    "precision_at_5": 0.2656,
    "recall_at_1": 0.41178,
    "recall_at_10": 0.83625,
    "recall_at_100": 0.9756,
    "recall_at_1000": 0.99867,
    "recall_at_20": 0.90082,
    "recall_at_3": 0.65744,
    "recall_at_5": 0.74441
  },
  "mteb_dataset_name": "MIRACLRetrievalHardNegatives",
  "mteb_version": "1.7.10"
}