{
  "dataset_revision": "95c8db7d4a6e9c1d8a60601afd63d553ae20a2eb",
  "dev": {
    "evaluation_time": 244.97,
    "map_at_1": 0.42869,
    "map_at_10": 0.66441,
    "map_at_100": 0.67761,
    "map_at_1000": 0.67779,
    "map_at_20": 0.67334,
    "map_at_3": 0.60368,
    "map_at_5": 0.64099,
    "mrr_at_1": 0.685,
    "mrr_at_10": 0.78359,
    "mrr_at_100": 0.78607,
    "mrr_at_1000": 0.78611,
    "mrr_at_20": 0.78557,
    "mrr_at_3": 0.77017,
    "mrr_at_5": 0.77812,
    "ndcg_at_1": 0.685,
    "ndcg_at_10": 0.74631,
    "ndcg_at_100": 0.78222,
    "ndcg_at_1000": 0.7847,
    "ndcg_at_20": 0.76605,
    "ndcg_at_3": 0.67365,
    "ndcg_at_5": 0.71053,
    "precision_at_1": 0.685,
    "precision_at_10": 0.1586,
    "precision_at_100": 0.01887,
    "precision_at_1000": 0.00192,
    "precision_at_20": 0.0862,
    "precision_at_3": 0.396,
    "precision_at_5": 0.277,
    "recall_at_1": 0.42869,
    "recall_at_10": 0.85799,
    "recall_at_100": 0.98383,
    "recall_at_1000": 0.9995,
    "recall_at_20": 0.91922,
    "recall_at_3": 0.69024,
    "recall_at_5": 0.77148
  },
  "mteb_dataset_name": "MIRACLRetrievalHardNegatives",
  "mteb_version": "1.7.10"
}