{
  "dataset_revision": "95c8db7d4a6e9c1d8a60601afd63d553ae20a2eb",
  "dev": {
    "evaluation_time": 320.5,
    "map_at_1": 0.20075,
    "map_at_10": 0.33783,
    "map_at_100": 0.35548,
    "map_at_1000": 0.35651,
    "map_at_20": 0.34824,
    "map_at_3": 0.29069,
    "map_at_5": 0.31888,
    "mrr_at_1": 0.329,
    "mrr_at_10": 0.44633,
    "mrr_at_100": 0.45491,
    "mrr_at_1000": 0.45518,
    "mrr_at_20": 0.45185,
    "mrr_at_3": 0.41533,
    "mrr_at_5": 0.43338,
    "ndcg_at_1": 0.329,
    "ndcg_at_10": 0.42068,
    "ndcg_at_100": 0.48836,
    "ndcg_at_1000": 0.5085,
    "ndcg_at_20": 0.45014,
    "ndcg_at_3": 0.34382,
    "ndcg_at_5": 0.38169,
    "precision_at_1": 0.329,
    "precision_at_10": 0.1002,
    "precision_at_100": 0.01545,
    "precision_at_1000": 0.00182,
    "precision_at_20": 0.05955,
    "precision_at_3": 0.209,
    "precision_at_5": 0.1598,
    "recall_at_1": 0.20075,
    "recall_at_10": 0.55042,
    "recall_at_100": 0.81609,
    "recall_at_1000": 0.95048,
    "recall_at_20": 0.64791,
    "recall_at_3": 0.36617,
    "recall_at_5": 0.44905
  },
  "mteb_dataset_name": "MIRACLRetrievalHardNegatives",
  "mteb_version": "1.7.10"
}