{
  "dataset_revision": "95c8db7d4a6e9c1d8a60601afd63d553ae20a2eb",
  "dev": {
    "evaluation_time": 434.25,
    "map_at_1": 0.44404,
    "map_at_10": 0.65485,
    "map_at_100": 0.66842,
    "map_at_1000": 0.66869,
    "map_at_20": 0.66425,
    "map_at_3": 0.59409,
    "map_at_5": 0.63217,
    "mrr_at_1": 0.689,
    "mrr_at_10": 0.77767,
    "mrr_at_100": 0.78036,
    "mrr_at_1000": 0.78041,
    "mrr_at_20": 0.77974,
    "mrr_at_3": 0.76183,
    "mrr_at_5": 0.77243,
    "ndcg_at_1": 0.689,
    "ndcg_at_10": 0.73463,
    "ndcg_at_100": 0.77299,
    "ndcg_at_1000": 0.77673,
    "ndcg_at_20": 0.75576,
    "ndcg_at_3": 0.6589,
    "ndcg_at_5": 0.6994,
    "precision_at_1": 0.689,
    "precision_at_10": 0.154,
    "precision_at_100": 0.01861,
    "precision_at_1000": 0.00191,
    "precision_at_20": 0.08465,
    "precision_at_3": 0.378,
    "precision_at_5": 0.268,
    "recall_at_1": 0.44404,
    "recall_at_10": 0.83616,
    "recall_at_100": 0.97302,
    "recall_at_1000": 0.99583,
    "recall_at_20": 0.90168,
    "recall_at_3": 0.66015,
    "recall_at_5": 0.74978
  },
  "mteb_dataset_name": "MIRACLRetrievalHardNegatives",
  "mteb_version": "1.7.10"
}