{
  "dataset_revision": "fc24a3ce8f09746410daee3d5cd823ff7a0675b7",
  "mteb_dataset_name": "MrTidyRetrieval",
  "mteb_version": "1.7.10",
  "test": {
    "evaluation_time": 2553.83,
    "map_at_1": 0.1349,
    "map_at_10": 0.20253,
    "map_at_100": 0.21201,
    "map_at_1000": 0.21286,
    "map_at_20": 0.20796,
    "map_at_3": 0.17869,
    "map_at_5": 0.19217,
    "mrr_at_1": 0.14514,
    "mrr_at_10": 0.21369,
    "mrr_at_100": 0.22273,
    "mrr_at_1000": 0.22346,
    "mrr_at_20": 0.21892,
    "mrr_at_3": 0.18913,
    "mrr_at_5": 0.20336,
    "ndcg_at_1": 0.14514,
    "ndcg_at_10": 0.24426,
    "ndcg_at_100": 0.29253,
    "ndcg_at_1000": 0.31752,
    "ndcg_at_20": 0.2636,
    "ndcg_at_3": 0.19523,
    "ndcg_at_5": 0.21986,
    "precision_at_1": 0.14514,
    "precision_at_10": 0.04011,
    "precision_at_100": 0.00663,
    "precision_at_1000": 0.0009,
    "precision_at_20": 0.02444,
    "precision_at_3": 0.08373,
    "precision_at_5": 0.06332,
    "recall_at_1": 0.1349,
    "recall_at_10": 0.3643,
    "recall_at_100": 0.59024,
    "recall_at_1000": 0.78668,
    "recall_at_20": 0.43793,
    "recall_at_3": 0.23339,
    "recall_at_5": 0.29213
  }
}