{
  "dataset_revision": "fc24a3ce8f09746410daee3d5cd823ff7a0675b7",
  "mteb_dataset_name": "MrTidyRetrieval",
  "mteb_version": "1.7.10",
  "test": {
    "evaluation_time": 2551.7,
    "map_at_1": 0.20654,
    "map_at_10": 0.32103,
    "map_at_100": 0.33129,
    "map_at_1000": 0.33185,
    "map_at_20": 0.32739,
    "map_at_3": 0.28338,
    "map_at_5": 0.30564,
    "mrr_at_1": 0.22568,
    "mrr_at_10": 0.33949,
    "mrr_at_100": 0.34804,
    "mrr_at_1000": 0.3485,
    "mrr_at_20": 0.34496,
    "mrr_at_3": 0.30582,
    "mrr_at_5": 0.325,
    "ndcg_at_1": 0.22568,
    "ndcg_at_10": 0.38681,
    "ndcg_at_100": 0.43367,
    "ndcg_at_1000": 0.44837,
    "ndcg_at_20": 0.40815,
    "ndcg_at_3": 0.31328,
    "ndcg_at_5": 0.35083,
    "precision_at_1": 0.22568,
    "precision_at_10": 0.06483,
    "precision_at_100": 0.00906,
    "precision_at_1000": 0.00104,
    "precision_at_20": 0.03732,
    "precision_at_3": 0.14035,
    "precision_at_5": 0.1051,
    "recall_at_1": 0.20654,
    "recall_at_10": 0.57297,
    "recall_at_100": 0.78363,
    "recall_at_1000": 0.89673,
    "recall_at_20": 0.65284,
    "recall_at_3": 0.37799,
    "recall_at_5": 0.46518
  }
}