{
  "dataset_revision": "fc24a3ce8f09746410daee3d5cd823ff7a0675b7",
  "mteb_dataset_name": "MrTidyRetrieval",
  "mteb_version": "1.7.10",
  "test": {
    "evaluation_time": 7709.34,
    "map_at_1": 0.44631,
    "map_at_10": 0.5811,
    "map_at_100": 0.58773,
    "map_at_1000": 0.58798,
    "map_at_20": 0.58552,
    "map_at_3": 0.55354,
    "map_at_5": 0.57059,
    "mrr_at_1": 0.48325,
    "mrr_at_10": 0.59713,
    "mrr_at_100": 0.60216,
    "mrr_at_1000": 0.60235,
    "mrr_at_20": 0.60043,
    "mrr_at_3": 0.5739,
    "mrr_at_5": 0.58885,
    "ndcg_at_1": 0.48325,
    "ndcg_at_10": 0.63888,
    "ndcg_at_100": 0.66632,
    "ndcg_at_1000": 0.67226,
    "ndcg_at_20": 0.6527,
    "ndcg_at_3": 0.58625,
    "ndcg_at_5": 0.61555,
    "precision_at_1": 0.48325,
    "precision_at_10": 0.09123,
    "precision_at_100": 0.01061,
    "precision_at_1000": 0.00111,
    "precision_at_20": 0.0488,
    "precision_at_3": 0.24747,
    "precision_at_5": 0.16523,
    "recall_at_1": 0.44631,
    "recall_at_10": 0.79785,
    "recall_at_100": 0.91667,
    "recall_at_1000": 0.96212,
    "recall_at_20": 0.84848,
    "recall_at_3": 0.66002,
    "recall_at_5": 0.729
  }
}