{
  "dataset_revision": "fc24a3ce8f09746410daee3d5cd823ff7a0675b7",
  "mteb_dataset_name": "MrTidyRetrieval",
  "mteb_version": "1.7.10",
  "test": {
    "evaluation_time": 1870.84,
    "map_at_1": 0.4689,
    "map_at_10": 0.60579,
    "map_at_100": 0.61227,
    "map_at_1000": 0.61247,
    "map_at_20": 0.61027,
    "map_at_3": 0.57527,
    "map_at_5": 0.59345,
    "mrr_at_1": 0.50718,
    "mrr_at_10": 0.62214,
    "mrr_at_100": 0.6273,
    "mrr_at_1000": 0.62746,
    "mrr_at_20": 0.6258,
    "mrr_at_3": 0.59862,
    "mrr_at_5": 0.61301,
    "ndcg_at_1": 0.50718,
    "ndcg_at_10": 0.66403,
    "ndcg_at_100": 0.69155,
    "ndcg_at_1000": 0.69628,
    "ndcg_at_20": 0.67891,
    "ndcg_at_3": 0.60811,
    "ndcg_at_5": 0.63758,
    "precision_at_1": 0.50718,
    "precision_at_10": 0.09418,
    "precision_at_100": 0.01091,
    "precision_at_1000": 0.00113,
    "precision_at_20": 0.05048,
    "precision_at_3": 0.25279,
    "precision_at_5": 0.16922,
    "recall_at_1": 0.4689,
    "recall_at_10": 0.82363,
    "recall_at_100": 0.94325,
    "recall_at_1000": 0.97927,
    "recall_at_20": 0.87972,
    "recall_at_3": 0.67969,
    "recall_at_5": 0.74628
  }
}