{
  "dataset_revision": "fc24a3ce8f09746410daee3d5cd823ff7a0675b7",
  "mteb_dataset_name": "MrTidyRetrieval",
  "mteb_version": "1.7.10",
  "test": {
    "evaluation_time": 14960.31,
    "map_at_1": 0.43262,
    "map_at_10": 0.57307,
    "map_at_100": 0.5794,
    "map_at_1000": 0.57962,
    "map_at_20": 0.57717,
    "map_at_3": 0.54368,
    "map_at_5": 0.56158,
    "mrr_at_1": 0.46651,
    "mrr_at_10": 0.59,
    "mrr_at_100": 0.59482,
    "mrr_at_1000": 0.59498,
    "mrr_at_20": 0.59321,
    "mrr_at_3": 0.56632,
    "mrr_at_5": 0.58083,
    "ndcg_at_1": 0.46651,
    "ndcg_at_10": 0.63237,
    "ndcg_at_100": 0.66023,
    "ndcg_at_1000": 0.66602,
    "ndcg_at_20": 0.64609,
    "ndcg_at_3": 0.57848,
    "ndcg_at_5": 0.6075,
    "precision_at_1": 0.46651,
    "precision_at_10": 0.09043,
    "precision_at_100": 0.01061,
    "precision_at_1000": 0.00111,
    "precision_at_20": 0.04841,
    "precision_at_3": 0.24482,
    "precision_at_5": 0.16316,
    "recall_at_1": 0.43262,
    "recall_at_10": 0.79399,
    "recall_at_100": 0.91773,
    "recall_at_1000": 0.96292,
    "recall_at_20": 0.84596,
    "recall_at_3": 0.65577,
    "recall_at_5": 0.72182
  }
}