{
  "dataset_revision": "95c8db7d4a6e9c1d8a60601afd63d553ae20a2eb",
  "dev": {
    "evaluation_time": 59.01,
    "map_at_1": 0.38541,
    "map_at_10": 0.56222,
    "map_at_100": 0.58578,
    "map_at_1000": 0.58688,
    "map_at_20": 0.57539,
    "map_at_3": 0.50186,
    "map_at_5": 0.53173,
    "mrr_at_1": 0.6338,
    "mrr_at_10": 0.73776,
    "mrr_at_100": 0.73971,
    "mrr_at_1000": 0.73983,
    "mrr_at_20": 0.73914,
    "mrr_at_3": 0.71831,
    "mrr_at_5": 0.73005,
    "ndcg_at_1": 0.6338,
    "ndcg_at_10": 0.65791,
    "ndcg_at_100": 0.71768,
    "ndcg_at_1000": 0.72695,
    "ndcg_at_20": 0.68279,
    "ndcg_at_3": 0.61889,
    "ndcg_at_5": 0.62441,
    "precision_at_1": 0.6338,
    "precision_at_10": 0.16432,
    "precision_at_100": 0.0239,
    "precision_at_1000": 0.00256,
    "precision_at_20": 0.09437,
    "precision_at_3": 0.36933,
    "precision_at_5": 0.26479,
    "recall_at_1": 0.38541,
    "recall_at_10": 0.75296,
    "recall_at_100": 0.94712,
    "recall_at_1000": 0.99531,
    "recall_at_20": 0.82316,
    "recall_at_3": 0.57146,
    "recall_at_5": 0.64419
  },
  "mteb_dataset_name": "MIRACLRetrievalHardNegatives",
  "mteb_version": "1.7.10"
}