{
  "dataset_revision": "95c8db7d4a6e9c1d8a60601afd63d553ae20a2eb",
  "dev": {
    "evaluation_time": 123.09,
    "map_at_1": 0.3844,
    "map_at_10": 0.55132,
    "map_at_100": 0.5765,
    "map_at_1000": 0.57732,
    "map_at_20": 0.56552,
    "map_at_3": 0.48798,
    "map_at_5": 0.5228,
    "mrr_at_1": 0.61502,
    "mrr_at_10": 0.71222,
    "mrr_at_100": 0.71645,
    "mrr_at_1000": 0.7165,
    "mrr_at_20": 0.71516,
    "mrr_at_3": 0.69171,
    "mrr_at_5": 0.70344,
    "ndcg_at_1": 0.61502,
    "ndcg_at_10": 0.63898,
    "ndcg_at_100": 0.70701,
    "ndcg_at_1000": 0.71491,
    "ndcg_at_20": 0.66842,
    "ndcg_at_3": 0.59442,
    "ndcg_at_5": 0.60915,
    "precision_at_1": 0.61502,
    "precision_at_10": 0.16056,
    "precision_at_100": 0.02413,
    "precision_at_1000": 0.00256,
    "precision_at_20": 0.0946,
    "precision_at_3": 0.34272,
    "precision_at_5": 0.25915,
    "recall_at_1": 0.3844,
    "recall_at_10": 0.72244,
    "recall_at_100": 0.95265,
    "recall_at_1000": 0.99531,
    "recall_at_20": 0.80557,
    "recall_at_3": 0.54545,
    "recall_at_5": 0.62301
  },
  "mteb_dataset_name": "MIRACLRetrievalHardNegatives",
  "mteb_version": "1.7.10"
}