{
  "dataset_revision": "95c8db7d4a6e9c1d8a60601afd63d553ae20a2eb",
  "dev": {
    "evaluation_time": 351.41,
    "map_at_1": 0.35897,
    "map_at_10": 0.54503,
    "map_at_100": 0.57234,
    "map_at_1000": 0.57298,
    "map_at_20": 0.56172,
    "map_at_3": 0.47444,
    "map_at_5": 0.51425,
    "mrr_at_1": 0.59155,
    "mrr_at_10": 0.70596,
    "mrr_at_100": 0.70922,
    "mrr_at_1000": 0.70929,
    "mrr_at_20": 0.70816,
    "mrr_at_3": 0.68232,
    "mrr_at_5": 0.69757,
    "ndcg_at_1": 0.59155,
    "ndcg_at_10": 0.64309,
    "ndcg_at_100": 0.70535,
    "ndcg_at_1000": 0.71296,
    "ndcg_at_20": 0.67306,
    "ndcg_at_3": 0.5913,
    "ndcg_at_5": 0.61163,
    "precision_at_1": 0.59155,
    "precision_at_10": 0.16948,
    "precision_at_100": 0.02432,
    "precision_at_1000": 0.00255,
    "precision_at_20": 0.09906,
    "precision_at_3": 0.35837,
    "precision_at_5": 0.26854,
    "recall_at_1": 0.35897,
    "recall_at_10": 0.75041,
    "recall_at_100": 0.94781,
    "recall_at_1000": 0.99202,
    "recall_at_20": 0.83374,
    "recall_at_3": 0.54653,
    "recall_at_5": 0.65261
  },
  "mteb_dataset_name": "MIRACLRetrievalHardNegatives",
  "mteb_version": "1.7.10"
}