{
  "dataset_revision": "95c8db7d4a6e9c1d8a60601afd63d553ae20a2eb",
  "dev": {
    "evaluation_time": 84.06,
    "map_at_1": 0.20192,
    "map_at_10": 0.32281,
    "map_at_100": 0.34396,
    "map_at_1000": 0.34604,
    "map_at_20": 0.33495,
    "map_at_3": 0.27489,
    "map_at_5": 0.30022,
    "mrr_at_1": 0.34742,
    "mrr_at_10": 0.46118,
    "mrr_at_100": 0.47066,
    "mrr_at_1000": 0.47095,
    "mrr_at_20": 0.46867,
    "mrr_at_3": 0.41862,
    "mrr_at_5": 0.44703,
    "ndcg_at_1": 0.34742,
    "ndcg_at_10": 0.41194,
    "ndcg_at_100": 0.48691,
    "ndcg_at_1000": 0.51364,
    "ndcg_at_20": 0.44593,
    "ndcg_at_3": 0.35004,
    "ndcg_at_5": 0.37608,
    "precision_at_1": 0.34742,
    "precision_at_10": 0.1061,
    "precision_at_100": 0.01845,
    "precision_at_1000": 0.0024,
    "precision_at_20": 0.06573,
    "precision_at_3": 0.20657,
    "precision_at_5": 0.1615,
    "recall_at_1": 0.20192,
    "recall_at_10": 0.54154,
    "recall_at_100": 0.80492,
    "recall_at_1000": 0.94617,
    "recall_at_20": 0.6474,
    "recall_at_3": 0.34288,
    "recall_at_5": 0.43401
  },
  "mteb_dataset_name": "MIRACLRetrievalHardNegatives",
  "mteb_version": "1.7.10"
}