{
  "dataset_revision": "95c8db7d4a6e9c1d8a60601afd63d553ae20a2eb",
  "dev": {
    "evaluation_time": 84.78,
    "map_at_1": 0.1903,
    "map_at_10": 0.30987,
    "map_at_100": 0.33248,
    "map_at_1000": 0.33452,
    "map_at_20": 0.32298,
    "map_at_3": 0.26241,
    "map_at_5": 0.28899,
    "mrr_at_1": 0.28638,
    "mrr_at_10": 0.42082,
    "mrr_at_100": 0.43034,
    "mrr_at_1000": 0.43059,
    "mrr_at_20": 0.42736,
    "mrr_at_3": 0.38341,
    "mrr_at_5": 0.40548,
    "ndcg_at_1": 0.28638,
    "ndcg_at_10": 0.39284,
    "ndcg_at_100": 0.47157,
    "ndcg_at_1000": 0.49864,
    "ndcg_at_20": 0.42719,
    "ndcg_at_3": 0.32521,
    "ndcg_at_5": 0.3557,
    "precision_at_1": 0.28638,
    "precision_at_10": 0.10657,
    "precision_at_100": 0.01887,
    "precision_at_1000": 0.00241,
    "precision_at_20": 0.06643,
    "precision_at_3": 0.19718,
    "precision_at_5": 0.15493,
    "recall_at_1": 0.1903,
    "recall_at_10": 0.51962,
    "recall_at_100": 0.79836,
    "recall_at_1000": 0.953,
    "recall_at_20": 0.62643,
    "recall_at_3": 0.331,
    "recall_at_5": 0.41791
  },
  "mteb_dataset_name": "MIRACLRetrievalHardNegatives",
  "mteb_version": "1.7.10"
}