{
  "dataset_revision": "fc24a3ce8f09746410daee3d5cd823ff7a0675b7",
  "mteb_dataset_name": "MrTidyRetrieval",
  "mteb_version": "1.7.10",
  "test": {
    "evaluation_time": 12097.91,
    "map_at_1": 0.39272,
    "map_at_10": 0.49952,
    "map_at_100": 0.50823,
    "map_at_1000": 0.50861,
    "map_at_20": 0.50509,
    "map_at_3": 0.4684,
    "map_at_5": 0.48815,
    "mrr_at_1": 0.4228,
    "mrr_at_10": 0.52214,
    "mrr_at_100": 0.52889,
    "mrr_at_1000": 0.52918,
    "mrr_at_20": 0.52675,
    "mrr_at_3": 0.49406,
    "mrr_at_5": 0.51259,
    "ndcg_at_1": 0.4228,
    "ndcg_at_10": 0.55578,
    "ndcg_at_100": 0.59383,
    "ndcg_at_1000": 0.60395,
    "ndcg_at_20": 0.5747,
    "ndcg_at_3": 0.4958,
    "ndcg_at_5": 0.53053,
    "precision_at_1": 0.4228,
    "precision_at_10": 0.07957,
    "precision_at_100": 0.01017,
    "precision_at_1000": 0.00111,
    "precision_at_20": 0.04454,
    "precision_at_3": 0.20269,
    "precision_at_5": 0.14109,
    "recall_at_1": 0.39272,
    "recall_at_10": 0.70625,
    "recall_at_100": 0.87173,
    "recall_at_1000": 0.95012,
    "recall_at_20": 0.77672,
    "recall_at_3": 0.55028,
    "recall_at_5": 0.63222
  }
}