{
  "dataset_revision": "fc24a3ce8f09746410daee3d5cd823ff7a0675b7",
  "mteb_dataset_name": "MrTidyRetrieval",
  "mteb_version": "1.7.10",
  "test": {
    "evaluation_time": 5258.02,
    "map_at_1": 0.38836,
    "map_at_10": 0.50553,
    "map_at_100": 0.51348,
    "map_at_1000": 0.51388,
    "map_at_20": 0.51026,
    "map_at_3": 0.47816,
    "map_at_5": 0.4954,
    "mrr_at_1": 0.42043,
    "mrr_at_10": 0.53103,
    "mrr_at_100": 0.53675,
    "mrr_at_1000": 0.53708,
    "mrr_at_20": 0.53474,
    "mrr_at_3": 0.50792,
    "mrr_at_5": 0.52063,
    "ndcg_at_1": 0.42043,
    "ndcg_at_10": 0.56464,
    "ndcg_at_100": 0.59861,
    "ndcg_at_1000": 0.60804,
    "ndcg_at_20": 0.57975,
    "ndcg_at_3": 0.51325,
    "ndcg_at_5": 0.54051,
    "precision_at_1": 0.42043,
    "precision_at_10": 0.08076,
    "precision_at_100": 0.01007,
    "precision_at_1000": 0.00109,
    "precision_at_20": 0.04418,
    "precision_at_3": 0.21615,
    "precision_at_5": 0.14537,
    "recall_at_1": 0.38836,
    "recall_at_10": 0.71971,
    "recall_at_100": 0.86659,
    "recall_at_1000": 0.93666,
    "recall_at_20": 0.77395,
    "recall_at_3": 0.58591,
    "recall_at_5": 0.64766
  }
}