{
  "dataset_revision": "fc24a3ce8f09746410daee3d5cd823ff7a0675b7",
  "mteb_dataset_name": "MrTidyRetrieval",
  "mteb_version": "1.7.10",
  "test": {
    "evaluation_time": 2078.72,
    "map_at_1": 0.22288,
    "map_at_10": 0.30096,
    "map_at_100": 0.30866,
    "map_at_1000": 0.30939,
    "map_at_20": 0.30496,
    "map_at_3": 0.27672,
    "map_at_5": 0.28866,
    "mrr_at_1": 0.2399,
    "mrr_at_10": 0.32017,
    "mrr_at_100": 0.32665,
    "mrr_at_1000": 0.32726,
    "mrr_at_20": 0.32348,
    "mrr_at_3": 0.29572,
    "mrr_at_5": 0.30808,
    "ndcg_at_1": 0.2399,
    "ndcg_at_10": 0.34823,
    "ndcg_at_100": 0.38625,
    "ndcg_at_1000": 0.40761,
    "ndcg_at_20": 0.36138,
    "ndcg_at_3": 0.29745,
    "ndcg_at_5": 0.31884,
    "precision_at_1": 0.2399,
    "precision_at_10": 0.05297,
    "precision_at_100": 0.00753,
    "precision_at_1000": 0.00095,
    "precision_at_20": 0.02981,
    "precision_at_3": 0.12272,
    "precision_at_5": 0.08551,
    "recall_at_1": 0.22288,
    "recall_at_10": 0.47743,
    "recall_at_100": 0.65202,
    "recall_at_1000": 0.82106,
    "recall_at_20": 0.52534,
    "recall_at_3": 0.33927,
    "recall_at_5": 0.38915
  }
}