{
  "dataset_revision": "fc24a3ce8f09746410daee3d5cd823ff7a0675b7",
  "mteb_dataset_name": "MrTidyRetrieval",
  "mteb_version": "1.7.10",
  "test": {
    "evaluation_time": 1505.39,
    "map_at_1": 0.43072,
    "map_at_10": 0.54105,
    "map_at_100": 0.54955,
    "map_at_1000": 0.54994,
    "map_at_20": 0.5473,
    "map_at_3": 0.51273,
    "map_at_5": 0.53203,
    "mrr_at_1": 0.46556,
    "mrr_at_10": 0.56787,
    "mrr_at_100": 0.57367,
    "mrr_at_1000": 0.57399,
    "mrr_at_20": 0.57212,
    "mrr_at_3": 0.54473,
    "mrr_at_5": 0.55958,
    "ndcg_at_1": 0.46556,
    "ndcg_at_10": 0.59488,
    "ndcg_at_100": 0.63005,
    "ndcg_at_1000": 0.63947,
    "ndcg_at_20": 0.61456,
    "ndcg_at_3": 0.54326,
    "ndcg_at_5": 0.57409,
    "precision_at_1": 0.46556,
    "precision_at_10": 0.0829,
    "precision_at_100": 0.01031,
    "precision_at_1000": 0.00111,
    "precision_at_20": 0.04608,
    "precision_at_3": 0.22011,
    "precision_at_5": 0.15012,
    "recall_at_1": 0.43072,
    "recall_at_10": 0.73159,
    "recall_at_100": 0.8844,
    "recall_at_1000": 0.95606,
    "recall_at_20": 0.80483,
    "recall_at_3": 0.60135,
    "recall_at_5": 0.67063
  }
}