{
  "dataset_revision": "fc24a3ce8f09746410daee3d5cd823ff7a0675b7",
  "mteb_dataset_name": "MrTidyRetrieval",
  "mteb_version": "1.7.10",
  "test": {
    "evaluation_time": 2073.61,
    "map_at_1": 0.18131,
    "map_at_10": 0.23859,
    "map_at_100": 0.24507,
    "map_at_1000": 0.24582,
    "map_at_20": 0.24152,
    "map_at_3": 0.2209,
    "map_at_5": 0.22971,
    "mrr_at_1": 0.2019,
    "mrr_at_10": 0.26249,
    "mrr_at_100": 0.26871,
    "mrr_at_1000": 0.26936,
    "mrr_at_20": 0.26536,
    "mrr_at_3": 0.24466,
    "mrr_at_5": 0.25356,
    "ndcg_at_1": 0.2019,
    "ndcg_at_10": 0.277,
    "ndcg_at_100": 0.31437,
    "ndcg_at_1000": 0.33691,
    "ndcg_at_20": 0.28716,
    "ndcg_at_3": 0.23985,
    "ndcg_at_5": 0.25539,
    "precision_at_1": 0.2019,
    "precision_at_10": 0.04181,
    "precision_at_100": 0.00637,
    "precision_at_1000": 0.00085,
    "precision_at_20": 0.02316,
    "precision_at_3": 0.10135,
    "precision_at_5": 0.06888,
    "recall_at_1": 0.18131,
    "recall_at_10": 0.3749,
    "recall_at_100": 0.55859,
    "recall_at_1000": 0.73634,
    "recall_at_20": 0.41291,
    "recall_at_3": 0.27276,
    "recall_at_5": 0.30918
  }
}