{
  "dataset_revision": "b4320165e039fec2ed05f4b1ba74e4e9376da070",
  "mteb_dataset_name": "WebFAQ",
  "mteb_version": "1.7.10",
  "test": {
    "evaluation_time": 107.91,
    "map_at_1": 0.75379,
    "map_at_10": 0.81057,
    "map_at_100": 0.81306,
    "map_at_1000": 0.81318,
    "map_at_20": 0.81214,
    "map_at_3": 0.79912,
    "map_at_5": 0.80592,
    "mrr_at_1": 0.75367,
    "mrr_at_10": 0.81044,
    "mrr_at_100": 0.81295,
    "mrr_at_1000": 0.81307,
    "mrr_at_20": 0.81202,
    "mrr_at_3": 0.79898,
    "mrr_at_5": 0.80586,
    "ndcg_at_1": 0.75379,
    "ndcg_at_10": 0.8367,
    "ndcg_at_100": 0.84915,
    "ndcg_at_1000": 0.85196,
    "ndcg_at_20": 0.84247,
    "ndcg_at_3": 0.81336,
    "ndcg_at_5": 0.82555,
    "precision_at_1": 0.75379,
    "precision_at_10": 0.09181,
    "precision_at_100": 0.00977,
    "precision_at_1000": 0.001,
    "precision_at_20": 0.04705,
    "precision_at_3": 0.2848,
    "precision_at_5": 0.17677,
    "recall_at_1": 0.75379,
    "recall_at_10": 0.9181,
    "recall_at_100": 0.977,
    "recall_at_1000": 0.99848,
    "recall_at_20": 0.94098,
    "recall_at_3": 0.8544,
    "recall_at_5": 0.88385
  }
}