{
  "dataset_revision": "b4320165e039fec2ed05f4b1ba74e4e9376da070",
  "mteb_dataset_name": "WebFAQ",
  "mteb_version": "1.7.10",
  "test": {
    "evaluation_time": 155.84,
    "map_at_1": 0.6542,
    "map_at_10": 0.72262,
    "map_at_100": 0.72646,
    "map_at_1000": 0.72663,
    "map_at_20": 0.72494,
    "map_at_3": 0.70823,
    "map_at_5": 0.71681,
    "mrr_at_1": 0.65382,
    "mrr_at_10": 0.72242,
    "mrr_at_100": 0.72625,
    "mrr_at_1000": 0.72643,
    "mrr_at_20": 0.72474,
    "mrr_at_3": 0.708,
    "mrr_at_5": 0.71661,
    "ndcg_at_1": 0.6542,
    "ndcg_at_10": 0.75456,
    "ndcg_at_100": 0.77395,
    "ndcg_at_1000": 0.77861,
    "ndcg_at_20": 0.76304,
    "ndcg_at_3": 0.72515,
    "ndcg_at_5": 0.74061,
    "precision_at_1": 0.6542,
    "precision_at_10": 0.08543,
    "precision_at_100": 0.00947,
    "precision_at_1000": 0.00098,
    "precision_at_20": 0.04439,
    "precision_at_3": 0.25796,
    "precision_at_5": 0.16229,
    "recall_at_1": 0.6542,
    "recall_at_10": 0.85427,
    "recall_at_100": 0.94654,
    "recall_at_1000": 0.98357,
    "recall_at_20": 0.88789,
    "recall_at_3": 0.77389,
    "recall_at_5": 0.81143
  }
}