{
  "dataset_revision": "5ad9931726ff26496453bdf21176f765d18fec49",
  "mteb_dataset_name": "WebFAQ",
  "mteb_version": "1.7.10",
  "test": {
    "evaluation_time": 139.67,
    "map_at_1": 0.6356,
    "map_at_10": 0.70072,
    "map_at_100": 0.70492,
    "map_at_1000": 0.70515,
    "map_at_20": 0.70332,
    "map_at_3": 0.68683,
    "map_at_5": 0.69477,
    "mrr_at_1": 0.6353,
    "mrr_at_10": 0.70058,
    "mrr_at_100": 0.70478,
    "mrr_at_1000": 0.70501,
    "mrr_at_20": 0.70318,
    "mrr_at_3": 0.68663,
    "mrr_at_5": 0.69462,
    "ndcg_at_1": 0.6356,
    "ndcg_at_10": 0.73175,
    "ndcg_at_100": 0.75271,
    "ndcg_at_1000": 0.75937,
    "ndcg_at_20": 0.74112,
    "ndcg_at_3": 0.70321,
    "ndcg_at_5": 0.71751,
    "precision_at_1": 0.6356,
    "precision_at_10": 0.08289,
    "precision_at_100": 0.00928,
    "precision_at_1000": 0.00098,
    "precision_at_20": 0.04329,
    "precision_at_3": 0.25017,
    "precision_at_5": 0.15704,
    "recall_at_1": 0.6356,
    "recall_at_10": 0.8289,
    "recall_at_100": 0.9282,
    "recall_at_1000": 0.9816,
    "recall_at_20": 0.8657,
    "recall_at_3": 0.7505,
    "recall_at_5": 0.7852
  }
}