{
  "dataset_revision": "5ad9931726ff26496453bdf21176f765d18fec49",
  "mteb_dataset_name": "WebFAQ",
  "mteb_version": "1.7.10",
  "test": {
    "evaluation_time": 105.17,
    "map_at_1": 0.7336,
    "map_at_10": 0.79772,
    "map_at_100": 0.80051,
    "map_at_1000": 0.8006,
    "map_at_20": 0.79947,
    "map_at_3": 0.78483,
    "map_at_5": 0.79291,
    "mrr_at_1": 0.7334,
    "mrr_at_10": 0.79764,
    "mrr_at_100": 0.80043,
    "mrr_at_1000": 0.80052,
    "mrr_at_20": 0.79939,
    "mrr_at_3": 0.78473,
    "mrr_at_5": 0.79282,
    "ndcg_at_1": 0.7336,
    "ndcg_at_10": 0.82694,
    "ndcg_at_100": 0.84048,
    "ndcg_at_1000": 0.84272,
    "ndcg_at_20": 0.83319,
    "ndcg_at_3": 0.80088,
    "ndcg_at_5": 0.81541,
    "precision_at_1": 0.7336,
    "precision_at_10": 0.09177,
    "precision_at_100": 0.00981,
    "precision_at_1000": 0.001,
    "precision_at_20": 0.04711,
    "precision_at_3": 0.28237,
    "precision_at_5": 0.17646,
    "recall_at_1": 0.7336,
    "recall_at_10": 0.9177,
    "recall_at_100": 0.981,
    "recall_at_1000": 0.9986,
    "recall_at_20": 0.9422,
    "recall_at_3": 0.8471,
    "recall_at_5": 0.8823
  }
}