{
  "dataset_revision": "b4320165e039fec2ed05f4b1ba74e4e9376da070",
  "mteb_dataset_name": "WebFAQ",
  "mteb_version": "1.7.10",
  "test": {
    "evaluation_time": 84.75,
    "map_at_1": 0.74697,
    "map_at_10": 0.80642,
    "map_at_100": 0.80914,
    "map_at_1000": 0.80923,
    "map_at_20": 0.80811,
    "map_at_3": 0.79487,
    "map_at_5": 0.80203,
    "mrr_at_1": 0.74671,
    "mrr_at_10": 0.80627,
    "mrr_at_100": 0.80901,
    "mrr_at_1000": 0.8091,
    "mrr_at_20": 0.80797,
    "mrr_at_3": 0.79472,
    "mrr_at_5": 0.80189,
    "ndcg_at_1": 0.74697,
    "ndcg_at_10": 0.83346,
    "ndcg_at_100": 0.84666,
    "ndcg_at_1000": 0.84911,
    "ndcg_at_20": 0.8395,
    "ndcg_at_3": 0.81,
    "ndcg_at_5": 0.82289,
    "precision_at_1": 0.74697,
    "precision_at_10": 0.09175,
    "precision_at_100": 0.00979,
    "precision_at_1000": 0.001,
    "precision_at_20": 0.04706,
    "precision_at_3": 0.28455,
    "precision_at_5": 0.17697,
    "recall_at_1": 0.74697,
    "recall_at_10": 0.91747,
    "recall_at_100": 0.97902,
    "recall_at_1000": 0.99848,
    "recall_at_20": 0.9411,
    "recall_at_3": 0.85364,
    "recall_at_5": 0.88486
  }
}