{
  "dataset_revision": "b4320165e039fec2ed05f4b1ba74e4e9376da070",
  "mteb_dataset_name": "WebFAQ",
  "mteb_version": "1.7.10",
  "test": {
    "evaluation_time": 112.36,
    "map_at_1": 0.6566,
    "map_at_10": 0.71648,
    "map_at_100": 0.72026,
    "map_at_1000": 0.72051,
    "map_at_20": 0.71875,
    "map_at_3": 0.70442,
    "map_at_5": 0.71166,
    "mrr_at_1": 0.65609,
    "mrr_at_10": 0.71616,
    "mrr_at_100": 0.71995,
    "mrr_at_1000": 0.7202,
    "mrr_at_20": 0.71844,
    "mrr_at_3": 0.70412,
    "mrr_at_5": 0.71133,
    "ndcg_at_1": 0.6566,
    "ndcg_at_10": 0.74419,
    "ndcg_at_100": 0.76375,
    "ndcg_at_1000": 0.77104,
    "ndcg_at_20": 0.75243,
    "ndcg_at_3": 0.71948,
    "ndcg_at_5": 0.73254,
    "precision_at_1": 0.6566,
    "precision_at_10": 0.08306,
    "precision_at_100": 0.00925,
    "precision_at_1000": 0.00098,
    "precision_at_20": 0.04316,
    "precision_at_3": 0.2543,
    "precision_at_5": 0.15892,
    "recall_at_1": 0.6566,
    "recall_at_10": 0.83064,
    "recall_at_100": 0.92505,
    "recall_at_1000": 0.98332,
    "recall_at_20": 0.86312,
    "recall_at_3": 0.76289,
    "recall_at_5": 0.79462
  }
}