{
  "dataset_revision": "5ad9931726ff26496453bdf21176f765d18fec49",
  "mteb_dataset_name": "WebFAQ",
  "mteb_version": "1.7.10",
  "test": {
    "evaluation_time": 174.29,
    "map_at_1": 0.638,
    "map_at_10": 0.70984,
    "map_at_100": 0.71414,
    "map_at_1000": 0.71432,
    "map_at_20": 0.71257,
    "map_at_3": 0.69412,
    "map_at_5": 0.70393,
    "mrr_at_1": 0.6376,
    "mrr_at_10": 0.7096,
    "mrr_at_100": 0.71389,
    "mrr_at_1000": 0.71406,
    "mrr_at_20": 0.71231,
    "mrr_at_3": 0.6938,
    "mrr_at_5": 0.70362,
    "ndcg_at_1": 0.638,
    "ndcg_at_10": 0.74374,
    "ndcg_at_100": 0.76484,
    "ndcg_at_1000": 0.76959,
    "ndcg_at_20": 0.75364,
    "ndcg_at_3": 0.7118,
    "ndcg_at_5": 0.72952,
    "precision_at_1": 0.638,
    "precision_at_10": 0.08496,
    "precision_at_100": 0.00949,
    "precision_at_1000": 0.00099,
    "precision_at_20": 0.04444,
    "precision_at_3": 0.25427,
    "precision_at_5": 0.16118,
    "recall_at_1": 0.638,
    "recall_at_10": 0.8496,
    "recall_at_100": 0.9488,
    "recall_at_1000": 0.9864,
    "recall_at_20": 0.8887,
    "recall_at_3": 0.7628,
    "recall_at_5": 0.8059
  }
}