{
  "dataset_revision": "5ad9931726ff26496453bdf21176f765d18fec49",
  "mteb_dataset_name": "WebFAQ",
  "mteb_version": "1.7.10",
  "test": {
    "evaluation_time": 849.02,
    "map_at_1": 0.7636,
    "map_at_10": 0.82825,
    "map_at_100": 0.8305,
    "map_at_1000": 0.83053,
    "map_at_20": 0.82993,
    "map_at_3": 0.81463,
    "map_at_5": 0.82337,
    "mrr_at_1": 0.7632,
    "mrr_at_10": 0.828,
    "mrr_at_100": 0.83027,
    "mrr_at_1000": 0.8303,
    "mrr_at_20": 0.82969,
    "mrr_at_3": 0.8144,
    "mrr_at_5": 0.82311,
    "ndcg_at_1": 0.7636,
    "ndcg_at_10": 0.858,
    "ndcg_at_100": 0.86784,
    "ndcg_at_1000": 0.86861,
    "ndcg_at_20": 0.86404,
    "ndcg_at_3": 0.83067,
    "ndcg_at_5": 0.84633,
    "precision_at_1": 0.7636,
    "precision_at_10": 0.09505,
    "precision_at_100": 0.00994,
    "precision_at_1000": 0.001,
    "precision_at_20": 0.04871,
    "precision_at_3": 0.2923,
    "precision_at_5": 0.18294,
    "recall_at_1": 0.7636,
    "recall_at_10": 0.9505,
    "recall_at_100": 0.994,
    "recall_at_1000": 1.0,
    "recall_at_20": 0.9742,
    "recall_at_3": 0.8769,
    "recall_at_5": 0.9147
  }
}