{
  "dataset_revision": "5ad9931726ff26496453bdf21176f765d18fec49",
  "mteb_dataset_name": "WebFAQ",
  "mteb_version": "1.7.10",
  "test": {
    "evaluation_time": 136.49,
    "map_at_1": 0.7234,
    "map_at_10": 0.78576,
    "map_at_100": 0.78886,
    "map_at_1000": 0.78895,
    "map_at_20": 0.78779,
    "map_at_3": 0.77163,
    "map_at_5": 0.78039,
    "mrr_at_1": 0.7233,
    "mrr_at_10": 0.78573,
    "mrr_at_100": 0.78882,
    "mrr_at_1000": 0.78891,
    "mrr_at_20": 0.78775,
    "mrr_at_3": 0.77162,
    "mrr_at_5": 0.78035,
    "ndcg_at_1": 0.7234,
    "ndcg_at_10": 0.81559,
    "ndcg_at_100": 0.83068,
    "ndcg_at_1000": 0.83308,
    "ndcg_at_20": 0.82296,
    "ndcg_at_3": 0.78687,
    "ndcg_at_5": 0.80262,
    "precision_at_1": 0.7234,
    "precision_at_10": 0.0909,
    "precision_at_100": 0.0098,
    "precision_at_1000": 0.001,
    "precision_at_20": 0.04691,
    "precision_at_3": 0.27693,
    "precision_at_5": 0.1738,
    "recall_at_1": 0.7234,
    "recall_at_10": 0.909,
    "recall_at_100": 0.9797,
    "recall_at_1000": 0.9985,
    "recall_at_20": 0.9381,
    "recall_at_3": 0.8308,
    "recall_at_5": 0.869
  }
}