{
  "dataset_revision": "b4320165e039fec2ed05f4b1ba74e4e9376da070",
  "mteb_dataset_name": "WebFAQ",
  "mteb_version": "1.7.10",
  "test": {
    "evaluation_time": 269.38,
    "map_at_1": 0.78994,
    "map_at_10": 0.84849,
    "map_at_100": 0.85057,
    "map_at_1000": 0.85061,
    "map_at_20": 0.85005,
    "map_at_3": 0.83845,
    "map_at_5": 0.84486,
    "mrr_at_1": 0.78969,
    "mrr_at_10": 0.84829,
    "mrr_at_100": 0.85041,
    "mrr_at_1000": 0.85045,
    "mrr_at_20": 0.84988,
    "mrr_at_3": 0.83833,
    "mrr_at_5": 0.84466,
    "ndcg_at_1": 0.78994,
    "ndcg_at_10": 0.87388,
    "ndcg_at_100": 0.88295,
    "ndcg_at_1000": 0.88397,
    "ndcg_at_20": 0.87952,
    "ndcg_at_3": 0.85375,
    "ndcg_at_5": 0.86525,
    "precision_at_1": 0.78994,
    "precision_at_10": 0.0952,
    "precision_at_100": 0.00992,
    "precision_at_1000": 0.001,
    "precision_at_20": 0.04871,
    "precision_at_3": 0.29929,
    "precision_at_5": 0.18514,
    "recall_at_1": 0.78994,
    "recall_at_10": 0.95197,
    "recall_at_100": 0.99204,
    "recall_at_1000": 1.0,
    "recall_at_20": 0.97422,
    "recall_at_3": 0.89788,
    "recall_at_5": 0.92568
  }
}