{
  "dataset_revision": "95c8db7d4a6e9c1d8a60601afd63d553ae20a2eb",
  "dev": {
    "evaluation_time": 318.23,
    "map_at_1": 0.31023,
    "map_at_10": 0.52955,
    "map_at_100": 0.5584,
    "map_at_1000": 0.55926,
    "map_at_20": 0.54732,
    "map_at_3": 0.45145,
    "map_at_5": 0.4937,
    "mrr_at_1": 0.59,
    "mrr_at_10": 0.71505,
    "mrr_at_100": 0.71806,
    "mrr_at_1000": 0.71811,
    "mrr_at_20": 0.71748,
    "mrr_at_3": 0.69383,
    "mrr_at_5": 0.70823,
    "ndcg_at_1": 0.59,
    "ndcg_at_10": 0.63506,
    "ndcg_at_100": 0.70612,
    "ndcg_at_1000": 0.71329,
    "ndcg_at_20": 0.66999,
    "ndcg_at_3": 0.57305,
    "ndcg_at_5": 0.5939,
    "precision_at_1": 0.59,
    "precision_at_10": 0.1836,
    "precision_at_100": 0.0269,
    "precision_at_1000": 0.00283,
    "precision_at_20": 0.1092,
    "precision_at_3": 0.38233,
    "precision_at_5": 0.289,
    "recall_at_1": 0.31023,
    "recall_at_10": 0.73829,
    "recall_at_100": 0.96192,
    "recall_at_1000": 0.99758,
    "recall_at_20": 0.83225,
    "recall_at_3": 0.52956,
    "recall_at_5": 0.62455
  },
  "mteb_dataset_name": "MIRACLRetrievalHardNegatives",
  "mteb_version": "1.7.10"
}