{
  "dataset_revision": "95c8db7d4a6e9c1d8a60601afd63d553ae20a2eb",
  "dev": {
    "evaluation_time": 401.74,
    "map_at_1": 0.16445,
    "map_at_10": 0.29376,
    "map_at_100": 0.32425,
    "map_at_1000": 0.32589,
    "map_at_20": 0.30973,
    "map_at_3": 0.24026,
    "map_at_5": 0.26831,
    "mrr_at_1": 0.318,
    "mrr_at_10": 0.44454,
    "mrr_at_100": 0.45534,
    "mrr_at_1000": 0.45552,
    "mrr_at_20": 0.45192,
    "mrr_at_3": 0.41117,
    "mrr_at_5": 0.43132,
    "ndcg_at_1": 0.318,
    "ndcg_at_10": 0.38487,
    "ndcg_at_100": 0.48706,
    "ndcg_at_1000": 0.50732,
    "ndcg_at_20": 0.42646,
    "ndcg_at_3": 0.31922,
    "ndcg_at_5": 0.34512,
    "precision_at_1": 0.318,
    "precision_at_10": 0.1201,
    "precision_at_100": 0.02325,
    "precision_at_1000": 0.0027,
    "precision_at_20": 0.07855,
    "precision_at_3": 0.21867,
    "precision_at_5": 0.1746,
    "recall_at_1": 0.16445,
    "recall_at_10": 0.48691,
    "recall_at_100": 0.84084,
    "recall_at_1000": 0.95318,
    "recall_at_20": 0.60873,
    "recall_at_3": 0.30169,
    "recall_at_5": 0.383
  },
  "mteb_dataset_name": "MIRACLRetrievalHardNegatives",
  "mteb_version": "1.7.10"
}