{
  "dataset_revision": "95c8db7d4a6e9c1d8a60601afd63d553ae20a2eb",
  "dev": {
    "evaluation_time": 406.68,
    "map_at_1": 0.12045,
    "map_at_10": 0.21751,
    "map_at_100": 0.24517,
    "map_at_1000": 0.24726,
    "map_at_20": 0.23142,
    "map_at_3": 0.17546,
    "map_at_5": 0.19555,
    "mrr_at_1": 0.229,
    "mrr_at_10": 0.33946,
    "mrr_at_100": 0.352,
    "mrr_at_1000": 0.35233,
    "mrr_at_20": 0.34791,
    "mrr_at_3": 0.301,
    "mrr_at_5": 0.3218,
    "ndcg_at_1": 0.229,
    "ndcg_at_10": 0.29587,
    "ndcg_at_100": 0.39935,
    "ndcg_at_1000": 0.42857,
    "ndcg_at_20": 0.33531,
    "ndcg_at_3": 0.23361,
    "ndcg_at_5": 0.25486,
    "precision_at_1": 0.229,
    "precision_at_10": 0.0937,
    "precision_at_100": 0.021,
    "precision_at_1000": 0.00263,
    "precision_at_20": 0.0644,
    "precision_at_3": 0.15867,
    "precision_at_5": 0.1286,
    "recall_at_1": 0.12045,
    "recall_at_10": 0.39612,
    "recall_at_100": 0.76132,
    "recall_at_1000": 0.92643,
    "recall_at_20": 0.51138,
    "recall_at_3": 0.22408,
    "recall_at_5": 0.28795
  },
  "mteb_dataset_name": "MIRACLRetrievalHardNegatives",
  "mteb_version": "1.7.10"
}