{
  "dataset_revision": "95c8db7d4a6e9c1d8a60601afd63d553ae20a2eb",
  "dev": {
    "evaluation_time": 565.05,
    "map_at_1": 0.30795,
    "map_at_10": 0.53413,
    "map_at_100": 0.56262,
    "map_at_1000": 0.56331,
    "map_at_20": 0.55054,
    "map_at_3": 0.45564,
    "map_at_5": 0.49824,
    "mrr_at_1": 0.607,
    "mrr_at_10": 0.72198,
    "mrr_at_100": 0.7249,
    "mrr_at_1000": 0.72494,
    "mrr_at_20": 0.72384,
    "mrr_at_3": 0.70017,
    "mrr_at_5": 0.71367,
    "ndcg_at_1": 0.607,
    "ndcg_at_10": 0.63903,
    "ndcg_at_100": 0.70937,
    "ndcg_at_1000": 0.71586,
    "ndcg_at_20": 0.67056,
    "ndcg_at_3": 0.58007,
    "ndcg_at_5": 0.59781,
    "precision_at_1": 0.607,
    "precision_at_10": 0.1862,
    "precision_at_100": 0.02698,
    "precision_at_1000": 0.00282,
    "precision_at_20": 0.1086,
    "precision_at_3": 0.39367,
    "precision_at_5": 0.2966,
    "recall_at_1": 0.30795,
    "recall_at_10": 0.73789,
    "recall_at_100": 0.9629,
    "recall_at_1000": 0.99663,
    "recall_at_20": 0.8232,
    "recall_at_3": 0.52668,
    "recall_at_5": 0.62039
  },
  "mteb_dataset_name": "MIRACLRetrievalHardNegatives",
  "mteb_version": "1.7.10"
}