{
  "dataset_revision": "95c8db7d4a6e9c1d8a60601afd63d553ae20a2eb",
  "dev": {
    "evaluation_time": 1818.61,
    "map_at_1": 0.31529,
    "map_at_10": 0.54904,
    "map_at_100": 0.57718,
    "map_at_1000": 0.57795,
    "map_at_20": 0.56672,
    "map_at_3": 0.46562,
    "map_at_5": 0.51393,
    "mrr_at_1": 0.619,
    "mrr_at_10": 0.73533,
    "mrr_at_100": 0.73816,
    "mrr_at_1000": 0.73819,
    "mrr_at_20": 0.73725,
    "mrr_at_3": 0.71733,
    "mrr_at_5": 0.72853,
    "ndcg_at_1": 0.619,
    "ndcg_at_10": 0.6537,
    "ndcg_at_100": 0.72037,
    "ndcg_at_1000": 0.72717,
    "ndcg_at_20": 0.68701,
    "ndcg_at_3": 0.59488,
    "ndcg_at_5": 0.61523,
    "precision_at_1": 0.619,
    "precision_at_10": 0.191,
    "precision_at_100": 0.02693,
    "precision_at_1000": 0.00283,
    "precision_at_20": 0.1122,
    "precision_at_3": 0.403,
    "precision_at_5": 0.307,
    "recall_at_1": 0.31529,
    "recall_at_10": 0.75375,
    "recall_at_100": 0.96312,
    "recall_at_1000": 0.99762,
    "recall_at_20": 0.84321,
    "recall_at_3": 0.54077,
    "recall_at_5": 0.63998
  },
  "mteb_dataset_name": "MIRACLRetrievalHardNegatives",
  "mteb_version": "1.7.10"
}