{
  "dataset_revision": "fc24a3ce8f09746410daee3d5cd823ff7a0675b7",
  "mteb_dataset_name": "MrTidyRetrieval",
  "mteb_version": "1.7.10",
  "test": {
    "evaluation_time": 13441.05,
    "map_at_1": 0.16516,
    "map_at_10": 0.24461,
    "map_at_100": 0.25499,
    "map_at_1000": 0.2557,
    "map_at_20": 0.25063,
    "map_at_3": 0.21669,
    "map_at_5": 0.23285,
    "mrr_at_1": 0.1809,
    "mrr_at_10": 0.26311,
    "mrr_at_100": 0.27196,
    "mrr_at_1000": 0.27255,
    "mrr_at_20": 0.26823,
    "mrr_at_3": 0.23618,
    "mrr_at_5": 0.25156,
    "ndcg_at_1": 0.1809,
    "ndcg_at_10": 0.29453,
    "ndcg_at_100": 0.3444,
    "ndcg_at_1000": 0.36336,
    "ndcg_at_20": 0.31482,
    "ndcg_at_3": 0.2383,
    "ndcg_at_5": 0.26666,
    "precision_at_1": 0.1809,
    "precision_at_10": 0.04925,
    "precision_at_100": 0.00768,
    "precision_at_1000": 0.00094,
    "precision_at_20": 0.02925,
    "precision_at_3": 0.10586,
    "precision_at_5": 0.07839,
    "recall_at_1": 0.16516,
    "recall_at_10": 0.43166,
    "recall_at_100": 0.66114,
    "recall_at_1000": 0.80771,
    "recall_at_20": 0.50804,
    "recall_at_3": 0.28191,
    "recall_at_5": 0.34925
  }
}