{
  "dataset_revision": "fc24a3ce8f09746410daee3d5cd823ff7a0675b7",
  "mteb_dataset_name": "MrTidyRetrieval",
  "mteb_version": "1.7.10",
  "test": {
    "evaluation_time": 9925.94,
    "map_at_1": 0.42881,
    "map_at_10": 0.58501,
    "map_at_100": 0.59119,
    "map_at_1000": 0.59138,
    "map_at_20": 0.58945,
    "map_at_3": 0.54827,
    "map_at_5": 0.57278,
    "mrr_at_1": 0.46734,
    "mrr_at_10": 0.60686,
    "mrr_at_100": 0.61124,
    "mrr_at_1000": 0.61139,
    "mrr_at_20": 0.61001,
    "mrr_at_3": 0.57856,
    "mrr_at_5": 0.59735,
    "ndcg_at_1": 0.46734,
    "ndcg_at_10": 0.65418,
    "ndcg_at_100": 0.6788,
    "ndcg_at_1000": 0.68296,
    "ndcg_at_20": 0.66829,
    "ndcg_at_3": 0.58856,
    "ndcg_at_5": 0.62842,
    "precision_at_1": 0.46734,
    "precision_at_10": 0.09638,
    "precision_at_100": 0.01101,
    "precision_at_1000": 0.00114,
    "precision_at_20": 0.05156,
    "precision_at_3": 0.25193,
    "precision_at_5": 0.17387,
    "recall_at_1": 0.42881,
    "recall_at_10": 0.84003,
    "recall_at_100": 0.94439,
    "recall_at_1000": 0.97437,
    "recall_at_20": 0.89229,
    "recall_at_3": 0.67487,
    "recall_at_5": 0.767
  }
}