{
  "dataset_revision": "fc24a3ce8f09746410daee3d5cd823ff7a0675b7",
  "mteb_dataset_name": "MrTidyRetrieval",
  "mteb_version": "1.7.10",
  "test": {
    "evaluation_time": 17911.96,
    "map_at_1": 0.41709,
    "map_at_10": 0.56781,
    "map_at_100": 0.57371,
    "map_at_1000": 0.57391,
    "map_at_20": 0.57191,
    "map_at_3": 0.53099,
    "map_at_5": 0.55327,
    "mrr_at_1": 0.45628,
    "mrr_at_10": 0.58883,
    "mrr_at_100": 0.5931,
    "mrr_at_1000": 0.59323,
    "mrr_at_20": 0.59184,
    "mrr_at_3": 0.55829,
    "mrr_at_5": 0.57799,
    "ndcg_at_1": 0.45628,
    "ndcg_at_10": 0.63666,
    "ndcg_at_100": 0.66085,
    "ndcg_at_1000": 0.66557,
    "ndcg_at_20": 0.64999,
    "ndcg_at_3": 0.56831,
    "ndcg_at_5": 0.60569,
    "precision_at_1": 0.45628,
    "precision_at_10": 0.09437,
    "precision_at_100": 0.01083,
    "precision_at_1000": 0.00113,
    "precision_at_20": 0.0506,
    "precision_at_3": 0.24322,
    "precision_at_5": 0.16643,
    "recall_at_1": 0.41709,
    "recall_at_10": 0.82479,
    "recall_at_100": 0.92797,
    "recall_at_1000": 0.96332,
    "recall_at_20": 0.87404,
    "recall_at_3": 0.64925,
    "recall_at_5": 0.73534
  }
}