{
  "dataset_revision": "fc24a3ce8f09746410daee3d5cd823ff7a0675b7",
  "mteb_dataset_name": "MrTidyRetrieval",
  "mteb_version": "1.7.10",
  "test": {
    "evaluation_time": 13220.61,
    "map_at_1": 0.12127,
    "map_at_10": 0.18472,
    "map_at_100": 0.19395,
    "map_at_1000": 0.19477,
    "map_at_20": 0.18966,
    "map_at_3": 0.16309,
    "map_at_5": 0.1753,
    "mrr_at_1": 0.13568,
    "mrr_at_10": 0.2004,
    "mrr_at_100": 0.20928,
    "mrr_at_1000": 0.20995,
    "mrr_at_20": 0.20538,
    "mrr_at_3": 0.17856,
    "mrr_at_5": 0.19027,
    "ndcg_at_1": 0.13568,
    "ndcg_at_10": 0.22509,
    "ndcg_at_100": 0.27231,
    "ndcg_at_1000": 0.29444,
    "ndcg_at_20": 0.24277,
    "ndcg_at_3": 0.18108,
    "ndcg_at_5": 0.20252,
    "precision_at_1": 0.13568,
    "precision_at_10": 0.03769,
    "precision_at_100": 0.00635,
    "precision_at_1000": 0.00085,
    "precision_at_20": 0.02271,
    "precision_at_3": 0.08107,
    "precision_at_5": 0.0599,
    "recall_at_1": 0.12127,
    "recall_at_10": 0.33618,
    "recall_at_100": 0.55662,
    "recall_at_1000": 0.72697,
    "recall_at_20": 0.40369,
    "recall_at_3": 0.2191,
    "recall_at_5": 0.26985
  }
}