{
  "dataset_revision": "fc24a3ce8f09746410daee3d5cd823ff7a0675b7",
  "mteb_dataset_name": "MrTidyRetrieval",
  "mteb_version": "1.7.10",
  "test": {
    "evaluation_time": 82285.79,
    "map_at_1": 0.41441,
    "map_at_10": 0.55778,
    "map_at_100": 0.56483,
    "map_at_1000": 0.56506,
    "map_at_20": 0.56231,
    "map_at_3": 0.52554,
    "map_at_5": 0.54615,
    "mrr_at_1": 0.45628,
    "mrr_at_10": 0.57951,
    "mrr_at_100": 0.58498,
    "mrr_at_1000": 0.58515,
    "mrr_at_20": 0.58295,
    "mrr_at_3": 0.55126,
    "mrr_at_5": 0.57065,
    "ndcg_at_1": 0.45628,
    "ndcg_at_10": 0.62302,
    "ndcg_at_100": 0.65348,
    "ndcg_at_1000": 0.65856,
    "ndcg_at_20": 0.63773,
    "ndcg_at_3": 0.56251,
    "ndcg_at_5": 0.59811,
    "precision_at_1": 0.45628,
    "precision_at_10": 0.09156,
    "precision_at_100": 0.01085,
    "precision_at_1000": 0.00113,
    "precision_at_20": 0.04925,
    "precision_at_3": 0.24188,
    "precision_at_5": 0.16462,
    "recall_at_1": 0.41441,
    "recall_at_10": 0.79933,
    "recall_at_100": 0.9325,
    "recall_at_1000": 0.96935,
    "recall_at_20": 0.8541,
    "recall_at_3": 0.64456,
    "recall_at_5": 0.72747
  }
}