{
  "dataset_revision": "b4320165e039fec2ed05f4b1ba74e4e9376da070",
  "mteb_dataset_name": "WebFAQ",
  "mteb_version": "1.7.10",
  "test": {
    "evaluation_time": 1592.91,
    "map_at_1": 0.6091,
    "map_at_10": 0.68764,
    "map_at_100": 0.69306,
    "map_at_1000": 0.69324,
    "map_at_20": 0.69112,
    "map_at_3": 0.66845,
    "map_at_5": 0.68033,
    "mrr_at_1": 0.609,
    "mrr_at_10": 0.68756,
    "mrr_at_100": 0.69296,
    "mrr_at_1000": 0.69314,
    "mrr_at_20": 0.69102,
    "mrr_at_3": 0.66837,
    "mrr_at_5": 0.68024,
    "ndcg_at_1": 0.6091,
    "ndcg_at_10": 0.72615,
    "ndcg_at_100": 0.75229,
    "ndcg_at_1000": 0.75639,
    "ndcg_at_20": 0.73857,
    "ndcg_at_3": 0.6874,
    "ndcg_at_5": 0.70867,
    "precision_at_1": 0.6091,
    "precision_at_10": 0.0847,
    "precision_at_100": 0.00969,
    "precision_at_1000": 0.001,
    "precision_at_20": 0.04478,
    "precision_at_3": 0.24737,
    "precision_at_5": 0.15868,
    "recall_at_1": 0.6091,
    "recall_at_10": 0.847,
    "recall_at_100": 0.969,
    "recall_at_1000": 0.9999,
    "recall_at_20": 0.8956,
    "recall_at_3": 0.7421,
    "recall_at_5": 0.7934
  }
}