{
  "dataset_revision": "b4320165e039fec2ed05f4b1ba74e4e9376da070",
  "mteb_dataset_name": "WebFAQ",
  "mteb_version": "1.7.10",
  "test": {
    "evaluation_time": 647.93,
    "map_at_1": 0.4709,
    "map_at_10": 0.5467,
    "map_at_100": 0.55291,
    "map_at_1000": 0.55335,
    "map_at_20": 0.55037,
    "map_at_3": 0.52762,
    "map_at_5": 0.53877,
    "mrr_at_1": 0.471,
    "mrr_at_10": 0.54673,
    "mrr_at_100": 0.55294,
    "mrr_at_1000": 0.55338,
    "mrr_at_20": 0.55038,
    "mrr_at_3": 0.52762,
    "mrr_at_5": 0.5388,
    "ndcg_at_1": 0.4709,
    "ndcg_at_10": 0.58526,
    "ndcg_at_100": 0.61685,
    "ndcg_at_1000": 0.62921,
    "ndcg_at_20": 0.59854,
    "ndcg_at_3": 0.54603,
    "ndcg_at_5": 0.56611,
    "precision_at_1": 0.4709,
    "precision_at_10": 0.07071,
    "precision_at_100": 0.00858,
    "precision_at_1000": 0.00096,
    "precision_at_20": 0.03797,
    "precision_at_3": 0.19977,
    "precision_at_5": 0.1296,
    "recall_at_1": 0.4709,
    "recall_at_10": 0.7071,
    "recall_at_100": 0.858,
    "recall_at_1000": 0.9568,
    "recall_at_20": 0.7594,
    "recall_at_3": 0.5993,
    "recall_at_5": 0.648
  }
}