{
  "dataset_revision": "b4320165e039fec2ed05f4b1ba74e4e9376da070",
  "mteb_dataset_name": "WebFAQ",
  "mteb_version": "1.7.10",
  "test": {
    "evaluation_time": 479.03,
    "map_at_1": 0.5186,
    "map_at_10": 0.59074,
    "map_at_100": 0.59737,
    "map_at_1000": 0.59776,
    "map_at_20": 0.59469,
    "map_at_3": 0.57125,
    "map_at_5": 0.58248,
    "mrr_at_1": 0.5185,
    "mrr_at_10": 0.59066,
    "mrr_at_100": 0.59727,
    "mrr_at_1000": 0.59767,
    "mrr_at_20": 0.59459,
    "mrr_at_3": 0.57113,
    "mrr_at_5": 0.58246,
    "ndcg_at_1": 0.5186,
    "ndcg_at_10": 0.62823,
    "ndcg_at_100": 0.6621,
    "ndcg_at_1000": 0.6724,
    "ndcg_at_20": 0.64257,
    "ndcg_at_3": 0.58816,
    "ndcg_at_5": 0.60843,
    "precision_at_1": 0.5186,
    "precision_at_10": 0.07471,
    "precision_at_100": 0.00909,
    "precision_at_1000": 0.00099,
    "precision_at_20": 0.04019,
    "precision_at_3": 0.21233,
    "precision_at_5": 0.13726,
    "recall_at_1": 0.5186,
    "recall_at_10": 0.7471,
    "recall_at_100": 0.9093,
    "recall_at_1000": 0.99,
    "recall_at_20": 0.8037,
    "recall_at_3": 0.637,
    "recall_at_5": 0.6863
  }
}