{
  "dataset_revision": "5ad9931726ff26496453bdf21176f765d18fec49",
  "mteb_dataset_name": "WebFAQ",
  "mteb_version": "1.7.10",
  "test": {
    "evaluation_time": 550.86,
    "map_at_1": 0.5036,
    "map_at_10": 0.57704,
    "map_at_100": 0.58404,
    "map_at_1000": 0.58442,
    "map_at_20": 0.58108,
    "map_at_3": 0.55735,
    "map_at_5": 0.56924,
    "mrr_at_1": 0.5036,
    "mrr_at_10": 0.5769,
    "mrr_at_100": 0.58393,
    "mrr_at_1000": 0.58431,
    "mrr_at_20": 0.58098,
    "mrr_at_3": 0.55717,
    "mrr_at_5": 0.56911,
    "ndcg_at_1": 0.5036,
    "ndcg_at_10": 0.61458,
    "ndcg_at_100": 0.65055,
    "ndcg_at_1000": 0.66101,
    "ndcg_at_20": 0.62927,
    "ndcg_at_3": 0.57445,
    "ndcg_at_5": 0.59579,
    "precision_at_1": 0.5036,
    "precision_at_10": 0.07333,
    "precision_at_100": 0.00906,
    "precision_at_1000": 0.00099,
    "precision_at_20": 0.03957,
    "precision_at_3": 0.20793,
    "precision_at_5": 0.13508,
    "recall_at_1": 0.5036,
    "recall_at_10": 0.7333,
    "recall_at_100": 0.9058,
    "recall_at_1000": 0.9886,
    "recall_at_20": 0.7913,
    "recall_at_3": 0.6238,
    "recall_at_5": 0.6754
  }
}