{
  "dataset_revision": "5ad9931726ff26496453bdf21176f765d18fec49",
  "mteb_dataset_name": "WebFAQ",
  "mteb_version": "1.7.10",
  "test": {
    "evaluation_time": 3029.9,
    "map_at_1": 0.5944,
    "map_at_10": 0.67385,
    "map_at_100": 0.67931,
    "map_at_1000": 0.67951,
    "map_at_20": 0.67729,
    "map_at_3": 0.65375,
    "map_at_5": 0.66578,
    "mrr_at_1": 0.5947,
    "mrr_at_10": 0.674,
    "mrr_at_100": 0.67946,
    "mrr_at_1000": 0.67966,
    "mrr_at_20": 0.67744,
    "mrr_at_3": 0.6539,
    "mrr_at_5": 0.66598,
    "ndcg_at_1": 0.5944,
    "ndcg_at_10": 0.71361,
    "ndcg_at_100": 0.74019,
    "ndcg_at_1000": 0.74501,
    "ndcg_at_20": 0.7261,
    "ndcg_at_3": 0.67265,
    "ndcg_at_5": 0.6943,
    "precision_at_1": 0.5944,
    "precision_at_10": 0.08389,
    "precision_at_100": 0.00963,
    "precision_at_1000": 0.001,
    "precision_at_20": 0.04441,
    "precision_at_3": 0.2424,
    "precision_at_5": 0.15594,
    "recall_at_1": 0.5944,
    "recall_at_10": 0.8389,
    "recall_at_100": 0.9631,
    "recall_at_1000": 0.9998,
    "recall_at_20": 0.8882,
    "recall_at_3": 0.7272,
    "recall_at_5": 0.7797
  }
}