{
  "dataset_revision": "b4320165e039fec2ed05f4b1ba74e4e9376da070",
  "mteb_dataset_name": "WebFAQ",
  "mteb_version": "1.7.10",
  "test": {
    "evaluation_time": 488.69,
    "map_at_1": 0.4192,
    "map_at_10": 0.48301,
    "map_at_100": 0.48926,
    "map_at_1000": 0.48978,
    "map_at_20": 0.48648,
    "map_at_3": 0.46683,
    "map_at_5": 0.47635,
    "mrr_at_1": 0.4191,
    "mrr_at_10": 0.48297,
    "mrr_at_100": 0.4892,
    "mrr_at_1000": 0.48971,
    "mrr_at_20": 0.48642,
    "mrr_at_3": 0.46675,
    "mrr_at_5": 0.4763,
    "ndcg_at_1": 0.4192,
    "ndcg_at_10": 0.51557,
    "ndcg_at_100": 0.54871,
    "ndcg_at_1000": 0.56398,
    "ndcg_at_20": 0.52812,
    "ndcg_at_3": 0.48232,
    "ndcg_at_5": 0.49954,
    "precision_at_1": 0.4192,
    "precision_at_10": 0.06184,
    "precision_at_100": 0.0078,
    "precision_at_1000": 0.0009,
    "precision_at_20": 0.0334,
    "precision_at_3": 0.1757,
    "precision_at_5": 0.11382,
    "recall_at_1": 0.4192,
    "recall_at_10": 0.6184,
    "recall_at_100": 0.7797,
    "recall_at_1000": 0.9036,
    "recall_at_20": 0.6679,
    "recall_at_3": 0.5271,
    "recall_at_5": 0.5691
  }
}