{
  "dataset_revision": "5ad9931726ff26496453bdf21176f765d18fec49",
  "mteb_dataset_name": "WebFAQ",
  "mteb_version": "1.7.10",
  "test": {
    "evaluation_time": 402.31,
    "map_at_1": 0.556,
    "map_at_10": 0.6316,
    "map_at_100": 0.63721,
    "map_at_1000": 0.6375,
    "map_at_20": 0.63508,
    "map_at_3": 0.61377,
    "map_at_5": 0.6246,
    "mrr_at_1": 0.5561,
    "mrr_at_10": 0.63166,
    "mrr_at_100": 0.63724,
    "mrr_at_1000": 0.63753,
    "mrr_at_20": 0.63511,
    "mrr_at_3": 0.61377,
    "mrr_at_5": 0.62465,
    "ndcg_at_1": 0.556,
    "ndcg_at_10": 0.66836,
    "ndcg_at_100": 0.69664,
    "ndcg_at_1000": 0.70473,
    "ndcg_at_20": 0.68104,
    "ndcg_at_3": 0.63198,
    "ndcg_at_5": 0.65151,
    "precision_at_1": 0.556,
    "precision_at_10": 0.07838,
    "precision_at_100": 0.00918,
    "precision_at_1000": 0.00098,
    "precision_at_20": 0.0417,
    "precision_at_3": 0.22817,
    "precision_at_5": 0.14638,
    "recall_at_1": 0.556,
    "recall_at_10": 0.7838,
    "recall_at_100": 0.9184,
    "recall_at_1000": 0.9826,
    "recall_at_20": 0.834,
    "recall_at_3": 0.6845,
    "recall_at_5": 0.7319
  }
}