{
  "dataset_revision": "b4320165e039fec2ed05f4b1ba74e4e9376da070",
  "mteb_dataset_name": "WebFAQ",
  "mteb_version": "1.7.10",
  "test": {
    "evaluation_time": 409.67,
    "map_at_1": 0.5719,
    "map_at_10": 0.64759,
    "map_at_100": 0.65295,
    "map_at_1000": 0.65322,
    "map_at_20": 0.65091,
    "map_at_3": 0.63003,
    "map_at_5": 0.64059,
    "mrr_at_1": 0.5722,
    "mrr_at_10": 0.64775,
    "mrr_at_100": 0.65311,
    "mrr_at_1000": 0.65338,
    "mrr_at_20": 0.65107,
    "mrr_at_3": 0.63025,
    "mrr_at_5": 0.64071,
    "ndcg_at_1": 0.5719,
    "ndcg_at_10": 0.68419,
    "ndcg_at_100": 0.71098,
    "ndcg_at_1000": 0.71845,
    "ndcg_at_20": 0.69617,
    "ndcg_at_3": 0.6485,
    "ndcg_at_5": 0.66749,
    "precision_at_1": 0.5719,
    "precision_at_10": 0.07989,
    "precision_at_100": 0.00926,
    "precision_at_1000": 0.00099,
    "precision_at_20": 0.0423,
    "precision_at_3": 0.23393,
    "precision_at_5": 0.14956,
    "recall_at_1": 0.5719,
    "recall_at_10": 0.7989,
    "recall_at_100": 0.9259,
    "recall_at_1000": 0.9855,
    "recall_at_20": 0.846,
    "recall_at_3": 0.7018,
    "recall_at_5": 0.7478
  }
}