{
  "dataset_revision": "5ad9931726ff26496453bdf21176f765d18fec49",
  "mteb_dataset_name": "WebFAQ",
  "mteb_version": "1.7.10",
  "test": {
    "evaluation_time": 585.84,
    "map_at_1": 0.4093,
    "map_at_10": 0.4699,
    "map_at_100": 0.47642,
    "map_at_1000": 0.47696,
    "map_at_20": 0.47369,
    "map_at_3": 0.45517,
    "map_at_5": 0.46343,
    "mrr_at_1": 0.4097,
    "mrr_at_10": 0.46998,
    "mrr_at_100": 0.47651,
    "mrr_at_1000": 0.47705,
    "mrr_at_20": 0.47377,
    "mrr_at_3": 0.45522,
    "mrr_at_5": 0.46352,
    "ndcg_at_1": 0.4093,
    "ndcg_at_10": 0.5005,
    "ndcg_at_100": 0.53447,
    "ndcg_at_1000": 0.55075,
    "ndcg_at_20": 0.51429,
    "ndcg_at_3": 0.46993,
    "ndcg_at_5": 0.48485,
    "precision_at_1": 0.4093,
    "precision_at_10": 0.05972,
    "precision_at_100": 0.00761,
    "precision_at_1000": 0.00089,
    "precision_at_20": 0.03259,
    "precision_at_3": 0.17087,
    "precision_at_5": 0.10978,
    "recall_at_1": 0.4093,
    "recall_at_10": 0.5972,
    "recall_at_100": 0.7613,
    "recall_at_1000": 0.8937,
    "recall_at_20": 0.6517,
    "recall_at_3": 0.5126,
    "recall_at_5": 0.5489
  }
}