{
  "dataset_revision": "5ad9931726ff26496453bdf21176f765d18fec49",
  "mteb_dataset_name": "WebFAQ",
  "mteb_version": "1.7.10",
  "test": {
    "evaluation_time": 700.81,
    "map_at_1": 0.4611,
    "map_at_10": 0.53319,
    "map_at_100": 0.53961,
    "map_at_1000": 0.54007,
    "map_at_20": 0.53697,
    "map_at_3": 0.51472,
    "map_at_5": 0.52518,
    "mrr_at_1": 0.4612,
    "mrr_at_10": 0.5333,
    "mrr_at_100": 0.53972,
    "mrr_at_1000": 0.54017,
    "mrr_at_20": 0.53706,
    "mrr_at_3": 0.51475,
    "mrr_at_5": 0.52529,
    "ndcg_at_1": 0.4611,
    "ndcg_at_10": 0.5704,
    "ndcg_at_100": 0.60338,
    "ndcg_at_1000": 0.61659,
    "ndcg_at_20": 0.58429,
    "ndcg_at_3": 0.53199,
    "ndcg_at_5": 0.55082,
    "precision_at_1": 0.4611,
    "precision_at_10": 0.06885,
    "precision_at_100": 0.00847,
    "precision_at_1000": 0.00095,
    "precision_at_20": 0.03719,
    "precision_at_3": 0.19397,
    "precision_at_5": 0.12552,
    "recall_at_1": 0.4611,
    "recall_at_10": 0.6885,
    "recall_at_100": 0.8466,
    "recall_at_1000": 0.9531,
    "recall_at_20": 0.7437,
    "recall_at_3": 0.5819,
    "recall_at_5": 0.6276
  }
}