{
  "dataset_revision": "5ad9931726ff26496453bdf21176f765d18fec49",
  "mteb_dataset_name": "WebFAQ",
  "mteb_version": "1.7.10",
  "test": {
    "evaluation_time": 221.59,
    "map_at_1": 0.6389,
    "map_at_10": 0.71449,
    "map_at_100": 0.71839,
    "map_at_1000": 0.71857,
    "map_at_20": 0.71687,
    "map_at_3": 0.69848,
    "map_at_5": 0.70833,
    "mrr_at_1": 0.6389,
    "mrr_at_10": 0.7146,
    "mrr_at_100": 0.7185,
    "mrr_at_1000": 0.71869,
    "mrr_at_20": 0.71698,
    "mrr_at_3": 0.69872,
    "mrr_at_5": 0.70847,
    "ndcg_at_1": 0.6389,
    "ndcg_at_10": 0.74958,
    "ndcg_at_100": 0.76884,
    "ndcg_at_1000": 0.77378,
    "ndcg_at_20": 0.75823,
    "ndcg_at_3": 0.71707,
    "ndcg_at_5": 0.73476,
    "precision_at_1": 0.6389,
    "precision_at_10": 0.0859,
    "precision_at_100": 0.0095,
    "precision_at_1000": 0.00099,
    "precision_at_20": 0.04466,
    "precision_at_3": 0.25687,
    "precision_at_5": 0.16268,
    "recall_at_1": 0.6389,
    "recall_at_10": 0.859,
    "recall_at_100": 0.9497,
    "recall_at_1000": 0.9886,
    "recall_at_20": 0.8932,
    "recall_at_3": 0.7706,
    "recall_at_5": 0.8134
  }
}