{
  "dataset_revision": "5ad9931726ff26496453bdf21176f765d18fec49",
  "mteb_dataset_name": "WebFAQ",
  "mteb_version": "1.7.10",
  "test": {
    "evaluation_time": 133.41,
    "map_at_1": 0.7276,
    "map_at_10": 0.79472,
    "map_at_100": 0.79746,
    "map_at_1000": 0.79755,
    "map_at_20": 0.79645,
    "map_at_3": 0.78215,
    "map_at_5": 0.79012,
    "mrr_at_1": 0.7276,
    "mrr_at_10": 0.79473,
    "mrr_at_100": 0.79747,
    "mrr_at_1000": 0.79756,
    "mrr_at_20": 0.79647,
    "mrr_at_3": 0.78215,
    "mrr_at_5": 0.79014,
    "ndcg_at_1": 0.7276,
    "ndcg_at_10": 0.82484,
    "ndcg_at_100": 0.83785,
    "ndcg_at_1000": 0.84026,
    "ndcg_at_20": 0.831,
    "ndcg_at_3": 0.79953,
    "ndcg_at_5": 0.81388,
    "precision_at_1": 0.7276,
    "precision_at_10": 0.0918,
    "precision_at_100": 0.00978,
    "precision_at_1000": 0.001,
    "precision_at_20": 0.04711,
    "precision_at_3": 0.28323,
    "precision_at_5": 0.1769,
    "recall_at_1": 0.7276,
    "recall_at_10": 0.918,
    "recall_at_100": 0.9781,
    "recall_at_1000": 0.9969,
    "recall_at_20": 0.9421,
    "recall_at_3": 0.8497,
    "recall_at_5": 0.8845
  }
}