{
  "dataset_revision": "b4320165e039fec2ed05f4b1ba74e4e9376da070",
  "mteb_dataset_name": "WebFAQ",
  "mteb_version": "1.7.10",
  "test": {
    "evaluation_time": 290.63,
    "map_at_1": 0.7946,
    "map_at_10": 0.85343,
    "map_at_100": 0.85529,
    "map_at_1000": 0.8553,
    "map_at_20": 0.85479,
    "map_at_3": 0.84288,
    "map_at_5": 0.84953,
    "mrr_at_1": 0.7946,
    "mrr_at_10": 0.85341,
    "mrr_at_100": 0.85525,
    "mrr_at_1000": 0.85527,
    "mrr_at_20": 0.85475,
    "mrr_at_3": 0.84283,
    "mrr_at_5": 0.84948,
    "ndcg_at_1": 0.7946,
    "ndcg_at_10": 0.87935,
    "ndcg_at_100": 0.88777,
    "ndcg_at_1000": 0.88811,
    "ndcg_at_20": 0.88426,
    "ndcg_at_3": 0.85804,
    "ndcg_at_5": 0.86998,
    "precision_at_1": 0.7946,
    "precision_at_10": 0.09594,
    "precision_at_100": 0.00998,
    "precision_at_1000": 0.001,
    "precision_at_20": 0.04894,
    "precision_at_3": 0.30057,
    "precision_at_5": 0.18612,
    "recall_at_1": 0.7946,
    "recall_at_10": 0.9594,
    "recall_at_100": 0.9975,
    "recall_at_1000": 1.0,
    "recall_at_20": 0.9788,
    "recall_at_3": 0.9017,
    "recall_at_5": 0.9306
  }
}