{
  "dataset_revision": "5ad9931726ff26496453bdf21176f765d18fec49",
  "mteb_dataset_name": "WebFAQ",
  "mteb_version": "1.7.10",
  "test": {
    "evaluation_time": 167.05,
    "map_at_1": 0.7482,
    "map_at_10": 0.80931,
    "map_at_100": 0.81205,
    "map_at_1000": 0.81212,
    "map_at_20": 0.81096,
    "map_at_3": 0.79693,
    "map_at_5": 0.80503,
    "mrr_at_1": 0.7479,
    "mrr_at_10": 0.8092,
    "mrr_at_100": 0.81194,
    "mrr_at_1000": 0.81201,
    "mrr_at_20": 0.81086,
    "mrr_at_3": 0.79683,
    "mrr_at_5": 0.80494,
    "ndcg_at_1": 0.7482,
    "ndcg_at_10": 0.83729,
    "ndcg_at_100": 0.85066,
    "ndcg_at_1000": 0.85236,
    "ndcg_at_20": 0.8433,
    "ndcg_at_3": 0.81246,
    "ndcg_at_5": 0.82701,
    "precision_at_1": 0.7482,
    "precision_at_10": 0.09241,
    "precision_at_100": 0.00987,
    "precision_at_1000": 0.001,
    "precision_at_20": 0.0474,
    "precision_at_3": 0.28577,
    "precision_at_5": 0.1785,
    "recall_at_1": 0.7482,
    "recall_at_10": 0.9241,
    "recall_at_100": 0.9865,
    "recall_at_1000": 0.9995,
    "recall_at_20": 0.9479,
    "recall_at_3": 0.8573,
    "recall_at_5": 0.8925
  }
}