{
  "dataset_revision": "b4320165e039fec2ed05f4b1ba74e4e9376da070",
  "mteb_dataset_name": "WebFAQ",
  "mteb_version": "1.7.10",
  "test": {
    "evaluation_time": 141.48,
    "map_at_1": 0.7267,
    "map_at_10": 0.79509,
    "map_at_100": 0.79784,
    "map_at_1000": 0.79793,
    "map_at_20": 0.79701,
    "map_at_3": 0.78225,
    "map_at_5": 0.79042,
    "mrr_at_1": 0.7269,
    "mrr_at_10": 0.79518,
    "mrr_at_100": 0.79793,
    "mrr_at_1000": 0.79802,
    "mrr_at_20": 0.79712,
    "mrr_at_3": 0.78232,
    "mrr_at_5": 0.79051,
    "ndcg_at_1": 0.7267,
    "ndcg_at_10": 0.8259,
    "ndcg_at_100": 0.83859,
    "ndcg_at_1000": 0.84089,
    "ndcg_at_20": 0.8328,
    "ndcg_at_3": 0.79996,
    "ndcg_at_5": 0.81466,
    "precision_at_1": 0.7267,
    "precision_at_10": 0.09213,
    "precision_at_100": 0.00979,
    "precision_at_1000": 0.001,
    "precision_at_20": 0.04742,
    "precision_at_3": 0.2837,
    "precision_at_5": 0.17734,
    "recall_at_1": 0.7267,
    "recall_at_10": 0.9213,
    "recall_at_100": 0.9793,
    "recall_at_1000": 0.9973,
    "recall_at_20": 0.9484,
    "recall_at_3": 0.8511,
    "recall_at_5": 0.8867
  }
}