{
  "dataset_revision": "5ad9931726ff26496453bdf21176f765d18fec49",
  "mteb_dataset_name": "WebFAQ",
  "mteb_version": "1.7.10",
  "test": {
    "evaluation_time": 1421.72,
    "map_at_1": 0.7879,
    "map_at_10": 0.84831,
    "map_at_100": 0.85019,
    "map_at_1000": 0.85021,
    "map_at_20": 0.8496,
    "map_at_3": 0.83715,
    "map_at_5": 0.84422,
    "mrr_at_1": 0.7878,
    "mrr_at_10": 0.84828,
    "mrr_at_100": 0.85017,
    "mrr_at_1000": 0.85019,
    "mrr_at_20": 0.84957,
    "mrr_at_3": 0.83713,
    "mrr_at_5": 0.84424,
    "ndcg_at_1": 0.7879,
    "ndcg_at_10": 0.87502,
    "ndcg_at_100": 0.88372,
    "ndcg_at_1000": 0.88414,
    "ndcg_at_20": 0.87973,
    "ndcg_at_3": 0.85271,
    "ndcg_at_5": 0.86541,
    "precision_at_1": 0.7879,
    "precision_at_10": 0.09574,
    "precision_at_100": 0.00997,
    "precision_at_1000": 0.001,
    "precision_at_20": 0.0488,
    "precision_at_3": 0.2992,
    "precision_at_5": 0.18566,
    "recall_at_1": 0.7879,
    "recall_at_10": 0.9574,
    "recall_at_100": 0.997,
    "recall_at_1000": 1.0,
    "recall_at_20": 0.976,
    "recall_at_3": 0.8976,
    "recall_at_5": 0.9283
  }
}