{
  "dataset_revision": "b4320165e039fec2ed05f4b1ba74e4e9376da070",
  "mteb_dataset_name": "WebFAQ",
  "mteb_version": "1.7.10",
  "test": {
    "evaluation_time": 214.11,
    "map_at_1": 0.634,
    "map_at_10": 0.71062,
    "map_at_100": 0.71443,
    "map_at_1000": 0.7146,
    "map_at_20": 0.71295,
    "map_at_3": 0.69355,
    "map_at_5": 0.70412,
    "mrr_at_1": 0.6338,
    "mrr_at_10": 0.71054,
    "mrr_at_100": 0.71434,
    "mrr_at_1000": 0.71452,
    "mrr_at_20": 0.71288,
    "mrr_at_3": 0.69347,
    "mrr_at_5": 0.70402,
    "ndcg_at_1": 0.634,
    "ndcg_at_10": 0.74721,
    "ndcg_at_100": 0.76611,
    "ndcg_at_1000": 0.77097,
    "ndcg_at_20": 0.75557,
    "ndcg_at_3": 0.71269,
    "ndcg_at_5": 0.73169,
    "precision_at_1": 0.634,
    "precision_at_10": 0.08615,
    "precision_at_100": 0.00951,
    "precision_at_1000": 0.00099,
    "precision_at_20": 0.04472,
    "precision_at_3": 0.256,
    "precision_at_5": 0.1628,
    "recall_at_1": 0.634,
    "recall_at_10": 0.8615,
    "recall_at_100": 0.9508,
    "recall_at_1000": 0.9893,
    "recall_at_20": 0.8943,
    "recall_at_3": 0.768,
    "recall_at_5": 0.814
  }
}