{
  "dataset_revision": "b4320165e039fec2ed05f4b1ba74e4e9376da070",
  "mteb_dataset_name": "WebFAQ",
  "mteb_version": "1.7.10",
  "test": {
    "evaluation_time": 157.05,
    "map_at_1": 0.7564,
    "map_at_10": 0.81565,
    "map_at_100": 0.81842,
    "map_at_1000": 0.81849,
    "map_at_20": 0.81748,
    "map_at_3": 0.80363,
    "map_at_5": 0.81087,
    "mrr_at_1": 0.7562,
    "mrr_at_10": 0.81549,
    "mrr_at_100": 0.81828,
    "mrr_at_1000": 0.81835,
    "mrr_at_20": 0.81735,
    "mrr_at_3": 0.80347,
    "mrr_at_5": 0.81073,
    "ndcg_at_1": 0.7564,
    "ndcg_at_10": 0.84277,
    "ndcg_at_100": 0.85569,
    "ndcg_at_1000": 0.85745,
    "ndcg_at_20": 0.8493,
    "ndcg_at_3": 0.81846,
    "ndcg_at_5": 0.83143,
    "precision_at_1": 0.7564,
    "precision_at_10": 0.09271,
    "precision_at_100": 0.00986,
    "precision_at_1000": 0.001,
    "precision_at_20": 0.04763,
    "precision_at_3": 0.28707,
    "precision_at_5": 0.1785,
    "recall_at_1": 0.7564,
    "recall_at_10": 0.9271,
    "recall_at_100": 0.9863,
    "recall_at_1000": 0.9995,
    "recall_at_20": 0.9526,
    "recall_at_3": 0.8612,
    "recall_at_5": 0.8925
  }
}