{
  "dataset_revision": "b4320165e039fec2ed05f4b1ba74e4e9376da070",
  "mteb_dataset_name": "WebFAQ",
  "mteb_version": "1.7.10",
  "test": {
    "evaluation_time": 161.68,
    "map_at_1": 0.6538,
    "map_at_10": 0.7171,
    "map_at_100": 0.7209,
    "map_at_1000": 0.7211,
    "map_at_20": 0.71935,
    "map_at_3": 0.7035,
    "map_at_5": 0.7116,
    "mrr_at_1": 0.6536,
    "mrr_at_10": 0.717,
    "mrr_at_100": 0.72082,
    "mrr_at_1000": 0.72101,
    "mrr_at_20": 0.71927,
    "mrr_at_3": 0.70343,
    "mrr_at_5": 0.71151,
    "ndcg_at_1": 0.6538,
    "ndcg_at_10": 0.7471,
    "ndcg_at_100": 0.76619,
    "ndcg_at_1000": 0.77194,
    "ndcg_at_20": 0.75522,
    "ndcg_at_3": 0.71925,
    "ndcg_at_5": 0.73388,
    "precision_at_1": 0.6538,
    "precision_at_10": 0.08409,
    "precision_at_100": 0.00932,
    "precision_at_1000": 0.00098,
    "precision_at_20": 0.04365,
    "precision_at_3": 0.2549,
    "precision_at_5": 0.16006,
    "recall_at_1": 0.6538,
    "recall_at_10": 0.8409,
    "recall_at_100": 0.9316,
    "recall_at_1000": 0.9779,
    "recall_at_20": 0.8729,
    "recall_at_3": 0.7647,
    "recall_at_5": 0.8003
  }
}