{
  "dataset_revision": "5ad9931726ff26496453bdf21176f765d18fec49",
  "mteb_dataset_name": "WebFAQ",
  "mteb_version": "1.7.10",
  "test": {
    "evaluation_time": 172.6,
    "map_at_1": 0.6538,
    "map_at_10": 0.71738,
    "map_at_100": 0.72103,
    "map_at_1000": 0.72123,
    "map_at_20": 0.71956,
    "map_at_3": 0.70407,
    "map_at_5": 0.71194,
    "mrr_at_1": 0.6535,
    "mrr_at_10": 0.7172,
    "mrr_at_100": 0.72085,
    "mrr_at_1000": 0.72106,
    "mrr_at_20": 0.7194,
    "mrr_at_3": 0.70388,
    "mrr_at_5": 0.71174,
    "ndcg_at_1": 0.6538,
    "ndcg_at_10": 0.74741,
    "ndcg_at_100": 0.76606,
    "ndcg_at_1000": 0.77193,
    "ndcg_at_20": 0.75532,
    "ndcg_at_3": 0.72017,
    "ndcg_at_5": 0.73438,
    "precision_at_1": 0.6538,
    "precision_at_10": 0.08412,
    "precision_at_100": 0.00931,
    "precision_at_1000": 0.00098,
    "precision_at_20": 0.04362,
    "precision_at_3": 0.25557,
    "precision_at_5": 0.16024,
    "recall_at_1": 0.6538,
    "recall_at_10": 0.8412,
    "recall_at_100": 0.9306,
    "recall_at_1000": 0.9776,
    "recall_at_20": 0.8724,
    "recall_at_3": 0.7667,
    "recall_at_5": 0.8012
  }
}