{
  "dataset_revision": "95c8db7d4a6e9c1d8a60601afd63d553ae20a2eb",
  "dev": {
    "evaluation_time": 264.04,
    "map_at_1": 0.48186,
    "map_at_10": 0.68934,
    "map_at_100": 0.70378,
    "map_at_1000": 0.70408,
    "map_at_20": 0.69874,
    "map_at_3": 0.63755,
    "map_at_5": 0.66734,
    "mrr_at_1": 0.714,
    "mrr_at_10": 0.79103,
    "mrr_at_100": 0.79381,
    "mrr_at_1000": 0.79387,
    "mrr_at_20": 0.79292,
    "mrr_at_3": 0.77667,
    "mrr_at_5": 0.78612,
    "ndcg_at_1": 0.714,
    "ndcg_at_10": 0.75579,
    "ndcg_at_100": 0.79457,
    "ndcg_at_1000": 0.79827,
    "ndcg_at_20": 0.77519,
    "ndcg_at_3": 0.70705,
    "ndcg_at_5": 0.72662,
    "precision_at_1": 0.714,
    "precision_at_10": 0.1572,
    "precision_at_100": 0.01926,
    "precision_at_1000": 0.00198,
    "precision_at_20": 0.08625,
    "precision_at_3": 0.399,
    "precision_at_5": 0.2742,
    "recall_at_1": 0.48186,
    "recall_at_10": 0.83941,
    "recall_at_100": 0.97626,
    "recall_at_1000": 0.99845,
    "recall_at_20": 0.89715,
    "recall_at_3": 0.69869,
    "recall_at_5": 0.76705
  },
  "mteb_dataset_name": "MIRACLRetrievalHardNegatives",
  "mteb_version": "1.7.10"
}