{
  "dataset_revision": "95c8db7d4a6e9c1d8a60601afd63d553ae20a2eb",
  "dev": {
    "evaluation_time": 625.12,
    "map_at_1": 0.43252,
    "map_at_10": 0.64211,
    "map_at_100": 0.65672,
    "map_at_1000": 0.65707,
    "map_at_20": 0.65192,
    "map_at_3": 0.58667,
    "map_at_5": 0.61971,
    "mrr_at_1": 0.662,
    "mrr_at_10": 0.75198,
    "mrr_at_100": 0.75523,
    "mrr_at_1000": 0.75529,
    "mrr_at_20": 0.75416,
    "mrr_at_3": 0.73583,
    "mrr_at_5": 0.74653,
    "ndcg_at_1": 0.662,
    "ndcg_at_10": 0.71766,
    "ndcg_at_100": 0.75744,
    "ndcg_at_1000": 0.76217,
    "ndcg_at_20": 0.73864,
    "ndcg_at_3": 0.66174,
    "ndcg_at_5": 0.68604,
    "precision_at_1": 0.662,
    "precision_at_10": 0.154,
    "precision_at_100": 0.01896,
    "precision_at_1000": 0.00197,
    "precision_at_20": 0.0853,
    "precision_at_3": 0.37867,
    "precision_at_5": 0.265,
    "recall_at_1": 0.43252,
    "recall_at_10": 0.82063,
    "recall_at_100": 0.96112,
    "recall_at_1000": 0.98965,
    "recall_at_20": 0.88425,
    "recall_at_3": 0.66286,
    "recall_at_5": 0.74
  },
  "mteb_dataset_name": "MIRACLRetrievalHardNegatives",
  "mteb_version": "1.7.10"
}