{
  "dataset_revision": "95c8db7d4a6e9c1d8a60601afd63d553ae20a2eb",
  "dev": {
    "evaluation_time": 435.11,
    "map_at_1": 0.25374,
    "map_at_10": 0.40863,
    "map_at_100": 0.42667,
    "map_at_1000": 0.42755,
    "map_at_20": 0.41948,
    "map_at_3": 0.35512,
    "map_at_5": 0.38386,
    "mrr_at_1": 0.386,
    "mrr_at_10": 0.50489,
    "mrr_at_100": 0.51229,
    "mrr_at_1000": 0.51248,
    "mrr_at_20": 0.5098,
    "mrr_at_3": 0.46933,
    "mrr_at_5": 0.48983,
    "ndcg_at_1": 0.386,
    "ndcg_at_10": 0.49257,
    "ndcg_at_100": 0.55612,
    "ndcg_at_1000": 0.56946,
    "ndcg_at_20": 0.52104,
    "ndcg_at_3": 0.41501,
    "ndcg_at_5": 0.44729,
    "precision_at_1": 0.386,
    "precision_at_10": 0.1154,
    "precision_at_100": 0.01702,
    "precision_at_1000": 0.00189,
    "precision_at_20": 0.06795,
    "precision_at_3": 0.243,
    "precision_at_5": 0.1816,
    "recall_at_1": 0.25374,
    "recall_at_10": 0.63474,
    "recall_at_100": 0.87902,
    "recall_at_1000": 0.96301,
    "recall_at_20": 0.72538,
    "recall_at_3": 0.43144,
    "recall_at_5": 0.51548
  },
  "mteb_dataset_name": "MIRACLRetrievalHardNegatives",
  "mteb_version": "1.7.10"
}