{
  "dataset_revision": "95c8db7d4a6e9c1d8a60601afd63d553ae20a2eb",
  "dev": {
    "evaluation_time": 415.0,
    "map_at_1": 0.17861,
    "map_at_10": 0.28734,
    "map_at_100": 0.30482,
    "map_at_1000": 0.30616,
    "map_at_20": 0.29717,
    "map_at_3": 0.24617,
    "map_at_5": 0.26654,
    "mrr_at_1": 0.269,
    "mrr_at_10": 0.37138,
    "mrr_at_100": 0.38158,
    "mrr_at_1000": 0.38204,
    "mrr_at_20": 0.37808,
    "mrr_at_3": 0.33717,
    "mrr_at_5": 0.35632,
    "ndcg_at_1": 0.269,
    "ndcg_at_10": 0.36125,
    "ndcg_at_100": 0.43043,
    "ndcg_at_1000": 0.45611,
    "ndcg_at_20": 0.39055,
    "ndcg_at_3": 0.29372,
    "ndcg_at_5": 0.32015,
    "precision_at_1": 0.269,
    "precision_at_10": 0.0859,
    "precision_at_100": 0.01444,
    "precision_at_1000": 0.00181,
    "precision_at_20": 0.05295,
    "precision_at_3": 0.16933,
    "precision_at_5": 0.1284,
    "recall_at_1": 0.17861,
    "recall_at_10": 0.49176,
    "recall_at_100": 0.76284,
    "recall_at_1000": 0.92905,
    "recall_at_20": 0.58755,
    "recall_at_3": 0.31334,
    "recall_at_5": 0.38217
  },
  "mteb_dataset_name": "MIRACLRetrievalHardNegatives",
  "mteb_version": "1.7.10"
}