{
  "dataset_revision": "95c8db7d4a6e9c1d8a60601afd63d553ae20a2eb",
  "dev": {
    "evaluation_time": 1705.04,
    "map_at_1": 0.42851,
    "map_at_10": 0.64564,
    "map_at_100": 0.66051,
    "map_at_1000": 0.66085,
    "map_at_20": 0.6555,
    "map_at_3": 0.59009,
    "map_at_5": 0.62315,
    "mrr_at_1": 0.641,
    "mrr_at_10": 0.74901,
    "mrr_at_100": 0.75209,
    "mrr_at_1000": 0.75215,
    "mrr_at_20": 0.75102,
    "mrr_at_3": 0.735,
    "mrr_at_5": 0.74475,
    "ndcg_at_1": 0.641,
    "ndcg_at_10": 0.72174,
    "ndcg_at_100": 0.76213,
    "ndcg_at_1000": 0.76625,
    "ndcg_at_20": 0.74276,
    "ndcg_at_3": 0.6663,
    "ndcg_at_5": 0.69093,
    "precision_at_1": 0.641,
    "precision_at_10": 0.1552,
    "precision_at_100": 0.01913,
    "precision_at_1000": 0.00197,
    "precision_at_20": 0.08575,
    "precision_at_3": 0.38367,
    "precision_at_5": 0.2682,
    "recall_at_1": 0.42851,
    "recall_at_10": 0.82851,
    "recall_at_100": 0.97164,
    "recall_at_1000": 0.99587,
    "recall_at_20": 0.89264,
    "recall_at_3": 0.67646,
    "recall_at_5": 0.75166
  },
  "mteb_dataset_name": "MIRACLRetrievalHardNegatives",
  "mteb_version": "1.7.10"
}