{
  "dataset_revision": "fc24a3ce8f09746410daee3d5cd823ff7a0675b7",
  "mteb_dataset_name": "MrTidyRetrieval",
  "mteb_version": "1.7.10",
  "test": {
    "evaluation_time": 4487.65,
    "map_at_1": 0.5535,
    "map_at_10": 0.67856,
    "map_at_100": 0.68273,
    "map_at_1000": 0.68289,
    "map_at_20": 0.68117,
    "map_at_3": 0.65384,
    "map_at_5": 0.66902,
    "mrr_at_1": 0.59112,
    "mrr_at_10": 0.69989,
    "mrr_at_100": 0.70234,
    "mrr_at_1000": 0.70245,
    "mrr_at_20": 0.70138,
    "mrr_at_3": 0.68147,
    "mrr_at_5": 0.69391,
    "ndcg_at_1": 0.59112,
    "ndcg_at_10": 0.73134,
    "ndcg_at_100": 0.7484,
    "ndcg_at_1000": 0.7524,
    "ndcg_at_20": 0.73897,
    "ndcg_at_3": 0.68701,
    "ndcg_at_5": 0.71222,
    "precision_at_1": 0.59112,
    "precision_at_10": 0.09824,
    "precision_at_100": 0.01087,
    "precision_at_1000": 0.00113,
    "precision_at_20": 0.05116,
    "precision_at_3": 0.27814,
    "precision_at_5": 0.18131,
    "recall_at_1": 0.5535,
    "recall_at_10": 0.86741,
    "recall_at_100": 0.94126,
    "recall_at_1000": 0.97148,
    "recall_at_20": 0.89423,
    "recall_at_3": 0.75578,
    "recall_at_5": 0.81391
  }
}