{
  "dataset_revision": "fc24a3ce8f09746410daee3d5cd823ff7a0675b7",
  "mteb_dataset_name": "MrTidyRetrieval",
  "mteb_version": "1.7.10",
  "test": {
    "evaluation_time": 18867.68,
    "map_at_1": 0.53084,
    "map_at_10": 0.66453,
    "map_at_100": 0.66889,
    "map_at_1000": 0.66902,
    "map_at_20": 0.66695,
    "map_at_3": 0.63866,
    "map_at_5": 0.6548,
    "mrr_at_1": 0.56799,
    "mrr_at_10": 0.68174,
    "mrr_at_100": 0.68483,
    "mrr_at_1000": 0.68491,
    "mrr_at_20": 0.68354,
    "mrr_at_3": 0.66112,
    "mrr_at_5": 0.67356,
    "ndcg_at_1": 0.56799,
    "ndcg_at_10": 0.71868,
    "ndcg_at_100": 0.73768,
    "ndcg_at_1000": 0.7412,
    "ndcg_at_20": 0.72609,
    "ndcg_at_3": 0.67136,
    "ndcg_at_5": 0.69744,
    "precision_at_1": 0.56799,
    "precision_at_10": 0.09713,
    "precision_at_100": 0.0109,
    "precision_at_1000": 0.00113,
    "precision_at_20": 0.05046,
    "precision_at_3": 0.2732,
    "precision_at_5": 0.17872,
    "recall_at_1": 0.53084,
    "recall_at_10": 0.86432,
    "recall_at_100": 0.9465,
    "recall_at_1000": 0.97286,
    "recall_at_20": 0.89038,
    "recall_at_3": 0.74345,
    "recall_at_5": 0.80311
  }
}