{
  "dataset_revision": "fc24a3ce8f09746410daee3d5cd823ff7a0675b7",
  "mteb_dataset_name": "MrTidyRetrieval",
  "mteb_version": "1.7.10",
  "test": {
    "evaluation_time": 2431.04,
    "map_at_1": 0.60099,
    "map_at_10": 0.71825,
    "map_at_100": 0.72173,
    "map_at_1000": 0.7219,
    "map_at_20": 0.72017,
    "map_at_3": 0.69532,
    "map_at_5": 0.70959,
    "mrr_at_1": 0.64107,
    "mrr_at_10": 0.73763,
    "mrr_at_100": 0.74012,
    "mrr_at_1000": 0.74021,
    "mrr_at_20": 0.73923,
    "mrr_at_3": 0.72202,
    "mrr_at_5": 0.73173,
    "ndcg_at_1": 0.64107,
    "ndcg_at_10": 0.76533,
    "ndcg_at_100": 0.78052,
    "ndcg_at_1000": 0.78449,
    "ndcg_at_20": 0.77169,
    "ndcg_at_3": 0.7254,
    "ndcg_at_5": 0.7475,
    "precision_at_1": 0.64107,
    "precision_at_10": 0.10046,
    "precision_at_100": 0.01099,
    "precision_at_1000": 0.00114,
    "precision_at_20": 0.0519,
    "precision_at_3": 0.28924,
    "precision_at_5": 0.18686,
    "recall_at_1": 0.60099,
    "recall_at_10": 0.8856,
    "recall_at_100": 0.95143,
    "recall_at_1000": 0.98073,
    "recall_at_20": 0.90873,
    "recall_at_3": 0.78615,
    "recall_at_5": 0.83565
  }
}