{
  "dataset_revision": "fc24a3ce8f09746410daee3d5cd823ff7a0675b7",
  "mteb_dataset_name": "MrTidyRetrieval",
  "mteb_version": "1.7.10",
  "test": {
    "evaluation_time": 3200.17,
    "map_at_1": 0.16744,
    "map_at_10": 0.25448,
    "map_at_100": 0.26297,
    "map_at_1000": 0.26369,
    "map_at_20": 0.25951,
    "map_at_3": 0.22826,
    "map_at_5": 0.24309,
    "mrr_at_1": 0.17669,
    "mrr_at_10": 0.26711,
    "mrr_at_100": 0.27534,
    "mrr_at_1000": 0.27589,
    "mrr_at_20": 0.27212,
    "mrr_at_3": 0.24052,
    "mrr_at_5": 0.25532,
    "ndcg_at_1": 0.17669,
    "ndcg_at_10": 0.3053,
    "ndcg_at_100": 0.34823,
    "ndcg_at_1000": 0.36624,
    "ndcg_at_20": 0.32323,
    "ndcg_at_3": 0.25119,
    "ndcg_at_5": 0.27791,
    "precision_at_1": 0.17669,
    "precision_at_10": 0.04866,
    "precision_at_100": 0.00723,
    "precision_at_1000": 0.0009,
    "precision_at_20": 0.02826,
    "precision_at_3": 0.10823,
    "precision_at_5": 0.079,
    "recall_at_1": 0.16744,
    "recall_at_10": 0.45205,
    "recall_at_100": 0.65094,
    "recall_at_1000": 0.78739,
    "recall_at_20": 0.52066,
    "recall_at_3": 0.30574,
    "recall_at_5": 0.36987
  }
}