{
  "dataset_revision": "fc24a3ce8f09746410daee3d5cd823ff7a0675b7",
  "mteb_dataset_name": "MrTidyRetrieval",
  "mteb_version": "1.7.10",
  "test": {
    "evaluation_time": 3198.31,
    "map_at_1": 0.26056,
    "map_at_10": 0.37684,
    "map_at_100": 0.38616,
    "map_at_1000": 0.3866,
    "map_at_20": 0.38281,
    "map_at_3": 0.34348,
    "map_at_5": 0.36182,
    "mrr_at_1": 0.27845,
    "mrr_at_10": 0.39275,
    "mrr_at_100": 0.40083,
    "mrr_at_1000": 0.40115,
    "mrr_at_20": 0.39822,
    "mrr_at_3": 0.36124,
    "mrr_at_5": 0.37886,
    "ndcg_at_1": 0.27845,
    "ndcg_at_10": 0.44153,
    "ndcg_at_100": 0.48291,
    "ndcg_at_1000": 0.49443,
    "ndcg_at_20": 0.46188,
    "ndcg_at_3": 0.37448,
    "ndcg_at_5": 0.40685,
    "precision_at_1": 0.27845,
    "precision_at_10": 0.06938,
    "precision_at_100": 0.00921,
    "precision_at_1000": 0.00103,
    "precision_at_20": 0.03936,
    "precision_at_3": 0.16158,
    "precision_at_5": 0.11452,
    "recall_at_1": 0.26056,
    "recall_at_10": 0.62627,
    "recall_at_100": 0.80759,
    "recall_at_1000": 0.89547,
    "recall_at_20": 0.70213,
    "recall_at_3": 0.44681,
    "recall_at_5": 0.52344
  }
}