{
  "dataset_revision": "5ad9931726ff26496453bdf21176f765d18fec49",
  "mteb_dataset_name": "WebFAQ",
  "mteb_version": "1.7.10",
  "test": {
    "evaluation_time": 234.2,
    "map_at_1": 0.5829,
    "map_at_10": 0.65828,
    "map_at_100": 0.66341,
    "map_at_1000": 0.66368,
    "map_at_20": 0.66151,
    "map_at_3": 0.64082,
    "map_at_5": 0.65102,
    "mrr_at_1": 0.5833,
    "mrr_at_10": 0.6586,
    "mrr_at_100": 0.66371,
    "mrr_at_1000": 0.66398,
    "mrr_at_20": 0.66182,
    "mrr_at_3": 0.64118,
    "mrr_at_5": 0.65131,
    "ndcg_at_1": 0.5829,
    "ndcg_at_10": 0.69497,
    "ndcg_at_100": 0.72031,
    "ndcg_at_1000": 0.72759,
    "ndcg_at_20": 0.70658,
    "ndcg_at_3": 0.65921,
    "ndcg_at_5": 0.6775,
    "precision_at_1": 0.5829,
    "precision_at_10": 0.08102,
    "precision_at_100": 0.0093,
    "precision_at_1000": 0.00099,
    "precision_at_20": 0.04279,
    "precision_at_3": 0.23743,
    "precision_at_5": 0.1513,
    "recall_at_1": 0.5829,
    "recall_at_10": 0.8102,
    "recall_at_100": 0.9299,
    "recall_at_1000": 0.9873,
    "recall_at_20": 0.8558,
    "recall_at_3": 0.7123,
    "recall_at_5": 0.7565
  }
}