{
  "dataset_revision": "5ad9931726ff26496453bdf21176f765d18fec49",
  "mteb_dataset_name": "WebFAQ",
  "mteb_version": "1.7.10",
  "test": {
    "evaluation_time": 1606.15,
    "map_at_1": 0.7437,
    "map_at_10": 0.81368,
    "map_at_100": 0.81613,
    "map_at_1000": 0.81616,
    "map_at_20": 0.81546,
    "map_at_3": 0.79937,
    "map_at_5": 0.80819,
    "mrr_at_1": 0.7438,
    "mrr_at_10": 0.81381,
    "mrr_at_100": 0.81624,
    "mrr_at_1000": 0.81627,
    "mrr_at_20": 0.81557,
    "mrr_at_3": 0.79953,
    "mrr_at_5": 0.80831,
    "ndcg_at_1": 0.7437,
    "ndcg_at_10": 0.84598,
    "ndcg_at_100": 0.85685,
    "ndcg_at_1000": 0.85752,
    "ndcg_at_20": 0.85234,
    "ndcg_at_3": 0.81696,
    "ndcg_at_5": 0.83282,
    "precision_at_1": 0.7437,
    "precision_at_10": 0.09465,
    "precision_at_100": 0.00995,
    "precision_at_1000": 0.001,
    "precision_at_20": 0.04857,
    "precision_at_3": 0.28923,
    "precision_at_5": 0.18122,
    "recall_at_1": 0.7437,
    "recall_at_10": 0.9465,
    "recall_at_100": 0.9951,
    "recall_at_1000": 1.0,
    "recall_at_20": 0.9714,
    "recall_at_3": 0.8677,
    "recall_at_5": 0.9061
  }
}