{
  "dataset_revision": "5ad9931726ff26496453bdf21176f765d18fec49",
  "mteb_dataset_name": "WebFAQ",
  "mteb_version": "1.7.10",
  "test": {
    "evaluation_time": 136.0,
    "map_at_1": 0.6852,
    "map_at_10": 0.75858,
    "map_at_100": 0.76192,
    "map_at_1000": 0.76204,
    "map_at_20": 0.76071,
    "map_at_3": 0.74353,
    "map_at_5": 0.75257,
    "mrr_at_1": 0.6851,
    "mrr_at_10": 0.75852,
    "mrr_at_100": 0.76186,
    "mrr_at_1000": 0.76198,
    "mrr_at_20": 0.76065,
    "mrr_at_3": 0.74348,
    "mrr_at_5": 0.75255,
    "ndcg_at_1": 0.6852,
    "ndcg_at_10": 0.79249,
    "ndcg_at_100": 0.80863,
    "ndcg_at_1000": 0.8117,
    "ndcg_at_20": 0.80016,
    "ndcg_at_3": 0.76194,
    "ndcg_at_5": 0.77819,
    "precision_at_1": 0.6852,
    "precision_at_10": 0.08981,
    "precision_at_100": 0.00973,
    "precision_at_1000": 0.001,
    "precision_at_20": 0.04641,
    "precision_at_3": 0.27167,
    "precision_at_5": 0.17088,
    "recall_at_1": 0.6852,
    "recall_at_10": 0.8981,
    "recall_at_100": 0.9733,
    "recall_at_1000": 0.997,
    "recall_at_20": 0.9282,
    "recall_at_3": 0.815,
    "recall_at_5": 0.8544
  }
}