{
  "dataset_revision": "5ad9931726ff26496453bdf21176f765d18fec49",
  "mteb_dataset_name": "WebFAQ",
  "mteb_version": "1.7.10",
  "test": {
    "evaluation_time": 237.62,
    "map_at_1": 0.6398,
    "map_at_10": 0.70785,
    "map_at_100": 0.71246,
    "map_at_1000": 0.71266,
    "map_at_20": 0.7108,
    "map_at_3": 0.69265,
    "map_at_5": 0.70171,
    "mrr_at_1": 0.6396,
    "mrr_at_10": 0.70772,
    "mrr_at_100": 0.7123,
    "mrr_at_1000": 0.71251,
    "mrr_at_20": 0.71066,
    "mrr_at_3": 0.69253,
    "mrr_at_5": 0.70159,
    "ndcg_at_1": 0.6398,
    "ndcg_at_10": 0.74071,
    "ndcg_at_100": 0.76333,
    "ndcg_at_1000": 0.7688,
    "ndcg_at_20": 0.75132,
    "ndcg_at_3": 0.70951,
    "ndcg_at_5": 0.72588,
    "precision_at_1": 0.6398,
    "precision_at_10": 0.08438,
    "precision_at_100": 0.0095,
    "precision_at_1000": 0.00099,
    "precision_at_20": 0.04428,
    "precision_at_3": 0.25273,
    "precision_at_5": 0.1596,
    "recall_at_1": 0.6398,
    "recall_at_10": 0.8438,
    "recall_at_100": 0.9502,
    "recall_at_1000": 0.9936,
    "recall_at_20": 0.8855,
    "recall_at_3": 0.7582,
    "recall_at_5": 0.798
  }
}