{
  "dataset_revision": "b4320165e039fec2ed05f4b1ba74e4e9376da070",
  "mteb_dataset_name": "WebFAQ",
  "mteb_version": "1.7.10",
  "test": {
    "evaluation_time": 227.76,
    "map_at_1": 0.5991,
    "map_at_10": 0.67379,
    "map_at_100": 0.67854,
    "map_at_1000": 0.67877,
    "map_at_20": 0.67676,
    "map_at_3": 0.65622,
    "map_at_5": 0.66652,
    "mrr_at_1": 0.5989,
    "mrr_at_10": 0.67372,
    "mrr_at_100": 0.67845,
    "mrr_at_1000": 0.67868,
    "mrr_at_20": 0.67668,
    "mrr_at_3": 0.65617,
    "mrr_at_5": 0.66644,
    "ndcg_at_1": 0.5991,
    "ndcg_at_10": 0.71057,
    "ndcg_at_100": 0.73414,
    "ndcg_at_1000": 0.74058,
    "ndcg_at_20": 0.72136,
    "ndcg_at_3": 0.6745,
    "ndcg_at_5": 0.69298,
    "precision_at_1": 0.5991,
    "precision_at_10": 0.08263,
    "precision_at_100": 0.00938,
    "precision_at_1000": 0.00099,
    "precision_at_20": 0.04345,
    "precision_at_3": 0.24243,
    "precision_at_5": 0.1544,
    "recall_at_1": 0.5991,
    "recall_at_10": 0.8263,
    "recall_at_100": 0.9377,
    "recall_at_1000": 0.989,
    "recall_at_20": 0.8689,
    "recall_at_3": 0.7273,
    "recall_at_5": 0.772
  }
}