{
  "dataset_revision": "b4320165e039fec2ed05f4b1ba74e4e9376da070",
  "mteb_dataset_name": "WebFAQ",
  "mteb_version": "1.7.10",
  "test": {
    "evaluation_time": 123.49,
    "map_at_1": 0.6983,
    "map_at_10": 0.76757,
    "map_at_100": 0.77106,
    "map_at_1000": 0.77118,
    "map_at_20": 0.76994,
    "map_at_3": 0.75355,
    "map_at_5": 0.76209,
    "mrr_at_1": 0.6982,
    "mrr_at_10": 0.7675,
    "mrr_at_100": 0.77098,
    "mrr_at_1000": 0.7711,
    "mrr_at_20": 0.76985,
    "mrr_at_3": 0.75347,
    "mrr_at_5": 0.76199,
    "ndcg_at_1": 0.6983,
    "ndcg_at_10": 0.7997,
    "ndcg_at_100": 0.81606,
    "ndcg_at_1000": 0.81904,
    "ndcg_at_20": 0.8081,
    "ndcg_at_3": 0.77128,
    "ndcg_at_5": 0.78664,
    "precision_at_1": 0.6983,
    "precision_at_10": 0.08996,
    "precision_at_100": 0.00975,
    "precision_at_1000": 0.001,
    "precision_at_20": 0.04662,
    "precision_at_3": 0.27417,
    "precision_at_5": 0.17194,
    "recall_at_1": 0.6983,
    "recall_at_10": 0.8996,
    "recall_at_100": 0.975,
    "recall_at_1000": 0.998,
    "recall_at_20": 0.9324,
    "recall_at_3": 0.8225,
    "recall_at_5": 0.8597
  }
}