{
  "dataset_revision": "b4320165e039fec2ed05f4b1ba74e4e9376da070",
  "mteb_dataset_name": "WebFAQ",
  "mteb_version": "1.7.10",
  "test": {
    "evaluation_time": 296.68,
    "map_at_1": 0.7587,
    "map_at_10": 0.82465,
    "map_at_100": 0.82706,
    "map_at_1000": 0.82709,
    "map_at_20": 0.82635,
    "map_at_3": 0.81152,
    "map_at_5": 0.81997,
    "mrr_at_1": 0.7587,
    "mrr_at_10": 0.82455,
    "mrr_at_100": 0.82696,
    "mrr_at_1000": 0.827,
    "mrr_at_20": 0.82625,
    "mrr_at_3": 0.81142,
    "mrr_at_5": 0.81985,
    "ndcg_at_1": 0.7587,
    "ndcg_at_10": 0.85447,
    "ndcg_at_100": 0.86515,
    "ndcg_at_1000": 0.86589,
    "ndcg_at_20": 0.86048,
    "ndcg_at_3": 0.82805,
    "ndcg_at_5": 0.84331,
    "precision_at_1": 0.7587,
    "precision_at_10": 0.09469,
    "precision_at_100": 0.00995,
    "precision_at_1000": 0.001,
    "precision_at_20": 0.04852,
    "precision_at_3": 0.2919,
    "precision_at_5": 0.18256,
    "recall_at_1": 0.7587,
    "recall_at_10": 0.9469,
    "recall_at_100": 0.9945,
    "recall_at_1000": 1.0,
    "recall_at_20": 0.9703,
    "recall_at_3": 0.8757,
    "recall_at_5": 0.9128
  }
}