{
  "dataset_revision": "b4320165e039fec2ed05f4b1ba74e4e9376da070",
  "mteb_dataset_name": "WebFAQ",
  "mteb_version": "1.7.10",
  "test": {
    "evaluation_time": 185.23,
    "map_at_1": 0.6651,
    "map_at_10": 0.73022,
    "map_at_100": 0.73466,
    "map_at_1000": 0.73483,
    "map_at_20": 0.73311,
    "map_at_3": 0.71582,
    "map_at_5": 0.72427,
    "mrr_at_1": 0.665,
    "mrr_at_10": 0.73013,
    "mrr_at_100": 0.73457,
    "mrr_at_1000": 0.73474,
    "mrr_at_20": 0.73304,
    "mrr_at_3": 0.71565,
    "mrr_at_5": 0.72418,
    "ndcg_at_1": 0.6651,
    "ndcg_at_10": 0.76159,
    "ndcg_at_100": 0.7834,
    "ndcg_at_1000": 0.78773,
    "ndcg_at_20": 0.7721,
    "ndcg_at_3": 0.73199,
    "ndcg_at_5": 0.74717,
    "precision_at_1": 0.6651,
    "precision_at_10": 0.086,
    "precision_at_100": 0.00963,
    "precision_at_1000": 0.001,
    "precision_at_20": 0.04508,
    "precision_at_3": 0.25957,
    "precision_at_5": 0.16308,
    "recall_at_1": 0.6651,
    "recall_at_10": 0.86,
    "recall_at_100": 0.9626,
    "recall_at_1000": 0.9964,
    "recall_at_20": 0.9015,
    "recall_at_3": 0.7787,
    "recall_at_5": 0.8154
  }
}