{
  "dataset_revision": "b4320165e039fec2ed05f4b1ba74e4e9376da070",
  "mteb_dataset_name": "WebFAQ",
  "mteb_version": "1.7.10",
  "test": {
    "evaluation_time": 179.55,
    "map_at_1": 0.5332,
    "map_at_10": 0.59907,
    "map_at_100": 0.60441,
    "map_at_1000": 0.60478,
    "map_at_20": 0.60227,
    "map_at_3": 0.58338,
    "map_at_5": 0.5923,
    "mrr_at_1": 0.5331,
    "mrr_at_10": 0.599,
    "mrr_at_100": 0.60434,
    "mrr_at_1000": 0.60471,
    "mrr_at_20": 0.60219,
    "mrr_at_3": 0.5833,
    "mrr_at_5": 0.5922,
    "ndcg_at_1": 0.5332,
    "ndcg_at_10": 0.63159,
    "ndcg_at_100": 0.65873,
    "ndcg_at_1000": 0.66943,
    "ndcg_at_20": 0.6431,
    "ndcg_at_3": 0.59925,
    "ndcg_at_5": 0.61538,
    "precision_at_1": 0.5332,
    "precision_at_10": 0.0734,
    "precision_at_100": 0.00864,
    "precision_at_1000": 0.00095,
    "precision_at_20": 0.03896,
    "precision_at_3": 0.215,
    "precision_at_5": 0.13686,
    "recall_at_1": 0.5332,
    "recall_at_10": 0.734,
    "recall_at_100": 0.8638,
    "recall_at_1000": 0.9501,
    "recall_at_20": 0.7792,
    "recall_at_3": 0.645,
    "recall_at_5": 0.6843
  }
}