{
  "dataset_revision": "5ad9931726ff26496453bdf21176f765d18fec49",
  "mteb_dataset_name": "WebFAQ",
  "mteb_version": "1.7.10",
  "test": {
    "evaluation_time": 303.57,
    "map_at_1": 0.5115,
    "map_at_10": 0.57701,
    "map_at_100": 0.58237,
    "map_at_1000": 0.58274,
    "map_at_20": 0.58024,
    "map_at_3": 0.56118,
    "map_at_5": 0.57046,
    "mrr_at_1": 0.5112,
    "mrr_at_10": 0.57685,
    "mrr_at_100": 0.58222,
    "mrr_at_1000": 0.58259,
    "mrr_at_20": 0.58009,
    "mrr_at_3": 0.56105,
    "mrr_at_5": 0.57032,
    "ndcg_at_1": 0.5115,
    "ndcg_at_10": 0.60977,
    "ndcg_at_100": 0.63717,
    "ndcg_at_1000": 0.64804,
    "ndcg_at_20": 0.62153,
    "ndcg_at_3": 0.57715,
    "ndcg_at_5": 0.59385,
    "precision_at_1": 0.5115,
    "precision_at_10": 0.07131,
    "precision_at_100": 0.00844,
    "precision_at_1000": 0.00093,
    "precision_at_20": 0.03798,
    "precision_at_3": 0.20777,
    "precision_at_5": 0.13276,
    "recall_at_1": 0.5115,
    "recall_at_10": 0.7131,
    "recall_at_100": 0.8444,
    "recall_at_1000": 0.9322,
    "recall_at_20": 0.7596,
    "recall_at_3": 0.6233,
    "recall_at_5": 0.6638
  }
}