{
  "dataset_revision": "95c8db7d4a6e9c1d8a60601afd63d553ae20a2eb",
  "dev": {
    "evaluation_time": 597.47,
    "map_at_1": 0.24961,
    "map_at_10": 0.43564,
    "map_at_100": 0.46707,
    "map_at_1000": 0.46771,
    "map_at_20": 0.45324,
    "map_at_3": 0.36276,
    "map_at_5": 0.40256,
    "mrr_at_1": 0.51803,
    "mrr_at_10": 0.60958,
    "mrr_at_100": 0.617,
    "mrr_at_1000": 0.61711,
    "mrr_at_20": 0.61436,
    "mrr_at_3": 0.58033,
    "mrr_at_5": 0.59689,
    "ndcg_at_1": 0.51803,
    "ndcg_at_10": 0.53307,
    "ndcg_at_100": 0.62688,
    "ndcg_at_1000": 0.63314,
    "ndcg_at_20": 0.57405,
    "ndcg_at_3": 0.46525,
    "ndcg_at_5": 0.48525,
    "precision_at_1": 0.51803,
    "precision_at_10": 0.15967,
    "precision_at_100": 0.02538,
    "precision_at_1000": 0.00263,
    "precision_at_20": 0.09574,
    "precision_at_3": 0.32568,
    "precision_at_5": 0.24852,
    "recall_at_1": 0.24961,
    "recall_at_10": 0.62905,
    "recall_at_100": 0.95803,
    "recall_at_1000": 0.9929,
    "recall_at_20": 0.7538,
    "recall_at_3": 0.41278,
    "recall_at_5": 0.50493
  },
  "mteb_dataset_name": "MIRACLRetrievalHardNegatives",
  "mteb_version": "1.7.10"
}