{
  "dataset_revision": "95c8db7d4a6e9c1d8a60601afd63d553ae20a2eb",
  "dev": {
    "evaluation_time": 168.33,
    "map_at_1": 0.21319,
    "map_at_10": 0.41139,
    "map_at_100": 0.44314,
    "map_at_1000": 0.44381,
    "map_at_20": 0.42887,
    "map_at_3": 0.33907,
    "map_at_5": 0.37679,
    "mrr_at_1": 0.47213,
    "mrr_at_10": 0.57927,
    "mrr_at_100": 0.58892,
    "mrr_at_1000": 0.58899,
    "mrr_at_20": 0.58647,
    "mrr_at_3": 0.5541,
    "mrr_at_5": 0.56918,
    "ndcg_at_1": 0.47213,
    "ndcg_at_10": 0.5121,
    "ndcg_at_100": 0.6083,
    "ndcg_at_1000": 0.61459,
    "ndcg_at_20": 0.55357,
    "ndcg_at_3": 0.4466,
    "ndcg_at_5": 0.46273,
    "precision_at_1": 0.47213,
    "precision_at_10": 0.15869,
    "precision_at_100": 0.02531,
    "precision_at_1000": 0.00264,
    "precision_at_20": 0.0959,
    "precision_at_3": 0.32459,
    "precision_at_5": 0.24525,
    "recall_at_1": 0.21319,
    "recall_at_10": 0.62249,
    "recall_at_100": 0.96118,
    "recall_at_1000": 0.99431,
    "recall_at_20": 0.74608,
    "recall_at_3": 0.40892,
    "recall_at_5": 0.49484
  },
  "mteb_dataset_name": "MIRACLRetrievalHardNegatives",
  "mteb_version": "1.7.10"
}