{
  "dataset_revision": "95c8db7d4a6e9c1d8a60601afd63d553ae20a2eb",
  "dev": {
    "evaluation_time": 91.57,
    "map_at_1": 0.22207,
    "map_at_10": 0.40469,
    "map_at_100": 0.43791,
    "map_at_1000": 0.4387,
    "map_at_20": 0.42382,
    "map_at_3": 0.3328,
    "map_at_5": 0.37198,
    "mrr_at_1": 0.48852,
    "mrr_at_10": 0.59784,
    "mrr_at_100": 0.60631,
    "mrr_at_1000": 0.60639,
    "mrr_at_20": 0.60407,
    "mrr_at_3": 0.57377,
    "mrr_at_5": 0.58951,
    "ndcg_at_1": 0.48852,
    "ndcg_at_10": 0.50804,
    "ndcg_at_100": 0.60662,
    "ndcg_at_1000": 0.61454,
    "ndcg_at_20": 0.55258,
    "ndcg_at_3": 0.44284,
    "ndcg_at_5": 0.46246,
    "precision_at_1": 0.48852,
    "precision_at_10": 0.15213,
    "precision_at_100": 0.02508,
    "precision_at_1000": 0.00263,
    "precision_at_20": 0.09459,
    "precision_at_3": 0.3082,
    "precision_at_5": 0.23607,
    "recall_at_1": 0.22207,
    "recall_at_10": 0.60869,
    "recall_at_100": 0.95132,
    "recall_at_1000": 0.99384,
    "recall_at_20": 0.7392,
    "recall_at_3": 0.40283,
    "recall_at_5": 0.49291
  },
  "mteb_dataset_name": "MIRACLRetrievalHardNegatives",
  "mteb_version": "1.7.10"
}