{
  "dataset_revision": "95c8db7d4a6e9c1d8a60601afd63d553ae20a2eb",
  "dev": {
    "evaluation_time": 121.14,
    "map_at_1": 0.12524,
    "map_at_10": 0.25932,
    "map_at_100": 0.29216,
    "map_at_1000": 0.29342,
    "map_at_20": 0.27515,
    "map_at_3": 0.20196,
    "map_at_5": 0.23312,
    "mrr_at_1": 0.28525,
    "mrr_at_10": 0.41854,
    "mrr_at_100": 0.42977,
    "mrr_at_1000": 0.42998,
    "mrr_at_20": 0.42628,
    "mrr_at_3": 0.38251,
    "mrr_at_5": 0.40514,
    "ndcg_at_1": 0.28525,
    "ndcg_at_10": 0.35831,
    "ndcg_at_100": 0.4741,
    "ndcg_at_1000": 0.48931,
    "ndcg_at_20": 0.40021,
    "ndcg_at_3": 0.28614,
    "ndcg_at_5": 0.31427,
    "precision_at_1": 0.28525,
    "precision_at_10": 0.11934,
    "precision_at_100": 0.0237,
    "precision_at_1000": 0.00261,
    "precision_at_20": 0.07705,
    "precision_at_3": 0.21421,
    "precision_at_5": 0.17574,
    "recall_at_1": 0.12524,
    "recall_at_10": 0.47558,
    "recall_at_100": 0.90068,
    "recall_at_1000": 0.98689,
    "recall_at_20": 0.59944,
    "recall_at_3": 0.2689,
    "recall_at_5": 0.36152
  },
  "mteb_dataset_name": "MIRACLRetrievalHardNegatives",
  "mteb_version": "1.7.10"
}