{
  "dataset_revision": "95c8db7d4a6e9c1d8a60601afd63d553ae20a2eb",
  "dev": {
    "evaluation_time": 123.81,
    "map_at_1": 0.10285,
    "map_at_10": 0.22831,
    "map_at_100": 0.25868,
    "map_at_1000": 0.2603,
    "map_at_20": 0.243,
    "map_at_3": 0.16539,
    "map_at_5": 0.19593,
    "mrr_at_1": 0.23607,
    "mrr_at_10": 0.36899,
    "mrr_at_100": 0.37958,
    "mrr_at_1000": 0.37987,
    "mrr_at_20": 0.37454,
    "mrr_at_3": 0.32732,
    "mrr_at_5": 0.35126,
    "ndcg_at_1": 0.23607,
    "ndcg_at_10": 0.32774,
    "ndcg_at_100": 0.43554,
    "ndcg_at_1000": 0.45604,
    "ndcg_at_20": 0.36408,
    "ndcg_at_3": 0.23846,
    "ndcg_at_5": 0.26954,
    "precision_at_1": 0.23607,
    "precision_at_10": 0.11639,
    "precision_at_100": 0.02269,
    "precision_at_1000": 0.00258,
    "precision_at_20": 0.07328,
    "precision_at_3": 0.18251,
    "precision_at_5": 0.15344,
    "recall_at_1": 0.10285,
    "recall_at_10": 0.46227,
    "recall_at_100": 0.85478,
    "recall_at_1000": 0.9752,
    "recall_at_20": 0.56738,
    "recall_at_3": 0.22633,
    "recall_at_5": 0.31898
  },
  "mteb_dataset_name": "MIRACLRetrievalHardNegatives",
  "mteb_version": "1.7.10"
}