{
  "dataset_revision": "5ad9931726ff26496453bdf21176f765d18fec49",
  "mteb_dataset_name": "WebFAQ",
  "mteb_version": "1.7.10",
  "test": {
    "evaluation_time": 1232.93,
    "map_at_1": 0.5525,
    "map_at_10": 0.6261,
    "map_at_100": 0.6318,
    "map_at_1000": 0.63213,
    "map_at_20": 0.62938,
    "map_at_3": 0.60843,
    "map_at_5": 0.61857,
    "mrr_at_1": 0.5525,
    "mrr_at_10": 0.62606,
    "mrr_at_100": 0.63175,
    "mrr_at_1000": 0.63208,
    "mrr_at_20": 0.62935,
    "mrr_at_3": 0.60842,
    "mrr_at_5": 0.61853,
    "ndcg_at_1": 0.5525,
    "ndcg_at_10": 0.66281,
    "ndcg_at_100": 0.69197,
    "ndcg_at_1000": 0.70046,
    "ndcg_at_20": 0.67472,
    "ndcg_at_3": 0.62645,
    "ndcg_at_5": 0.64472,
    "precision_at_1": 0.5525,
    "precision_at_10": 0.07785,
    "precision_at_100": 0.00918,
    "precision_at_1000": 0.00098,
    "precision_at_20": 0.04128,
    "precision_at_3": 0.22617,
    "precision_at_5": 0.14458,
    "recall_at_1": 0.5525,
    "recall_at_10": 0.7785,
    "recall_at_100": 0.918,
    "recall_at_1000": 0.9844,
    "recall_at_20": 0.8255,
    "recall_at_3": 0.6785,
    "recall_at_5": 0.7229
  }
}