{
  "dataset_revision": "b4320165e039fec2ed05f4b1ba74e4e9376da070",
  "mteb_dataset_name": "WebFAQ",
  "mteb_version": "1.7.10",
  "test": {
    "evaluation_time": 1416.53,
    "map_at_1": 0.4557,
    "map_at_10": 0.53903,
    "map_at_100": 0.54517,
    "map_at_1000": 0.54555,
    "map_at_20": 0.54263,
    "map_at_3": 0.51842,
    "map_at_5": 0.53028,
    "mrr_at_1": 0.4555,
    "mrr_at_10": 0.5389,
    "mrr_at_100": 0.54504,
    "mrr_at_1000": 0.54543,
    "mrr_at_20": 0.54251,
    "mrr_at_3": 0.51827,
    "mrr_at_5": 0.53015,
    "ndcg_at_1": 0.4557,
    "ndcg_at_10": 0.58083,
    "ndcg_at_100": 0.61233,
    "ndcg_at_1000": 0.62322,
    "ndcg_at_20": 0.59396,
    "ndcg_at_3": 0.53845,
    "ndcg_at_5": 0.55981,
    "precision_at_1": 0.4557,
    "precision_at_10": 0.07127,
    "precision_at_100": 0.00864,
    "precision_at_1000": 0.00095,
    "precision_at_20": 0.03824,
    "precision_at_3": 0.19877,
    "precision_at_5": 0.12962,
    "recall_at_1": 0.4557,
    "recall_at_10": 0.7127,
    "recall_at_100": 0.8638,
    "recall_at_1000": 0.951,
    "recall_at_20": 0.7647,
    "recall_at_3": 0.5963,
    "recall_at_5": 0.6481
  }
}