{
  "dataset_revision": "b4320165e039fec2ed05f4b1ba74e4e9376da070",
  "mteb_dataset_name": "WebFAQ",
  "mteb_version": "1.7.10",
  "test": {
    "evaluation_time": 836.17,
    "map_at_1": 0.5888,
    "map_at_10": 0.6697,
    "map_at_100": 0.6744,
    "map_at_1000": 0.67462,
    "map_at_20": 0.67255,
    "map_at_3": 0.6514,
    "map_at_5": 0.66217,
    "mrr_at_1": 0.5886,
    "mrr_at_10": 0.66961,
    "mrr_at_100": 0.67429,
    "mrr_at_1000": 0.67452,
    "mrr_at_20": 0.67244,
    "mrr_at_3": 0.65128,
    "mrr_at_5": 0.66208,
    "ndcg_at_1": 0.5888,
    "ndcg_at_10": 0.70876,
    "ndcg_at_100": 0.73209,
    "ndcg_at_1000": 0.73801,
    "ndcg_at_20": 0.71903,
    "ndcg_at_3": 0.67136,
    "ndcg_at_5": 0.69071,
    "precision_at_1": 0.5888,
    "precision_at_10": 0.08312,
    "precision_at_100": 0.00941,
    "precision_at_1000": 0.00099,
    "precision_at_20": 0.04358,
    "precision_at_3": 0.243,
    "precision_at_5": 0.15516,
    "recall_at_1": 0.5888,
    "recall_at_10": 0.8312,
    "recall_at_100": 0.9414,
    "recall_at_1000": 0.9878,
    "recall_at_20": 0.8716,
    "recall_at_3": 0.729,
    "recall_at_5": 0.7758
  }
}