{
  "dataset_revision": "5ad9931726ff26496453bdf21176f765d18fec49",
  "mteb_dataset_name": "WebFAQ",
  "mteb_version": "1.7.10",
  "test": {
    "evaluation_time": 8590.34,
    "map_at_1": 0.6228,
    "map_at_10": 0.70362,
    "map_at_100": 0.70854,
    "map_at_1000": 0.70869,
    "map_at_20": 0.70686,
    "map_at_3": 0.685,
    "map_at_5": 0.69655,
    "mrr_at_1": 0.6231,
    "mrr_at_10": 0.70377,
    "mrr_at_100": 0.70869,
    "mrr_at_1000": 0.70883,
    "mrr_at_20": 0.70701,
    "mrr_at_3": 0.68515,
    "mrr_at_5": 0.6967,
    "ndcg_at_1": 0.6228,
    "ndcg_at_10": 0.74246,
    "ndcg_at_100": 0.76605,
    "ndcg_at_1000": 0.76941,
    "ndcg_at_20": 0.7542,
    "ndcg_at_3": 0.70467,
    "ndcg_at_5": 0.72548,
    "precision_at_1": 0.6228,
    "precision_at_10": 0.08641,
    "precision_at_100": 0.00974,
    "precision_at_1000": 0.001,
    "precision_at_20": 0.04552,
    "precision_at_3": 0.2538,
    "precision_at_5": 0.16238,
    "recall_at_1": 0.6228,
    "recall_at_10": 0.8641,
    "recall_at_100": 0.9736,
    "recall_at_1000": 0.9992,
    "recall_at_20": 0.9104,
    "recall_at_3": 0.7614,
    "recall_at_5": 0.8119
  }
}