{
  "dataset_revision": "b4320165e039fec2ed05f4b1ba74e4e9376da070",
  "mteb_dataset_name": "WebFAQ",
  "mteb_version": "1.7.10",
  "test": {
    "evaluation_time": 1052.66,
    "map_at_1": 0.5595,
    "map_at_10": 0.63352,
    "map_at_100": 0.63907,
    "map_at_1000": 0.63939,
    "map_at_20": 0.63681,
    "map_at_3": 0.61638,
    "map_at_5": 0.62641,
    "mrr_at_1": 0.5594,
    "mrr_at_10": 0.63349,
    "mrr_at_100": 0.63903,
    "mrr_at_1000": 0.63935,
    "mrr_at_20": 0.63676,
    "mrr_at_3": 0.61637,
    "mrr_at_5": 0.62638,
    "ndcg_at_1": 0.5595,
    "ndcg_at_10": 0.66965,
    "ndcg_at_100": 0.69794,
    "ndcg_at_1000": 0.70643,
    "ndcg_at_20": 0.68149,
    "ndcg_at_3": 0.63433,
    "ndcg_at_5": 0.65243,
    "precision_at_1": 0.5595,
    "precision_at_10": 0.07833,
    "precision_at_100": 0.00919,
    "precision_at_1000": 0.00099,
    "precision_at_20": 0.0415,
    "precision_at_3": 0.2287,
    "precision_at_5": 0.14602,
    "recall_at_1": 0.5595,
    "recall_at_10": 0.7833,
    "recall_at_100": 0.9187,
    "recall_at_1000": 0.9856,
    "recall_at_20": 0.8299,
    "recall_at_3": 0.6861,
    "recall_at_5": 0.7301
  }
}