{
  "dataset_revision": "5ad9931726ff26496453bdf21176f765d18fec49",
  "mteb_dataset_name": "WebFAQ",
  "mteb_version": "1.7.10",
  "test": {
    "evaluation_time": 897.47,
    "map_at_1": 0.5804,
    "map_at_10": 0.66121,
    "map_at_100": 0.66604,
    "map_at_1000": 0.66625,
    "map_at_20": 0.66415,
    "map_at_3": 0.64205,
    "map_at_5": 0.65344,
    "mrr_at_1": 0.5807,
    "mrr_at_10": 0.66138,
    "mrr_at_100": 0.66621,
    "mrr_at_1000": 0.66642,
    "mrr_at_20": 0.66433,
    "mrr_at_3": 0.6422,
    "mrr_at_5": 0.65361,
    "ndcg_at_1": 0.5804,
    "ndcg_at_10": 0.70095,
    "ndcg_at_100": 0.72512,
    "ndcg_at_1000": 0.73083,
    "ndcg_at_20": 0.71157,
    "ndcg_at_3": 0.66181,
    "ndcg_at_5": 0.68227,
    "precision_at_1": 0.5804,
    "precision_at_10": 0.08259,
    "precision_at_100": 0.0094,
    "precision_at_1000": 0.00099,
    "precision_at_20": 0.04339,
    "precision_at_3": 0.23963,
    "precision_at_5": 0.15368,
    "recall_at_1": 0.5804,
    "recall_at_10": 0.8259,
    "recall_at_100": 0.9404,
    "recall_at_1000": 0.9856,
    "recall_at_20": 0.8677,
    "recall_at_3": 0.7189,
    "recall_at_5": 0.7684
  }
}