{
  "dataset_revision": "5ad9931726ff26496453bdf21176f765d18fec49",
  "mteb_dataset_name": "WebFAQ",
  "mteb_version": "1.7.10",
  "test": {
    "evaluation_time": 1576.7,
    "map_at_1": 0.4554,
    "map_at_10": 0.53502,
    "map_at_100": 0.54141,
    "map_at_1000": 0.5418,
    "map_at_20": 0.5388,
    "map_at_3": 0.51337,
    "map_at_5": 0.52653,
    "mrr_at_1": 0.4556,
    "mrr_at_10": 0.5351,
    "mrr_at_100": 0.54148,
    "mrr_at_1000": 0.54188,
    "mrr_at_20": 0.53888,
    "mrr_at_3": 0.51345,
    "mrr_at_5": 0.52659,
    "ndcg_at_1": 0.4554,
    "ndcg_at_10": 0.57603,
    "ndcg_at_100": 0.60867,
    "ndcg_at_1000": 0.61994,
    "ndcg_at_20": 0.58966,
    "ndcg_at_3": 0.5319,
    "ndcg_at_5": 0.55554,
    "precision_at_1": 0.4554,
    "precision_at_10": 0.07058,
    "precision_at_100": 0.00862,
    "precision_at_1000": 0.00095,
    "precision_at_20": 0.03797,
    "precision_at_3": 0.19513,
    "precision_at_5": 0.12852,
    "recall_at_1": 0.4554,
    "recall_at_10": 0.7058,
    "recall_at_100": 0.8622,
    "recall_at_1000": 0.9528,
    "recall_at_20": 0.7594,
    "recall_at_3": 0.5854,
    "recall_at_5": 0.6426
  }
}