{
  "dataset_revision": "5ad9931726ff26496453bdf21176f765d18fec49",
  "mteb_dataset_name": "WebFAQ",
  "mteb_version": "1.7.10",
  "test": {
    "evaluation_time": 1202.78,
    "map_at_1": 0.4299,
    "map_at_10": 0.49673,
    "map_at_100": 0.5028,
    "map_at_1000": 0.50326,
    "map_at_20": 0.50015,
    "map_at_3": 0.47853,
    "map_at_5": 0.48929,
    "mrr_at_1": 0.4301,
    "mrr_at_10": 0.49684,
    "mrr_at_100": 0.5029,
    "mrr_at_1000": 0.50336,
    "mrr_at_20": 0.50027,
    "mrr_at_3": 0.47865,
    "mrr_at_5": 0.4894,
    "ndcg_at_1": 0.4299,
    "ndcg_at_10": 0.5311,
    "ndcg_at_100": 0.56275,
    "ndcg_at_1000": 0.57661,
    "ndcg_at_20": 0.54348,
    "ndcg_at_3": 0.49401,
    "ndcg_at_5": 0.51336,
    "precision_at_1": 0.4299,
    "precision_at_10": 0.06398,
    "precision_at_100": 0.00793,
    "precision_at_1000": 0.00091,
    "precision_at_20": 0.03443,
    "precision_at_3": 0.17957,
    "precision_at_5": 0.11712,
    "recall_at_1": 0.4299,
    "recall_at_10": 0.6398,
    "recall_at_100": 0.7928,
    "recall_at_1000": 0.9056,
    "recall_at_20": 0.6886,
    "recall_at_3": 0.5387,
    "recall_at_5": 0.5856
  }
}