{
  "dataset_revision": "b4320165e039fec2ed05f4b1ba74e4e9376da070",
  "mteb_dataset_name": "WebFAQ",
  "mteb_version": "1.7.10",
  "test": {
    "evaluation_time": 11331.48,
    "map_at_1": 0.6312,
    "map_at_10": 0.70895,
    "map_at_100": 0.71367,
    "map_at_1000": 0.71381,
    "map_at_20": 0.71189,
    "map_at_3": 0.69092,
    "map_at_5": 0.70194,
    "mrr_at_1": 0.6311,
    "mrr_at_10": 0.7089,
    "mrr_at_100": 0.71361,
    "mrr_at_1000": 0.71376,
    "mrr_at_20": 0.71185,
    "mrr_at_3": 0.69085,
    "mrr_at_5": 0.70189,
    "ndcg_at_1": 0.6312,
    "ndcg_at_10": 0.74676,
    "ndcg_at_100": 0.76976,
    "ndcg_at_1000": 0.7732,
    "ndcg_at_20": 0.75738,
    "ndcg_at_3": 0.71007,
    "ndcg_at_5": 0.72993,
    "precision_at_1": 0.6312,
    "precision_at_10": 0.08653,
    "precision_at_100": 0.00973,
    "precision_at_1000": 0.001,
    "precision_at_20": 0.04536,
    "precision_at_3": 0.25513,
    "precision_at_5": 0.16272,
    "recall_at_1": 0.6312,
    "recall_at_10": 0.8653,
    "recall_at_100": 0.9727,
    "recall_at_1000": 0.9992,
    "recall_at_20": 0.9071,
    "recall_at_3": 0.7654,
    "recall_at_5": 0.8136
  }
}