{
  "dataset_revision": "b4320165e039fec2ed05f4b1ba74e4e9376da070",
  "mteb_dataset_name": "WebFAQ",
  "mteb_version": "1.7.10",
  "test": {
    "evaluation_time": 1075.65,
    "map_at_1": 0.441,
    "map_at_10": 0.50822,
    "map_at_100": 0.51408,
    "map_at_1000": 0.51453,
    "map_at_20": 0.51157,
    "map_at_3": 0.4917,
    "map_at_5": 0.50125,
    "mrr_at_1": 0.4408,
    "mrr_at_10": 0.50808,
    "mrr_at_100": 0.51392,
    "mrr_at_1000": 0.51437,
    "mrr_at_20": 0.51141,
    "mrr_at_3": 0.4915,
    "mrr_at_5": 0.5011,
    "ndcg_at_1": 0.441,
    "ndcg_at_10": 0.54227,
    "ndcg_at_100": 0.57283,
    "ndcg_at_1000": 0.5862,
    "ndcg_at_20": 0.55441,
    "ndcg_at_3": 0.5081,
    "ndcg_at_5": 0.52533,
    "precision_at_1": 0.441,
    "precision_at_10": 0.06499,
    "precision_at_100": 0.00798,
    "precision_at_1000": 0.00091,
    "precision_at_20": 0.03489,
    "precision_at_3": 0.18517,
    "precision_at_5": 0.11948,
    "recall_at_1": 0.441,
    "recall_at_10": 0.6499,
    "recall_at_100": 0.7975,
    "recall_at_1000": 0.9062,
    "recall_at_20": 0.6978,
    "recall_at_3": 0.5555,
    "recall_at_5": 0.5974
  }
}